id,audit_id,page_url,issue_type,severity,details_json,start_url,started_at,completed_at
328dc8570a5eb807320d408cf04629cbea86,bd1f9c86-0dae-4c17-9b4f-a87627a9b009,https://gpcdevelopment.ca/,missing-h1,warning,,https://gpcdevelopment.ca/,2026-08-26 16:48:20,2026-08-26T16:50:59.623Z
891f2c4e5d242df4f3b913091679504478a0,bd1f9c86-0dae-4c17-9b4f-a87627a9b009,https://gpcdevelopment.ca/,thin-content,warning,"{""wordCount"":0}",https://gpcdevelopment.ca/,2026-08-26 16:48:20,2026-08-26T16:50:59.623Z
ee82cdc6dbdaff09c352075273fe64995f07,bd1f9c86-0dae-4c17-9b4f-a87627a9b009,https://gpcdevelopment.ca/,no-outgoing-links,warning,,https://gpcdevelopment.ca/,2026-08-26 16:48:20,2026-08-26T16:50:59.623Z
583d9338623d39e4c24900f94b580c2aec9f,bd1f9c86-0dae-4c17-9b4f-a87627a9b009,https://gpcdevelopment.ca/projects/moonlight-sonata,missing-h1,warning,,https://gpcdevelopment.ca/,2026-08-26 16:48:20,2026-08-26T16:50:59.623Z
e410aa52dc2b30607b06cddfb43e4409c5be,bd1f9c86-0dae-4c17-9b4f-a87627a9b009,https://gpcdevelopment.ca/projects/moonlight-sonata,thin-content,warning,"{""wordCount"":0}",https://gpcdevelopment.ca/,2026-08-26 16:48:20,2026-08-26T16:50:59.623Z
4e3595739fc4a3bed7073303219da88a0f1d,bd1f9c86-0dae-4c17-9b4f-a87627a9b009,https://gpcdevelopment.ca/projects/moonlight-sonata,no-outgoing-links,warning,,https://gpcdevelopment.ca/,2026-08-26 16:48:20,2026-08-26T16:50:59.623Z
94f3319b0e2adb98489f1cde1f22e5cf489b,bd1f9c86-0dae-4c17-9b4f-a87627a9b009,https://gpcdevelopment.ca/approach,slow-response,info,"{""responseTimeMs"":1852}",https://gpcdevelopment.ca/,2026-08-26 16:48:20,2026-08-26T16:50:59.623Z
7bd7b4ff896b2708d82bbc126e91d909a7ba,bd1f9c86-0dae-4c17-9b4f-a87627a9b009,https://gpcdevelopment.ca/approach,missing-h1,warning,,https://gpcdevelopment.ca/,2026-08-26 16:48:20,2026-08-26T16:50:59.623Z
6e569e688aa4e1acb3cc086e71094917f3b1,bd1f9c86-0dae-4c17-9b4f-a87627a9b009,https://gpcdevelopment.ca/approach,thin-content,warning,"{""wordCount"":0}",https://gpcdevelopment.ca/,2026-08-26 16:48:20,2026-08-26T16:50:59.623Z
a970b82977504f8f685640d7e9348ca0db87,bd1f9c86-0dae-4c17-9b4f-a87627a9b009,https://gpcdevelopment.ca/approach,no-outgoing-links,warning,,https://gpcdevelopment.ca/,2026-08-26 16:48:20,2026-08-26T16:50:59.623Z
1b6bc13dc9ea1c78552a230f1cf49150b7df,bd1f9c86-0dae-4c17-9b4f-a87627a9b009,https://gpcdevelopment.ca/projects/inova,slow-response,info,"{""responseTimeMs"":1860}",https://gpcdevelopment.ca/,2026-08-26 16:48:20,2026-08-26T16:50:59.623Z
c24400523b449814f087646eccb16252c916,bd1f9c86-0dae-4c17-9b4f-a87627a9b009,https://gpcdevelopment.ca/projects/inova,missing-h1,warning,,https://gpcdevelopment.ca/,2026-08-26 16:48:20,2026-08-26T16:50:59.623Z
f1d17097d1de89377b33b808ebe4ebabe15a,bd1f9c86-0dae-4c17-9b4f-a87627a9b009,https://gpcdevelopment.ca/projects/inova,thin-content,warning,"{""wordCount"":0}",https://gpcdevelopment.ca/,2026-08-26 16:48:20,2026-08-26T16:50:59.623Z
7e242417bad0f7a563c076bec1baf8f91ca7,bd1f9c86-0dae-4c17-9b4f-a87627a9b009,https://gpcdevelopment.ca/projects/inova,no-outgoing-links,warning,,https://gpcdevelopment.ca/,2026-08-26 16:48:20,2026-08-26T16:50:59.623Z
d1e7ff1749fb4f777d9cfde0c80657238940,bd1f9c86-0dae-4c17-9b4f-a87627a9b009,https://gpcdevelopment.ca/contact,slow-response,info,"{""responseTimeMs"":1861}",https://gpcdevelopment.ca/,2026-08-26 16:48:20,2026-08-26T16:50:59.623Z
2af87093aa087a62cfdbd2e18d843e0c8c88,bd1f9c86-0dae-4c17-9b4f-a87627a9b009,https://gpcdevelopment.ca/contact,missing-h1,warning,,https://gpcdevelopment.ca/,2026-08-26 16:48:20,2026-08-26T16:50:59.623Z
0d2e175435b63b1c9489d7193c6c8139d960,bd1f9c86-0dae-4c17-9b4f-a87627a9b009,https://gpcdevelopment.ca/contact,thin-content,warning,"{""wordCount"":0}",https://gpcdevelopment.ca/,2026-08-26 16:48:20,2026-08-26T16:50:59.623Z
5edcb9e120f91b54890e1ff5feb1625b9fa1,bd1f9c86-0dae-4c17-9b4f-a87627a9b009,https://gpcdevelopment.ca/contact,no-outgoing-links,warning,,https://gpcdevelopment.ca/,2026-08-26 16:48:20,2026-08-26T16:50:59.623Z
9f8dfc08cda0a61b6f1cd932905aaa07fc2f,bd1f9c86-0dae-4c17-9b4f-a87627a9b009,https://gpcdevelopment.ca/projects,slow-response,info,"{""responseTimeMs"":2702}",https://gpcdevelopment.ca/,2026-08-26 16:48:20,2026-08-26T16:50:59.623Z
e8a9ea3264540226b3f9b4d768eb85087f15,bd1f9c86-0dae-4c17-9b4f-a87627a9b009,https://gpcdevelopment.ca/projects,missing-h1,warning,,https://gpcdevelopment.ca/,2026-08-26 16:48:20,2026-08-26T16:50:59.623Z
a7d9347de82a808fe1675284bb55ae436b85,bd1f9c86-0dae-4c17-9b4f-a87627a9b009,https://gpcdevelopment.ca/projects,thin-content,warning,"{""wordCount"":0}",https://gpcdevelopment.ca/,2026-08-26 16:48:20,2026-08-26T16:50:59.623Z
9151b3fbefcfd6df48f0f0173d9282ec0a68,bd1f9c86-0dae-4c17-9b4f-a87627a9b009,https://gpcdevelopment.ca/projects,no-outgoing-links,warning,,https://gpcdevelopment.ca/,2026-08-26 16:48:20,2026-08-26T16:50:59.623Z
03bfc8ad02adda3f7c5212709deec7c54896,bd1f9c86-0dae-4c17-9b4f-a87627a9b009,https://gpcdevelopment.ca/about/tak-ho,slow-response,info,"{""responseTimeMs"":2702}",https://gpcdevelopment.ca/,2026-08-26 16:48:20,2026-08-26T16:50:59.623Z
0bc7e955621ae218e502a62dd2848776effd,bd1f9c86-0dae-4c17-9b4f-a87627a9b009,https://gpcdevelopment.ca/about/tak-ho,missing-h1,warning,,https://gpcdevelopment.ca/,2026-08-26 16:48:20,2026-08-26T16:50:59.623Z
7addadcde13325deaad23fcc591e2beb0294,bd1f9c86-0dae-4c17-9b4f-a87627a9b009,https://gpcdevelopment.ca/about/tak-ho,thin-content,warning,"{""wordCount"":0}",https://gpcdevelopment.ca/,2026-08-26 16:48:20,2026-08-26T16:50:59.623Z
b684f1bb78c27789723571e48b05118abdb6,bd1f9c86-0dae-4c17-9b4f-a87627a9b009,https://gpcdevelopment.ca/about/tak-ho,no-outgoing-links,warning,,https://gpcdevelopment.ca/,2026-08-26 16:48:20,2026-08-26T16:50:59.623Z
84c6eea18d349cd068f8fe24347a30ab7c46,bd1f9c86-0dae-4c17-9b4f-a87627a9b009,https://gpcdevelopment.ca/projects/axir,slow-response,info,"{""responseTimeMs"":2701}",https://gpcdevelopment.ca/,2026-08-26 16:48:20,2026-08-26T16:50:59.623Z
1dc372fa234de975e78d39dcc1bf909ad396,bd1f9c86-0dae-4c17-9b4f-a87627a9b009,https://gpcdevelopment.ca/projects/axir,missing-h1,warning,,https://gpcdevelopment.ca/,2026-08-26 16:48:20,2026-08-26T16:50:59.623Z
6d3121d4058c371ec4a9474cd45b86b67080,bd1f9c86-0dae-4c17-9b4f-a87627a9b009,https://gpcdevelopment.ca/projects/axir,thin-content,warning,"{""wordCount"":0}",https://gpcdevelopment.ca/,2026-08-26 16:48:20,2026-08-26T16:50:59.623Z
72bbd19539467cee92d9096ac63c9b00271c,bd1f9c86-0dae-4c17-9b4f-a87627a9b009,https://gpcdevelopment.ca/projects/axir,no-outgoing-links,warning,,https://gpcdevelopment.ca/,2026-08-26 16:48:20,2026-08-26T16:50:59.623Z
7a98bdda25a0b57726bb4c218992fc6f9df5,bd1f9c86-0dae-4c17-9b4f-a87627a9b009,https://gpcdevelopment.ca/about/zulliy-alnahas,slow-response,info,"{""responseTimeMs"":2702}",https://gpcdevelopment.ca/,2026-08-26 16:48:20,2026-08-26T16:50:59.623Z
872fac111722bc127caf43bb4632c8c18e3d,bd1f9c86-0dae-4c17-9b4f-a87627a9b009,https://gpcdevelopment.ca/about/zulliy-alnahas,missing-h1,warning,,https://gpcdevelopment.ca/,2026-08-26 16:48:20,2026-08-26T16:50:59.623Z
8fb06bcd761e91343115e4656bd92b01b619,bd1f9c86-0dae-4c17-9b4f-a87627a9b009,https://gpcdevelopment.ca/about/zulliy-alnahas,thin-content,warning,"{""wordCount"":0}",https://gpcdevelopment.ca/,2026-08-26 16:48:20,2026-08-26T16:50:59.623Z
8f5bced046aa3379e6eedce234d3c024bda8,bd1f9c86-0dae-4c17-9b4f-a87627a9b009,https://gpcdevelopment.ca/about/zulliy-alnahas,no-outgoing-links,warning,,https://gpcdevelopment.ca/,2026-08-26 16:48:20,2026-08-26T16:50:59.623Z
fc8803db2c7fca6acac70cd96bde0e76de75,bd1f9c86-0dae-4c17-9b4f-a87627a9b009,https://gpcdevelopment.ca/services,slow-response,info,"{""responseTimeMs"":2702}",https://gpcdevelopment.ca/,2026-08-26 16:48:20,2026-08-26T16:50:59.623Z
4a88fdfc9c4b4528f21b37bc67cfd4d604ed,bd1f9c86-0dae-4c17-9b4f-a87627a9b009,https://gpcdevelopment.ca/services,missing-h1,warning,,https://gpcdevelopment.ca/,2026-08-26 16:48:20,2026-08-26T16:50:59.623Z
7154942a4396db023183b2bda6522db79d9e,bd1f9c86-0dae-4c17-9b4f-a87627a9b009,https://gpcdevelopment.ca/services,thin-content,warning,"{""wordCount"":0}",https://gpcdevelopment.ca/,2026-08-26 16:48:20,2026-08-26T16:50:59.623Z
dc25ee676acac70741ad9d09b6a59299e22f,bd1f9c86-0dae-4c17-9b4f-a87627a9b009,https://gpcdevelopment.ca/services,no-outgoing-links,warning,,https://gpcdevelopment.ca/,2026-08-26 16:48:20,2026-08-26T16:50:59.623Z
ec5e01c998db1dd1269ee122e54854b2e820,bd1f9c86-0dae-4c17-9b4f-a87627a9b009,https://gpcdevelopment.ca/projects/the-lauren,missing-h1,warning,,https://gpcdevelopment.ca/,2026-08-26 16:48:20,2026-08-26T16:50:59.623Z
ecc1a79b44bd7491453ecf196d19e3cd711f,bd1f9c86-0dae-4c17-9b4f-a87627a9b009,https://gpcdevelopment.ca/projects/the-lauren,thin-content,warning,"{""wordCount"":0}",https://gpcdevelopment.ca/,2026-08-26 16:48:20,2026-08-26T16:50:59.623Z
f1831849c2574521ac73b20db28f6af5d151,bd1f9c86-0dae-4c17-9b4f-a87627a9b009,https://gpcdevelopment.ca/projects/the-lauren,no-outgoing-links,warning,,https://gpcdevelopment.ca/,2026-08-26 16:48:20,2026-08-26T16:50:59.623Z
a49a214d8757eb1f7c622fccdf97ab68ef62,bd1f9c86-0dae-4c17-9b4f-a87627a9b009,https://gpcdevelopment.ca/projects/ablone-road,missing-h1,warning,,https://gpcdevelopment.ca/,2026-08-26 16:48:20,2026-08-26T16:50:59.623Z
f0b90ba6c79be5ee5b5aea8857329053f465,bd1f9c86-0dae-4c17-9b4f-a87627a9b009,https://gpcdevelopment.ca/projects/ablone-road,thin-content,warning,"{""wordCount"":0}",https://gpcdevelopment.ca/,2026-08-26 16:48:20,2026-08-26T16:50:59.623Z
acdf9db4dfcd2113ce11165d0287b7e4428d,bd1f9c86-0dae-4c17-9b4f-a87627a9b009,https://gpcdevelopment.ca/projects/ablone-road,no-outgoing-links,warning,,https://gpcdevelopment.ca/,2026-08-26 16:48:20,2026-08-26T16:50:59.623Z
94e1e82ca3377f1208a4e3c3b6d41a0378a6,bd1f9c86-0dae-4c17-9b4f-a87627a9b009,https://gpcdevelopment.ca/projects/lizzybay,missing-h1,warning,,https://gpcdevelopment.ca/,2026-08-26 16:48:20,2026-08-26T16:50:59.623Z
b2dd91149a0e35bcc6c67bd2d610b8e16a0d,bd1f9c86-0dae-4c17-9b4f-a87627a9b009,https://gpcdevelopment.ca/projects/lizzybay,thin-content,warning,"{""wordCount"":0}",https://gpcdevelopment.ca/,2026-08-26 16:48:20,2026-08-26T16:50:59.623Z
defd3da9b90343a563795ab0e14a359f42b0,bd1f9c86-0dae-4c17-9b4f-a87627a9b009,https://gpcdevelopment.ca/projects/lizzybay,no-outgoing-links,warning,,https://gpcdevelopment.ca/,2026-08-26 16:48:20,2026-08-26T16:50:59.623Z
ee69b2f93abcb24ae81e20e31d76d52a19fc,bd1f9c86-0dae-4c17-9b4f-a87627a9b009,https://gpcdevelopment.ca/projects/barrington-road,missing-h1,warning,,https://gpcdevelopment.ca/,2026-08-26 16:48:20,2026-08-26T16:50:59.623Z
a09026af509b19f566f61f3c2a999f253a5e,bd1f9c86-0dae-4c17-9b4f-a87627a9b009,https://gpcdevelopment.ca/projects/barrington-road,thin-content,warning,"{""wordCount"":0}",https://gpcdevelopment.ca/,2026-08-26 16:48:20,2026-08-26T16:50:59.623Z
ced06eafa9380c750ea99b3b7ef68613f112,bd1f9c86-0dae-4c17-9b4f-a87627a9b009,https://gpcdevelopment.ca/projects/barrington-road,no-outgoing-links,warning,,https://gpcdevelopment.ca/,2026-08-26 16:48:20,2026-08-26T16:50:59.623Z
bd60c8e833c2cbd359f43ea2e1d85a7d7adc,bd1f9c86-0dae-4c17-9b4f-a87627a9b009,https://gpcdevelopment.ca/about,slow-response,info,"{""responseTimeMs"":2702}",https://gpcdevelopment.ca/,2026-08-26 16:48:20,2026-08-26T16:50:59.623Z
393ce3791edef8c8bbe7e581c8c2cb001c20,bd1f9c86-0dae-4c17-9b4f-a87627a9b009,https://gpcdevelopment.ca/about,missing-h1,warning,,https://gpcdevelopment.ca/,2026-08-26 16:48:20,2026-08-26T16:50:59.623Z
dddc13ad450ad0f09d2fc8ed8efc13151cc4,bd1f9c86-0dae-4c17-9b4f-a87627a9b009,https://gpcdevelopment.ca/about,thin-content,warning,"{""wordCount"":0}",https://gpcdevelopment.ca/,2026-08-26 16:48:20,2026-08-26T16:50:59.623Z
69ca12a18b49a429da2cba41d9d03f49139f,bd1f9c86-0dae-4c17-9b4f-a87627a9b009,https://gpcdevelopment.ca/about,no-outgoing-links,warning,,https://gpcdevelopment.ca/,2026-08-26 16:48:20,2026-08-26T16:50:59.623Z
77f39b4d270477763ddf0ba48f9a48447ae6,bd1f9c86-0dae-4c17-9b4f-a87627a9b009,https://gpcdevelopment.ca/projects/spanish-banks,missing-h1,warning,,https://gpcdevelopment.ca/,2026-08-26 16:48:20,2026-08-26T16:50:59.623Z
dbe48f61f5cf32a143c6c6810896503ea720,bd1f9c86-0dae-4c17-9b4f-a87627a9b009,https://gpcdevelopment.ca/projects/spanish-banks,thin-content,warning,"{""wordCount"":0}",https://gpcdevelopment.ca/,2026-08-26 16:48:20,2026-08-26T16:50:59.623Z
608849b02407fef74f924c30f419bdd38bbe,bd1f9c86-0dae-4c17-9b4f-a87627a9b009,https://gpcdevelopment.ca/projects/spanish-banks,no-outgoing-links,warning,,https://gpcdevelopment.ca/,2026-08-26 16:48:20,2026-08-26T16:50:59.623Z
d9de3aee9d4b390535c2482beb935769aeb3,bd1f9c86-0dae-4c17-9b4f-a87627a9b009,https://gpcdevelopment.ca/projects/buddhist-student-residence,missing-h1,warning,,https://gpcdevelopment.ca/,2026-08-26 16:48:20,2026-08-26T16:50:59.623Z
fcc3dc5c4e675232b080335a738d6b803815,bd1f9c86-0dae-4c17-9b4f-a87627a9b009,https://gpcdevelopment.ca/projects/buddhist-student-residence,thin-content,warning,"{""wordCount"":0}",https://gpcdevelopment.ca/,2026-08-26 16:48:20,2026-08-26T16:50:59.623Z
28a3a77cc5bbe6afac50ce35b6f60f6d8412,bd1f9c86-0dae-4c17-9b4f-a87627a9b009,https://gpcdevelopment.ca/projects/buddhist-student-residence,no-outgoing-links,warning,,https://gpcdevelopment.ca/,2026-08-26 16:48:20,2026-08-26T16:50:59.623Z
869b717c3df21925230aab26948639137438,bd1f9c86-0dae-4c17-9b4f-a87627a9b009,https://gpcdevelopment.ca/projects/516-w-61st-ave,missing-h1,warning,,https://gpcdevelopment.ca/,2026-08-26 16:48:20,2026-08-26T16:50:59.623Z
67f01f3ab7e492a24b3f9da384ee0ba39ec6,bd1f9c86-0dae-4c17-9b4f-a87627a9b009,https://gpcdevelopment.ca/projects/516-w-61st-ave,thin-content,warning,"{""wordCount"":0}",https://gpcdevelopment.ca/,2026-08-26 16:48:20,2026-08-26T16:50:59.623Z
581144565f8f502e28edf194daf2f1b6a8ed,bd1f9c86-0dae-4c17-9b4f-a87627a9b009,https://gpcdevelopment.ca/projects/516-w-61st-ave,no-outgoing-links,warning,,https://gpcdevelopment.ca/,2026-08-26 16:48:20,2026-08-26T16:50:59.623Z
4a15e1810a76da7e74d71763134a5abeadca,bd1f9c86-0dae-4c17-9b4f-a87627a9b009,https://gpcdevelopment.ca/projects/westbourne,missing-h1,warning,,https://gpcdevelopment.ca/,2026-08-26 16:48:20,2026-08-26T16:50:59.623Z
378d435982baf237b1da2d613df685cb044e,bd1f9c86-0dae-4c17-9b4f-a87627a9b009,https://gpcdevelopment.ca/projects/westbourne,thin-content,warning,"{""wordCount"":0}",https://gpcdevelopment.ca/,2026-08-26 16:48:20,2026-08-26T16:50:59.623Z
2edcfc92667824d62c7ff7cd0eb244c34f6e,bd1f9c86-0dae-4c17-9b4f-a87627a9b009,https://gpcdevelopment.ca/projects/westbourne,no-outgoing-links,warning,,https://gpcdevelopment.ca/,2026-08-26 16:48:20,2026-08-26T16:50:59.623Z
711e5aa433f9a1b1ee6730a9aa3cf3bb586a,bd1f9c86-0dae-4c17-9b4f-a87627a9b009,https://gpcdevelopment.ca/projects/mackenzie-heights,missing-h1,warning,,https://gpcdevelopment.ca/,2026-08-26 16:48:20,2026-08-26T16:50:59.623Z
edc05693e05c48761da1e22daa2ce5897446,bd1f9c86-0dae-4c17-9b4f-a87627a9b009,https://gpcdevelopment.ca/projects/mackenzie-heights,thin-content,warning,"{""wordCount"":0}",https://gpcdevelopment.ca/,2026-08-26 16:48:20,2026-08-26T16:50:59.623Z
953e36bc44111ddee7f2abdceb18f977b098,bd1f9c86-0dae-4c17-9b4f-a87627a9b009,https://gpcdevelopment.ca/projects/mackenzie-heights,no-outgoing-links,warning,,https://gpcdevelopment.ca/,2026-08-26 16:48:20,2026-08-26T16:50:59.623Z
3ee96547fba8c1e071589c009dd56fcad107,bd1f9c86-0dae-4c17-9b4f-a87627a9b009,https://gpcdevelopment.ca/projects/frances,missing-h1,warning,,https://gpcdevelopment.ca/,2026-08-26 16:48:20,2026-08-26T16:50:59.623Z
20e4913110931caa7bf23c5ea88732f963e5,bd1f9c86-0dae-4c17-9b4f-a87627a9b009,https://gpcdevelopment.ca/projects/frances,thin-content,warning,"{""wordCount"":0}",https://gpcdevelopment.ca/,2026-08-26 16:48:20,2026-08-26T16:50:59.623Z
a7d35c38d6d5166ef4d7bd6a1c66e91fa247,bd1f9c86-0dae-4c17-9b4f-a87627a9b009,https://gpcdevelopment.ca/projects/frances,no-outgoing-links,warning,,https://gpcdevelopment.ca/,2026-08-26 16:48:20,2026-08-26T16:50:59.623Z
57e6bc2f568caf7fe3be9ef036dbfa711650,bd1f9c86-0dae-4c17-9b4f-a87627a9b009,https://gpcdevelopment.ca/,duplicate-title,warning,"{""groupSize"":21,""otherUrls"":[""https://gpcdevelopment.ca/about"",""https://gpcdevelopment.ca/about/tak-ho"",""https://gpcdevelopment.ca/about/zulliy-alnahas""]}",https://gpcdevelopment.ca/,2026-08-26 16:48:20,2026-08-26T16:50:59.623Z
8f1e7a03b494d9c8a76af0e54a29bbef0220,bd1f9c86-0dae-4c17-9b4f-a87627a9b009,https://gpcdevelopment.ca/about,duplicate-title,warning,"{""groupSize"":21,""otherUrls"":[""https://gpcdevelopment.ca/"",""https://gpcdevelopment.ca/about/tak-ho"",""https://gpcdevelopment.ca/about/zulliy-alnahas""]}",https://gpcdevelopment.ca/,2026-08-26 16:48:20,2026-08-26T16:50:59.623Z
e2a51d5beedc11f4aa011a519af00a00a275,bd1f9c86-0dae-4c17-9b4f-a87627a9b009,https://gpcdevelopment.ca/about/tak-ho,duplicate-title,warning,"{""groupSize"":21,""otherUrls"":[""https://gpcdevelopment.ca/"",""https://gpcdevelopment.ca/about"",""https://gpcdevelopment.ca/about/zulliy-alnahas""]}",https://gpcdevelopment.ca/,2026-08-26 16:48:20,2026-08-26T16:50:59.623Z
c1429a632c02e9644e4bf8da71abfea43213,bd1f9c86-0dae-4c17-9b4f-a87627a9b009,https://gpcdevelopment.ca/about/zulliy-alnahas,duplicate-title,warning,"{""groupSize"":21,""otherUrls"":[""https://gpcdevelopment.ca/"",""https://gpcdevelopment.ca/about"",""https://gpcdevelopment.ca/about/tak-ho""]}",https://gpcdevelopment.ca/,2026-08-26 16:48:20,2026-08-26T16:50:59.623Z
8b69700a4223b8d7cb31d634a440e1cb82eb,bd1f9c86-0dae-4c17-9b4f-a87627a9b009,https://gpcdevelopment.ca/approach,duplicate-title,warning,"{""groupSize"":21,""otherUrls"":[""https://gpcdevelopment.ca/"",""https://gpcdevelopment.ca/about"",""https://gpcdevelopment.ca/about/tak-ho""]}",https://gpcdevelopment.ca/,2026-08-26 16:48:20,2026-08-26T16:50:59.623Z
230d9197c0ff735665a0c81cf0dc6daefee4,bd1f9c86-0dae-4c17-9b4f-a87627a9b009,https://gpcdevelopment.ca/contact,duplicate-title,warning,"{""groupSize"":21,""otherUrls"":[""https://gpcdevelopment.ca/"",""https://gpcdevelopment.ca/about"",""https://gpcdevelopment.ca/about/tak-ho""]}",https://gpcdevelopment.ca/,2026-08-26 16:48:20,2026-08-26T16:50:59.623Z
0e7999c9f75da6395642fd750fcb074efcdf,bd1f9c86-0dae-4c17-9b4f-a87627a9b009,https://gpcdevelopment.ca/projects,duplicate-title,warning,"{""groupSize"":21,""otherUrls"":[""https://gpcdevelopment.ca/"",""https://gpcdevelopment.ca/about"",""https://gpcdevelopment.ca/about/tak-ho""]}",https://gpcdevelopment.ca/,2026-08-26 16:48:20,2026-08-26T16:50:59.623Z
70a17cade21fb4ce40badd837d2667e4641d,bd1f9c86-0dae-4c17-9b4f-a87627a9b009,https://gpcdevelopment.ca/projects/516-w-61st-ave,duplicate-title,warning,"{""groupSize"":21,""otherUrls"":[""https://gpcdevelopment.ca/"",""https://gpcdevelopment.ca/about"",""https://gpcdevelopment.ca/about/tak-ho""]}",https://gpcdevelopment.ca/,2026-08-26 16:48:20,2026-08-26T16:50:59.623Z
0d3f1d504c87033ffeb0521841f6035bf0cc,bd1f9c86-0dae-4c17-9b4f-a87627a9b009,https://gpcdevelopment.ca/projects/ablone-road,duplicate-title,warning,"{""groupSize"":21,""otherUrls"":[""https://gpcdevelopment.ca/"",""https://gpcdevelopment.ca/about"",""https://gpcdevelopment.ca/about/tak-ho""]}",https://gpcdevelopment.ca/,2026-08-26 16:48:20,2026-08-26T16:50:59.623Z
d88f9853bfe0879685b02cf1d0a7fe16f294,bd1f9c86-0dae-4c17-9b4f-a87627a9b009,https://gpcdevelopment.ca/projects/axir,duplicate-title,warning,"{""groupSize"":21,""otherUrls"":[""https://gpcdevelopment.ca/"",""https://gpcdevelopment.ca/about"",""https://gpcdevelopment.ca/about/tak-ho""]}",https://gpcdevelopment.ca/,2026-08-26 16:48:20,2026-08-26T16:50:59.623Z
6ba69b5757d8b05b7358592a454cf8ea313b,bd1f9c86-0dae-4c17-9b4f-a87627a9b009,https://gpcdevelopment.ca/projects/barrington-road,duplicate-title,warning,"{""groupSize"":21,""otherUrls"":[""https://gpcdevelopment.ca/"",""https://gpcdevelopment.ca/about"",""https://gpcdevelopment.ca/about/tak-ho""]}",https://gpcdevelopment.ca/,2026-08-26 16:48:20,2026-08-26T16:50:59.623Z
39081540534da23c18334a9a9c534deb5830,bd1f9c86-0dae-4c17-9b4f-a87627a9b009,https://gpcdevelopment.ca/projects/buddhist-student-residence,duplicate-title,warning,"{""groupSize"":21,""otherUrls"":[""https://gpcdevelopment.ca/"",""https://gpcdevelopment.ca/about"",""https://gpcdevelopment.ca/about/tak-ho""]}",https://gpcdevelopment.ca/,2026-08-26 16:48:20,2026-08-26T16:50:59.623Z
18f2c331227cbe9695fac75a5924965cb8a0,bd1f9c86-0dae-4c17-9b4f-a87627a9b009,https://gpcdevelopment.ca/projects/frances,duplicate-title,warning,"{""groupSize"":21,""otherUrls"":[""https://gpcdevelopment.ca/"",""https://gpcdevelopment.ca/about"",""https://gpcdevelopment.ca/about/tak-ho""]}",https://gpcdevelopment.ca/,2026-08-26 16:48:20,2026-08-26T16:50:59.623Z
7504cb1c870111dcf4f6e6a472f09bab02ee,bd1f9c86-0dae-4c17-9b4f-a87627a9b009,https://gpcdevelopment.ca/projects/inova,duplicate-title,warning,"{""groupSize"":21,""otherUrls"":[""https://gpcdevelopment.ca/"",""https://gpcdevelopment.ca/about"",""https://gpcdevelopment.ca/about/tak-ho""]}",https://gpcdevelopment.ca/,2026-08-26 16:48:20,2026-08-26T16:50:59.623Z
209e7ae007b0e678957d4b8d59aff817c597,bd1f9c86-0dae-4c17-9b4f-a87627a9b009,https://gpcdevelopment.ca/projects/lizzybay,duplicate-title,warning,"{""groupSize"":21,""otherUrls"":[""https://gpcdevelopment.ca/"",""https://gpcdevelopment.ca/about"",""https://gpcdevelopment.ca/about/tak-ho""]}",https://gpcdevelopment.ca/,2026-08-26 16:48:20,2026-08-26T16:50:59.623Z
9a86a3d3495012bd70d6486033a8f39fcddc,bd1f9c86-0dae-4c17-9b4f-a87627a9b009,https://gpcdevelopment.ca/projects/mackenzie-heights,duplicate-title,warning,"{""groupSize"":21,""otherUrls"":[""https://gpcdevelopment.ca/"",""https://gpcdevelopment.ca/about"",""https://gpcdevelopment.ca/about/tak-ho""]}",https://gpcdevelopment.ca/,2026-08-26 16:48:20,2026-08-26T16:50:59.623Z
ebfa415b9ea2b8efb48c1dc0d554cfb91042,bd1f9c86-0dae-4c17-9b4f-a87627a9b009,https://gpcdevelopment.ca/projects/moonlight-sonata,duplicate-title,warning,"{""groupSize"":21,""otherUrls"":[""https://gpcdevelopment.ca/"",""https://gpcdevelopment.ca/about"",""https://gpcdevelopment.ca/about/tak-ho""]}",https://gpcdevelopment.ca/,2026-08-26 16:48:20,2026-08-26T16:50:59.623Z
fd2d60ccd152a94d4b61e0b063a3dc45a138,bd1f9c86-0dae-4c17-9b4f-a87627a9b009,https://gpcdevelopment.ca/projects/spanish-banks,duplicate-title,warning,"{""groupSize"":21,""otherUrls"":[""https://gpcdevelopment.ca/"",""https://gpcdevelopment.ca/about"",""https://gpcdevelopment.ca/about/tak-ho""]}",https://gpcdevelopment.ca/,2026-08-26 16:48:20,2026-08-26T16:50:59.623Z
030715cb12ffbb27057e9618a225b330f9e2,bd1f9c86-0dae-4c17-9b4f-a87627a9b009,https://gpcdevelopment.ca/projects/the-lauren,duplicate-title,warning,"{""groupSize"":21,""otherUrls"":[""https://gpcdevelopment.ca/"",""https://gpcdevelopment.ca/about"",""https://gpcdevelopment.ca/about/tak-ho""]}",https://gpcdevelopment.ca/,2026-08-26 16:48:20,2026-08-26T16:50:59.623Z
41e64c30b33aa5452fe2fe217f31f4dc3bf1,bd1f9c86-0dae-4c17-9b4f-a87627a9b009,https://gpcdevelopment.ca/projects/westbourne,duplicate-title,warning,"{""groupSize"":21,""otherUrls"":[""https://gpcdevelopment.ca/"",""https://gpcdevelopment.ca/about"",""https://gpcdevelopment.ca/about/tak-ho""]}",https://gpcdevelopment.ca/,2026-08-26 16:48:20,2026-08-26T16:50:59.623Z
6d69a491198e04dd08d7e351686f34f90e09,bd1f9c86-0dae-4c17-9b4f-a87627a9b009,https://gpcdevelopment.ca/services,duplicate-title,warning,"{""groupSize"":21,""otherUrls"":[""https://gpcdevelopment.ca/"",""https://gpcdevelopment.ca/about"",""https://gpcdevelopment.ca/about/tak-ho""]}",https://gpcdevelopment.ca/,2026-08-26 16:48:20,2026-08-26T16:50:59.623Z
ef15c5560b3174f9b559b3dea730746a86ac,bd1f9c86-0dae-4c17-9b4f-a87627a9b009,https://gpcdevelopment.ca/,duplicate-meta-description,warning,"{""groupSize"":21,""otherUrls"":[""https://gpcdevelopment.ca/about"",""https://gpcdevelopment.ca/about/tak-ho"",""https://gpcdevelopment.ca/about/zulliy-alnahas""]}",https://gpcdevelopment.ca/,2026-08-26 16:48:20,2026-08-26T16:50:59.623Z
4ec553299b8eea1296c930921f69146c3912,bd1f9c86-0dae-4c17-9b4f-a87627a9b009,https://gpcdevelopment.ca/about,duplicate-meta-description,warning,"{""groupSize"":21,""otherUrls"":[""https://gpcdevelopment.ca/"",""https://gpcdevelopment.ca/about/tak-ho"",""https://gpcdevelopment.ca/about/zulliy-alnahas""]}",https://gpcdevelopment.ca/,2026-08-26 16:48:20,2026-08-26T16:50:59.623Z
6247021ec597595dee693c737417a3b547fc,bd1f9c86-0dae-4c17-9b4f-a87627a9b009,https://gpcdevelopment.ca/about/tak-ho,duplicate-meta-description,warning,"{""groupSize"":21,""otherUrls"":[""https://gpcdevelopment.ca/"",""https://gpcdevelopment.ca/about"",""https://gpcdevelopment.ca/about/zulliy-alnahas""]}",https://gpcdevelopment.ca/,2026-08-26 16:48:20,2026-08-26T16:50:59.623Z
55333fc69ee285b1ae0a86d25c3b0c867409,bd1f9c86-0dae-4c17-9b4f-a87627a9b009,https://gpcdevelopment.ca/about/zulliy-alnahas,duplicate-meta-description,warning,"{""groupSize"":21,""otherUrls"":[""https://gpcdevelopment.ca/"",""https://gpcdevelopment.ca/about"",""https://gpcdevelopment.ca/about/tak-ho""]}",https://gpcdevelopment.ca/,2026-08-26 16:48:20,2026-08-26T16:50:59.623Z
02f29e1910cf591ce980bc0dc4ce04dd6f0d,bd1f9c86-0dae-4c17-9b4f-a87627a9b009,https://gpcdevelopment.ca/approach,duplicate-meta-description,warning,"{""groupSize"":21,""otherUrls"":[""https://gpcdevelopment.ca/"",""https://gpcdevelopment.ca/about"",""https://gpcdevelopment.ca/about/tak-ho""]}",https://gpcdevelopment.ca/,2026-08-26 16:48:20,2026-08-26T16:50:59.623Z
dd272d2e89c396610d247a26615ab19adca0,bd1f9c86-0dae-4c17-9b4f-a87627a9b009,https://gpcdevelopment.ca/contact,duplicate-meta-description,warning,"{""groupSize"":21,""otherUrls"":[""https://gpcdevelopment.ca/"",""https://gpcdevelopment.ca/about"",""https://gpcdevelopment.ca/about/tak-ho""]}",https://gpcdevelopment.ca/,2026-08-26 16:48:20,2026-08-26T16:50:59.623Z
023de4890603d14795eabe223770113babd9,bd1f9c86-0dae-4c17-9b4f-a87627a9b009,https://gpcdevelopment.ca/projects,duplicate-meta-description,warning,"{""groupSize"":21,""otherUrls"":[""https://gpcdevelopment.ca/"",""https://gpcdevelopment.ca/about"",""https://gpcdevelopment.ca/about/tak-ho""]}",https://gpcdevelopment.ca/,2026-08-26 16:48:20,2026-08-26T16:50:59.623Z
27b713ffaaf208c3d076d713770ba8666489,bd1f9c86-0dae-4c17-9b4f-a87627a9b009,https://gpcdevelopment.ca/projects/516-w-61st-ave,duplicate-meta-description,warning,"{""groupSize"":21,""otherUrls"":[""https://gpcdevelopment.ca/"",""https://gpcdevelopment.ca/about"",""https://gpcdevelopment.ca/about/tak-ho""]}",https://gpcdevelopment.ca/,2026-08-26 16:48:20,2026-08-26T16:50:59.623Z
86c7ab2a944f50a0bc442244cb6fb19479e5,bd1f9c86-0dae-4c17-9b4f-a87627a9b009,https://gpcdevelopment.ca/projects/ablone-road,duplicate-meta-description,warning,"{""groupSize"":21,""otherUrls"":[""https://gpcdevelopment.ca/"",""https://gpcdevelopment.ca/about"",""https://gpcdevelopment.ca/about/tak-ho""]}",https://gpcdevelopment.ca/,2026-08-26 16:48:20,2026-08-26T16:50:59.623Z
28766882bf1e5e69f1ecd5f013111ffe1eb5,bd1f9c86-0dae-4c17-9b4f-a87627a9b009,https://gpcdevelopment.ca/projects/axir,duplicate-meta-description,warning,"{""groupSize"":21,""otherUrls"":[""https://gpcdevelopment.ca/"",""https://gpcdevelopment.ca/about"",""https://gpcdevelopment.ca/about/tak-ho""]}",https://gpcdevelopment.ca/,2026-08-26 16:48:20,2026-08-26T16:50:59.623Z
dc938f0e29c4ac201431e440666f51b23311,bd1f9c86-0dae-4c17-9b4f-a87627a9b009,https://gpcdevelopment.ca/projects/barrington-road,duplicate-meta-description,warning,"{""groupSize"":21,""otherUrls"":[""https://gpcdevelopment.ca/"",""https://gpcdevelopment.ca/about"",""https://gpcdevelopment.ca/about/tak-ho""]}",https://gpcdevelopment.ca/,2026-08-26 16:48:20,2026-08-26T16:50:59.623Z
b37966725014a34646ed8a850eb4a0bb40f9,bd1f9c86-0dae-4c17-9b4f-a87627a9b009,https://gpcdevelopment.ca/projects/buddhist-student-residence,duplicate-meta-description,warning,"{""groupSize"":21,""otherUrls"":[""https://gpcdevelopment.ca/"",""https://gpcdevelopment.ca/about"",""https://gpcdevelopment.ca/about/tak-ho""]}",https://gpcdevelopment.ca/,2026-08-26 16:48:20,2026-08-26T16:50:59.623Z
8ce683965a928b700ddc5aea79ed21055404,bd1f9c86-0dae-4c17-9b4f-a87627a9b009,https://gpcdevelopment.ca/projects/frances,duplicate-meta-description,warning,"{""groupSize"":21,""otherUrls"":[""https://gpcdevelopment.ca/"",""https://gpcdevelopment.ca/about"",""https://gpcdevelopment.ca/about/tak-ho""]}",https://gpcdevelopment.ca/,2026-08-26 16:48:20,2026-08-26T16:50:59.623Z
d6013b14f1f814fc3d8af0680d4a9f613403,bd1f9c86-0dae-4c17-9b4f-a87627a9b009,https://gpcdevelopment.ca/projects/inova,duplicate-meta-description,warning,"{""groupSize"":21,""otherUrls"":[""https://gpcdevelopment.ca/"",""https://gpcdevelopment.ca/about"",""https://gpcdevelopment.ca/about/tak-ho""]}",https://gpcdevelopment.ca/,2026-08-26 16:48:20,2026-08-26T16:50:59.623Z
c0c8ddd87e6aabfee8432b2e5b6f6b7ef34a,bd1f9c86-0dae-4c17-9b4f-a87627a9b009,https://gpcdevelopment.ca/projects/lizzybay,duplicate-meta-description,warning,"{""groupSize"":21,""otherUrls"":[""https://gpcdevelopment.ca/"",""https://gpcdevelopment.ca/about"",""https://gpcdevelopment.ca/about/tak-ho""]}",https://gpcdevelopment.ca/,2026-08-26 16:48:20,2026-08-26T16:50:59.623Z
4471f1f4505da2e23374f7292e3d861819d0,bd1f9c86-0dae-4c17-9b4f-a87627a9b009,https://gpcdevelopment.ca/projects/mackenzie-heights,duplicate-meta-description,warning,"{""groupSize"":21,""otherUrls"":[""https://gpcdevelopment.ca/"",""https://gpcdevelopment.ca/about"",""https://gpcdevelopment.ca/about/tak-ho""]}",https://gpcdevelopment.ca/,2026-08-26 16:48:20,2026-08-26T16:50:59.623Z
f485c8585134c36dafe67fe63a7ec6d85728,bd1f9c86-0dae-4c17-9b4f-a87627a9b009,https://gpcdevelopment.ca/projects/moonlight-sonata,duplicate-meta-description,warning,"{""groupSize"":21,""otherUrls"":[""https://gpcdevelopment.ca/"",""https://gpcdevelopment.ca/about"",""https://gpcdevelopment.ca/about/tak-ho""]}",https://gpcdevelopment.ca/,2026-08-26 16:48:20,2026-08-26T16:50:59.623Z
af064e20380f1695c2d438efe80a7f13e36c,bd1f9c86-0dae-4c17-9b4f-a87627a9b009,https://gpcdevelopment.ca/projects/spanish-banks,duplicate-meta-description,warning,"{""groupSize"":21,""otherUrls"":[""https://gpcdevelopment.ca/"",""https://gpcdevelopment.ca/about"",""https://gpcdevelopment.ca/about/tak-ho""]}",https://gpcdevelopment.ca/,2026-08-26 16:48:20,2026-08-26T16:50:59.623Z
13eb1d96618fd6a189a08aafbbba71b1015c,bd1f9c86-0dae-4c17-9b4f-a87627a9b009,https://gpcdevelopment.ca/projects/the-lauren,duplicate-meta-description,warning,"{""groupSize"":21,""otherUrls"":[""https://gpcdevelopment.ca/"",""https://gpcdevelopment.ca/about"",""https://gpcdevelopment.ca/about/tak-ho""]}",https://gpcdevelopment.ca/,2026-08-26 16:48:20,2026-08-26T16:50:59.623Z
f2a90bb071b549b9a43745fc41e451db3fd1,bd1f9c86-0dae-4c17-9b4f-a87627a9b009,https://gpcdevelopment.ca/projects/westbourne,duplicate-meta-description,warning,"{""groupSize"":21,""otherUrls"":[""https://gpcdevelopment.ca/"",""https://gpcdevelopment.ca/about"",""https://gpcdevelopment.ca/about/tak-ho""]}",https://gpcdevelopment.ca/,2026-08-26 16:48:20,2026-08-26T16:50:59.623Z
2a40bbff9031edf067d06e23e9b6558b0e06,bd1f9c86-0dae-4c17-9b4f-a87627a9b009,https://gpcdevelopment.ca/services,duplicate-meta-description,warning,"{""groupSize"":21,""otherUrls"":[""https://gpcdevelopment.ca/"",""https://gpcdevelopment.ca/about"",""https://gpcdevelopment.ca/about/tak-ho""]}",https://gpcdevelopment.ca/,2026-08-26 16:48:20,2026-08-26T16:50:59.623Z
9a3e6e752f190f6bcb17a3003770c16e5bde,bd1f9c86-0dae-4c17-9b4f-a87627a9b009,https://gpcdevelopment.ca/projects/moonlight-sonata,orphan-page,warning,,https://gpcdevelopment.ca/,2026-08-26 16:48:20,2026-08-26T16:50:59.623Z
02a450e35d214c1a480af29d752c3e730f40,bd1f9c86-0dae-4c17-9b4f-a87627a9b009,https://gpcdevelopment.ca/approach,orphan-page,warning,,https://gpcdevelopment.ca/,2026-08-26 16:48:20,2026-08-26T16:50:59.623Z
867bb3cbd71203f2f8477d4b4b01ba8b61a0,bd1f9c86-0dae-4c17-9b4f-a87627a9b009,https://gpcdevelopment.ca/projects/inova,orphan-page,warning,,https://gpcdevelopment.ca/,2026-08-26 16:48:20,2026-08-26T16:50:59.623Z
663deed1e946b9d5ebfd590837967d2d8cf4,bd1f9c86-0dae-4c17-9b4f-a87627a9b009,https://gpcdevelopment.ca/contact,orphan-page,warning,,https://gpcdevelopment.ca/,2026-08-26 16:48:20,2026-08-26T16:50:59.623Z
cd108ea94c195f586d5709ab5b8567ea4b52,bd1f9c86-0dae-4c17-9b4f-a87627a9b009,https://gpcdevelopment.ca/projects,orphan-page,warning,,https://gpcdevelopment.ca/,2026-08-26 16:48:20,2026-08-26T16:50:59.623Z
ab8da81d4c1d414829e2504b128ebcf1f043,bd1f9c86-0dae-4c17-9b4f-a87627a9b009,https://gpcdevelopment.ca/about/tak-ho,orphan-page,warning,,https://gpcdevelopment.ca/,2026-08-26 16:48:20,2026-08-26T16:50:59.623Z
58357f5c4f750941e0e47c5074822e982dbd,bd1f9c86-0dae-4c17-9b4f-a87627a9b009,https://gpcdevelopment.ca/projects/axir,orphan-page,warning,,https://gpcdevelopment.ca/,2026-08-26 16:48:20,2026-08-26T16:50:59.623Z
cf76b78d2d96c32680bd7e3ac52af012705b,bd1f9c86-0dae-4c17-9b4f-a87627a9b009,https://gpcdevelopment.ca/about/zulliy-alnahas,orphan-page,warning,,https://gpcdevelopment.ca/,2026-08-26 16:48:20,2026-08-26T16:50:59.623Z
92258f4e28491d2cf71803ff7361da20c576,bd1f9c86-0dae-4c17-9b4f-a87627a9b009,https://gpcdevelopment.ca/services,orphan-page,warning,,https://gpcdevelopment.ca/,2026-08-26 16:48:20,2026-08-26T16:50:59.623Z
a1c1b2ce2e6298c18963164773884f0d04ef,bd1f9c86-0dae-4c17-9b4f-a87627a9b009,https://gpcdevelopment.ca/projects/the-lauren,orphan-page,warning,,https://gpcdevelopment.ca/,2026-08-26 16:48:20,2026-08-26T16:50:59.623Z
d6af64cd70e205f6ef512ad452e20cc074bf,bd1f9c86-0dae-4c17-9b4f-a87627a9b009,https://gpcdevelopment.ca/projects/ablone-road,orphan-page,warning,,https://gpcdevelopment.ca/,2026-08-26 16:48:20,2026-08-26T16:50:59.623Z
6b2a39f782739e2fee2dad91ca758182c561,bd1f9c86-0dae-4c17-9b4f-a87627a9b009,https://gpcdevelopment.ca/projects/lizzybay,orphan-page,warning,,https://gpcdevelopment.ca/,2026-08-26 16:48:20,2026-08-26T16:50:59.623Z
0824a02bcae951b379b17a33d0830e363e90,bd1f9c86-0dae-4c17-9b4f-a87627a9b009,https://gpcdevelopment.ca/projects/barrington-road,orphan-page,warning,,https://gpcdevelopment.ca/,2026-08-26 16:48:20,2026-08-26T16:50:59.623Z
a277559273cdc46ec33ccd3320aa334e3c13,bd1f9c86-0dae-4c17-9b4f-a87627a9b009,https://gpcdevelopment.ca/about,orphan-page,warning,,https://gpcdevelopment.ca/,2026-08-26 16:48:20,2026-08-26T16:50:59.623Z
7e59afa54b7feaabcf158b2136b5d8aba7fe,bd1f9c86-0dae-4c17-9b4f-a87627a9b009,https://gpcdevelopment.ca/projects/spanish-banks,orphan-page,warning,,https://gpcdevelopment.ca/,2026-08-26 16:48:20,2026-08-26T16:50:59.623Z
14de1c06c2e2fa4342e58918e5671cf99b9a,bd1f9c86-0dae-4c17-9b4f-a87627a9b009,https://gpcdevelopment.ca/projects/buddhist-student-residence,orphan-page,warning,,https://gpcdevelopment.ca/,2026-08-26 16:48:20,2026-08-26T16:50:59.623Z
793cee2e24cf52d0a5ee42878a843c54f7fc,bd1f9c86-0dae-4c17-9b4f-a87627a9b009,https://gpcdevelopment.ca/projects/516-w-61st-ave,orphan-page,warning,,https://gpcdevelopment.ca/,2026-08-26 16:48:20,2026-08-26T16:50:59.623Z
1cb0b9690dfb37a5f83125e94bf02b097972,bd1f9c86-0dae-4c17-9b4f-a87627a9b009,https://gpcdevelopment.ca/projects/westbourne,orphan-page,warning,,https://gpcdevelopment.ca/,2026-08-26 16:48:20,2026-08-26T16:50:59.623Z
cd1cff524ed8b9dbd8b9856a92440ec42164,bd1f9c86-0dae-4c17-9b4f-a87627a9b009,https://gpcdevelopment.ca/projects/mackenzie-heights,orphan-page,warning,,https://gpcdevelopment.ca/,2026-08-26 16:48:20,2026-08-26T16:50:59.623Z
b0201bc3577cdf775315e9f446542f445d4b,bd1f9c86-0dae-4c17-9b4f-a87627a9b009,https://gpcdevelopment.ca/projects/frances,orphan-page,warning,,https://gpcdevelopment.ca/,2026-08-26 16:48:20,2026-08-26T16:50:59.623Z
e1ce16f6ac09fc7b39ccc8ac4f04a82cfb83,5a8d246b-68b6-4c90-b653-f5544e43bdb0,https://gpcdevelopment.ca/,missing-h1,warning,,https://gpcdevelopment.ca/,2026-08-26 17:41:51,2026-08-26T17:42:02.401Z
9b8af7d2de5743c267d7ddbb5f413a7024c3,5a8d246b-68b6-4c90-b653-f5544e43bdb0,https://gpcdevelopment.ca/,thin-content,warning,"{""wordCount"":0}",https://gpcdevelopment.ca/,2026-08-26 17:41:51,2026-08-26T17:42:02.401Z
4ff36d883a449d5468c32647a2e966a0e912,5a8d246b-68b6-4c90-b653-f5544e43bdb0,https://gpcdevelopment.ca/,no-outgoing-links,warning,,https://gpcdevelopment.ca/,2026-08-26 17:41:51,2026-08-26T17:42:02.401Z
a24816ba8e0cb8f7c5cdd183803516c0769c,5a8d246b-68b6-4c90-b653-f5544e43bdb0,https://gpcdevelopment.ca/about/tak-ho,missing-h1,warning,,https://gpcdevelopment.ca/,2026-08-26 17:41:51,2026-08-26T17:42:02.401Z
f3661cb9c5e8a84369047d4d0fc631db06b3,5a8d246b-68b6-4c90-b653-f5544e43bdb0,https://gpcdevelopment.ca/about/tak-ho,thin-content,warning,"{""wordCount"":0}",https://gpcdevelopment.ca/,2026-08-26 17:41:51,2026-08-26T17:42:02.401Z
f11d58abed21ef4235dd5848153f95afbada,5a8d246b-68b6-4c90-b653-f5544e43bdb0,https://gpcdevelopment.ca/about/tak-ho,no-outgoing-links,warning,,https://gpcdevelopment.ca/,2026-08-26 17:41:51,2026-08-26T17:42:02.401Z
85670fd45fc234b031317700632fc5e0a4bd,5a8d246b-68b6-4c90-b653-f5544e43bdb0,https://gpcdevelopment.ca/approach,missing-h1,warning,,https://gpcdevelopment.ca/,2026-08-26 17:41:51,2026-08-26T17:42:02.401Z
d6076ce4f93b5ff4dccaef414341143c4f32,5a8d246b-68b6-4c90-b653-f5544e43bdb0,https://gpcdevelopment.ca/approach,thin-content,warning,"{""wordCount"":0}",https://gpcdevelopment.ca/,2026-08-26 17:41:51,2026-08-26T17:42:02.401Z
8854545eea04fd25b05bba14b5e24b29296b,5a8d246b-68b6-4c90-b653-f5544e43bdb0,https://gpcdevelopment.ca/approach,no-outgoing-links,warning,,https://gpcdevelopment.ca/,2026-08-26 17:41:51,2026-08-26T17:42:02.401Z
6390132783816263bd3a8206cbff5eb22156,5a8d246b-68b6-4c90-b653-f5544e43bdb0,https://gpcdevelopment.ca/projects,missing-h1,warning,,https://gpcdevelopment.ca/,2026-08-26 17:41:51,2026-08-26T17:42:02.401Z
a11137143c5f966839b92b18d99267030a04,5a8d246b-68b6-4c90-b653-f5544e43bdb0,https://gpcdevelopment.ca/projects,thin-content,warning,"{""wordCount"":0}",https://gpcdevelopment.ca/,2026-08-26 17:41:51,2026-08-26T17:42:02.401Z
901b6e020e6ed615c36c9f24d00099d732e9,5a8d246b-68b6-4c90-b653-f5544e43bdb0,https://gpcdevelopment.ca/projects,no-outgoing-links,warning,,https://gpcdevelopment.ca/,2026-08-26 17:41:51,2026-08-26T17:42:02.401Z
48263c57f4929103f2f248d42ebd265ce460,5a8d246b-68b6-4c90-b653-f5544e43bdb0,https://gpcdevelopment.ca/contact,missing-h1,warning,,https://gpcdevelopment.ca/,2026-08-26 17:41:51,2026-08-26T17:42:02.401Z
87f514f0bf2b994f4753f0298a5c9eeacf41,5a8d246b-68b6-4c90-b653-f5544e43bdb0,https://gpcdevelopment.ca/contact,thin-content,warning,"{""wordCount"":0}",https://gpcdevelopment.ca/,2026-08-26 17:41:51,2026-08-26T17:42:02.401Z
a71a306e8172cd75c9c472acc6a574a0968c,5a8d246b-68b6-4c90-b653-f5544e43bdb0,https://gpcdevelopment.ca/contact,no-outgoing-links,warning,,https://gpcdevelopment.ca/,2026-08-26 17:41:51,2026-08-26T17:42:02.401Z
914f2c932f851ec10c8ae813c427d6e5ab3c,5a8d246b-68b6-4c90-b653-f5544e43bdb0,https://gpcdevelopment.ca/projects/inova,slow-response,info,"{""responseTimeMs"":2597}",https://gpcdevelopment.ca/,2026-08-26 17:41:51,2026-08-26T17:42:02.401Z
66aecabf91e6f415c00005182910dcdc962b,5a8d246b-68b6-4c90-b653-f5544e43bdb0,https://gpcdevelopment.ca/projects/inova,missing-h1,warning,,https://gpcdevelopment.ca/,2026-08-26 17:41:51,2026-08-26T17:42:02.401Z
83169540c70a0eb580a2ca0ae232956da405,5a8d246b-68b6-4c90-b653-f5544e43bdb0,https://gpcdevelopment.ca/projects/inova,thin-content,warning,"{""wordCount"":0}",https://gpcdevelopment.ca/,2026-08-26 17:41:51,2026-08-26T17:42:02.401Z
1b8b74dbc887f09a5dc6aff2f0b75adf3970,5a8d246b-68b6-4c90-b653-f5544e43bdb0,https://gpcdevelopment.ca/projects/inova,no-outgoing-links,warning,,https://gpcdevelopment.ca/,2026-08-26 17:41:51,2026-08-26T17:42:02.401Z
d49f0a05c40881067b8ecdeb317d1dfda965,5a8d246b-68b6-4c90-b653-f5544e43bdb0,https://gpcdevelopment.ca/projects/barrington-road,slow-response,info,"{""responseTimeMs"":1776}",https://gpcdevelopment.ca/,2026-08-26 17:41:51,2026-08-26T17:42:02.401Z
ab8531c80247f29f7838ba4534da4b2879e6,5a8d246b-68b6-4c90-b653-f5544e43bdb0,https://gpcdevelopment.ca/projects/barrington-road,missing-h1,warning,,https://gpcdevelopment.ca/,2026-08-26 17:41:51,2026-08-26T17:42:02.401Z
731ad98053bd787b32cb9e1d3e8e85d7bc77,5a8d246b-68b6-4c90-b653-f5544e43bdb0,https://gpcdevelopment.ca/projects/barrington-road,thin-content,warning,"{""wordCount"":0}",https://gpcdevelopment.ca/,2026-08-26 17:41:51,2026-08-26T17:42:02.401Z
bb21183e1c2e91b26e514272c7af58f596b3,5a8d246b-68b6-4c90-b653-f5544e43bdb0,https://gpcdevelopment.ca/projects/barrington-road,no-outgoing-links,warning,,https://gpcdevelopment.ca/,2026-08-26 17:41:51,2026-08-26T17:42:02.401Z
72bc6f3b7c3cd1c5429895c7e922c14865af,5a8d246b-68b6-4c90-b653-f5544e43bdb0,https://gpcdevelopment.ca/projects/axir,slow-response,info,"{""responseTimeMs"":2597}",https://gpcdevelopment.ca/,2026-08-26 17:41:51,2026-08-26T17:42:02.401Z
734fbdc0495948fed47b1f10f1db2d396232,5a8d246b-68b6-4c90-b653-f5544e43bdb0,https://gpcdevelopment.ca/projects/axir,missing-h1,warning,,https://gpcdevelopment.ca/,2026-08-26 17:41:51,2026-08-26T17:42:02.401Z
4e69fe980778acdcf2151eeee3e2366181d7,5a8d246b-68b6-4c90-b653-f5544e43bdb0,https://gpcdevelopment.ca/projects/axir,thin-content,warning,"{""wordCount"":0}",https://gpcdevelopment.ca/,2026-08-26 17:41:51,2026-08-26T17:42:02.401Z
1bb9f5d854476d8a29a78bddb58fece4e4ea,5a8d246b-68b6-4c90-b653-f5544e43bdb0,https://gpcdevelopment.ca/projects/axir,no-outgoing-links,warning,,https://gpcdevelopment.ca/,2026-08-26 17:41:51,2026-08-26T17:42:02.401Z
701feda36edf44dc267ffe244d5bdc430013,5a8d246b-68b6-4c90-b653-f5544e43bdb0,https://gpcdevelopment.ca/about,slow-response,info,"{""responseTimeMs"":2597}",https://gpcdevelopment.ca/,2026-08-26 17:41:51,2026-08-26T17:42:02.401Z
459ffe910e38a803e9e4bedab9f86c6952d2,5a8d246b-68b6-4c90-b653-f5544e43bdb0,https://gpcdevelopment.ca/about,missing-h1,warning,,https://gpcdevelopment.ca/,2026-08-26 17:41:51,2026-08-26T17:42:02.401Z
96aca15b3f32a7873bf7eac3c476d21a5a78,5a8d246b-68b6-4c90-b653-f5544e43bdb0,https://gpcdevelopment.ca/about,thin-content,warning,"{""wordCount"":0}",https://gpcdevelopment.ca/,2026-08-26 17:41:51,2026-08-26T17:42:02.401Z
aba4d7fffd0f5f5b517413928f628cbc3d3f,5a8d246b-68b6-4c90-b653-f5544e43bdb0,https://gpcdevelopment.ca/about,no-outgoing-links,warning,,https://gpcdevelopment.ca/,2026-08-26 17:41:51,2026-08-26T17:42:02.401Z
553b6b9e7d80d7e993555376a5e1e9471694,5a8d246b-68b6-4c90-b653-f5544e43bdb0,https://gpcdevelopment.ca/about/zulliy-alnahas,slow-response,info,"{""responseTimeMs"":2597}",https://gpcdevelopment.ca/,2026-08-26 17:41:51,2026-08-26T17:42:02.401Z
87852b135f2e5540c3a6e884d0726ca59d52,5a8d246b-68b6-4c90-b653-f5544e43bdb0,https://gpcdevelopment.ca/about/zulliy-alnahas,missing-h1,warning,,https://gpcdevelopment.ca/,2026-08-26 17:41:51,2026-08-26T17:42:02.401Z
1ed1ec809f0387cd69b70ba977874d39f94d,5a8d246b-68b6-4c90-b653-f5544e43bdb0,https://gpcdevelopment.ca/about/zulliy-alnahas,thin-content,warning,"{""wordCount"":0}",https://gpcdevelopment.ca/,2026-08-26 17:41:51,2026-08-26T17:42:02.401Z
d12d7dd4027253ec8b88ea80ef9fa1386ee1,5a8d246b-68b6-4c90-b653-f5544e43bdb0,https://gpcdevelopment.ca/about/zulliy-alnahas,no-outgoing-links,warning,,https://gpcdevelopment.ca/,2026-08-26 17:41:51,2026-08-26T17:42:02.401Z
27e6775d453067d9fb13d31854e0d62c8edb,5a8d246b-68b6-4c90-b653-f5544e43bdb0,https://gpcdevelopment.ca/services,slow-response,info,"{""responseTimeMs"":2597}",https://gpcdevelopment.ca/,2026-08-26 17:41:51,2026-08-26T17:42:02.401Z
55d3c05f309db15fef951790b712b422f9d0,5a8d246b-68b6-4c90-b653-f5544e43bdb0,https://gpcdevelopment.ca/services,missing-h1,warning,,https://gpcdevelopment.ca/,2026-08-26 17:41:51,2026-08-26T17:42:02.401Z
03252fbb7a0bf336992a793c5e6f475bd633,5a8d246b-68b6-4c90-b653-f5544e43bdb0,https://gpcdevelopment.ca/services,thin-content,warning,"{""wordCount"":0}",https://gpcdevelopment.ca/,2026-08-26 17:41:51,2026-08-26T17:42:02.401Z
0fc7464576aee563690229feffe432e6c1a7,5a8d246b-68b6-4c90-b653-f5544e43bdb0,https://gpcdevelopment.ca/services,no-outgoing-links,warning,,https://gpcdevelopment.ca/,2026-08-26 17:41:51,2026-08-26T17:42:02.401Z
f0643285cbb075ef8a7731031eb62af7705c,5a8d246b-68b6-4c90-b653-f5544e43bdb0,https://gpcdevelopment.ca/projects/ablone-road,slow-response,info,"{""responseTimeMs"":1789}",https://gpcdevelopment.ca/,2026-08-26 17:41:51,2026-08-26T17:42:02.401Z
aa9e33753ee11d7be583e80032d0cdc2f800,5a8d246b-68b6-4c90-b653-f5544e43bdb0,https://gpcdevelopment.ca/projects/ablone-road,missing-h1,warning,,https://gpcdevelopment.ca/,2026-08-26 17:41:51,2026-08-26T17:42:02.401Z
d370e03c636f3858f22ff7777ba5216bcc3f,5a8d246b-68b6-4c90-b653-f5544e43bdb0,https://gpcdevelopment.ca/projects/ablone-road,thin-content,warning,"{""wordCount"":0}",https://gpcdevelopment.ca/,2026-08-26 17:41:51,2026-08-26T17:42:02.401Z
6f1a718e1e65243d979ccc37522f664cbd96,5a8d246b-68b6-4c90-b653-f5544e43bdb0,https://gpcdevelopment.ca/projects/ablone-road,no-outgoing-links,warning,,https://gpcdevelopment.ca/,2026-08-26 17:41:51,2026-08-26T17:42:02.401Z
fec39d129de81d9e3c33003f4b3b9d78d24b,5a8d246b-68b6-4c90-b653-f5544e43bdb0,https://gpcdevelopment.ca/projects/the-lauren,slow-response,info,"{""responseTimeMs"":1796}",https://gpcdevelopment.ca/,2026-08-26 17:41:51,2026-08-26T17:42:02.401Z
de4c32f8efaf8451ccc5dd97df84eaf2fe1e,5a8d246b-68b6-4c90-b653-f5544e43bdb0,https://gpcdevelopment.ca/projects/the-lauren,missing-h1,warning,,https://gpcdevelopment.ca/,2026-08-26 17:41:51,2026-08-26T17:42:02.401Z
1300e70cc3df44ae67629c0094c899d171cc,5a8d246b-68b6-4c90-b653-f5544e43bdb0,https://gpcdevelopment.ca/projects/the-lauren,thin-content,warning,"{""wordCount"":0}",https://gpcdevelopment.ca/,2026-08-26 17:41:51,2026-08-26T17:42:02.401Z
d40e2487e572ed4f8893f3384d7d4c199553,5a8d246b-68b6-4c90-b653-f5544e43bdb0,https://gpcdevelopment.ca/projects/the-lauren,no-outgoing-links,warning,,https://gpcdevelopment.ca/,2026-08-26 17:41:51,2026-08-26T17:42:02.401Z
02376935c777a3613e7417e1207accfb8321,5a8d246b-68b6-4c90-b653-f5544e43bdb0,https://gpcdevelopment.ca/projects/lizzybay,slow-response,info,"{""responseTimeMs"":1792}",https://gpcdevelopment.ca/,2026-08-26 17:41:51,2026-08-26T17:42:02.401Z
5c1e4ecfacc11af608de382bed5ad28f63f0,5a8d246b-68b6-4c90-b653-f5544e43bdb0,https://gpcdevelopment.ca/projects/lizzybay,missing-h1,warning,,https://gpcdevelopment.ca/,2026-08-26 17:41:51,2026-08-26T17:42:02.401Z
81df1f2bc60362247aec16a316cfa5f24dde,5a8d246b-68b6-4c90-b653-f5544e43bdb0,https://gpcdevelopment.ca/projects/lizzybay,thin-content,warning,"{""wordCount"":0}",https://gpcdevelopment.ca/,2026-08-26 17:41:51,2026-08-26T17:42:02.401Z
f0221b71e3b17d53798f342dd56f22144638,5a8d246b-68b6-4c90-b653-f5544e43bdb0,https://gpcdevelopment.ca/projects/lizzybay,no-outgoing-links,warning,,https://gpcdevelopment.ca/,2026-08-26 17:41:51,2026-08-26T17:42:02.401Z
dfdff7b1f8f2b3272d0c2114b2971d2fb71b,5a8d246b-68b6-4c90-b653-f5544e43bdb0,https://gpcdevelopment.ca/projects/moonlight-sonata,slow-response,info,"{""responseTimeMs"":2449}",https://gpcdevelopment.ca/,2026-08-26 17:41:51,2026-08-26T17:42:02.401Z
58357373cb58da74f23a1cf4f143d2209d36,5a8d246b-68b6-4c90-b653-f5544e43bdb0,https://gpcdevelopment.ca/projects/moonlight-sonata,missing-h1,warning,,https://gpcdevelopment.ca/,2026-08-26 17:41:51,2026-08-26T17:42:02.401Z
fd10affd9004181dfddde5a883b3cddbd9c8,5a8d246b-68b6-4c90-b653-f5544e43bdb0,https://gpcdevelopment.ca/projects/moonlight-sonata,thin-content,warning,"{""wordCount"":0}",https://gpcdevelopment.ca/,2026-08-26 17:41:51,2026-08-26T17:42:02.401Z
e1dc57f52044c2bf325633848e074d559163,5a8d246b-68b6-4c90-b653-f5544e43bdb0,https://gpcdevelopment.ca/projects/moonlight-sonata,no-outgoing-links,warning,,https://gpcdevelopment.ca/,2026-08-26 17:41:51,2026-08-26T17:42:02.401Z
3704bfc5d0f06045532d455d92b7b2498c0c,5a8d246b-68b6-4c90-b653-f5544e43bdb0,https://gpcdevelopment.ca/projects/westbourne,missing-h1,warning,,https://gpcdevelopment.ca/,2026-08-26 17:41:51,2026-08-26T17:42:02.401Z
b7a65cc3db4febf6db727fc15d975f33d918,5a8d246b-68b6-4c90-b653-f5544e43bdb0,https://gpcdevelopment.ca/projects/westbourne,thin-content,warning,"{""wordCount"":0}",https://gpcdevelopment.ca/,2026-08-26 17:41:51,2026-08-26T17:42:02.401Z
990ca8cc6105886cc4a69dc85d9e65920c21,5a8d246b-68b6-4c90-b653-f5544e43bdb0,https://gpcdevelopment.ca/projects/westbourne,no-outgoing-links,warning,,https://gpcdevelopment.ca/,2026-08-26 17:41:51,2026-08-26T17:42:02.401Z
1947b5e25933e814ea0921f9036301785564,5a8d246b-68b6-4c90-b653-f5544e43bdb0,https://gpcdevelopment.ca/projects/spanish-banks,missing-h1,warning,,https://gpcdevelopment.ca/,2026-08-26 17:41:51,2026-08-26T17:42:02.401Z
a346e96c6a18a08be47c806573ceec97fae5,5a8d246b-68b6-4c90-b653-f5544e43bdb0,https://gpcdevelopment.ca/projects/spanish-banks,thin-content,warning,"{""wordCount"":0}",https://gpcdevelopment.ca/,2026-08-26 17:41:51,2026-08-26T17:42:02.401Z
111469045c77ce14e7b8bffee8d2a3b3e535,5a8d246b-68b6-4c90-b653-f5544e43bdb0,https://gpcdevelopment.ca/projects/spanish-banks,no-outgoing-links,warning,,https://gpcdevelopment.ca/,2026-08-26 17:41:51,2026-08-26T17:42:02.401Z
3b4bdd3acf1cee3653a325f5e8fa2ca54ecd,5a8d246b-68b6-4c90-b653-f5544e43bdb0,https://gpcdevelopment.ca/projects/516-w-61st-ave,missing-h1,warning,,https://gpcdevelopment.ca/,2026-08-26 17:41:51,2026-08-26T17:42:02.401Z
2ba46cb05ad0b2c15678c523dbc21e77d943,5a8d246b-68b6-4c90-b653-f5544e43bdb0,https://gpcdevelopment.ca/projects/516-w-61st-ave,thin-content,warning,"{""wordCount"":0}",https://gpcdevelopment.ca/,2026-08-26 17:41:51,2026-08-26T17:42:02.401Z
19d607622ab90f1a63d33a98707b20bd0d25,5a8d246b-68b6-4c90-b653-f5544e43bdb0,https://gpcdevelopment.ca/projects/516-w-61st-ave,no-outgoing-links,warning,,https://gpcdevelopment.ca/,2026-08-26 17:41:51,2026-08-26T17:42:02.401Z
8cf9cec6f89b5e44d4c2dade4af4a22df8d7,5a8d246b-68b6-4c90-b653-f5544e43bdb0,https://gpcdevelopment.ca/projects/frances,missing-h1,warning,,https://gpcdevelopment.ca/,2026-08-26 17:41:51,2026-08-26T17:42:02.401Z
961e55b78e2c09394c021fd33d4d42b50e1a,5a8d246b-68b6-4c90-b653-f5544e43bdb0,https://gpcdevelopment.ca/projects/frances,thin-content,warning,"{""wordCount"":0}",https://gpcdevelopment.ca/,2026-08-26 17:41:51,2026-08-26T17:42:02.401Z
f95baba95d5eb1aa1282fcc7952418912715,5a8d246b-68b6-4c90-b653-f5544e43bdb0,https://gpcdevelopment.ca/projects/frances,no-outgoing-links,warning,,https://gpcdevelopment.ca/,2026-08-26 17:41:51,2026-08-26T17:42:02.401Z
87899364ac90eb259d5c987b3f08ea10a89c,5a8d246b-68b6-4c90-b653-f5544e43bdb0,https://gpcdevelopment.ca/projects/buddhist-student-residence,missing-h1,warning,,https://gpcdevelopment.ca/,2026-08-26 17:41:51,2026-08-26T17:42:02.401Z
5325dbf9e402b2c1f1bedd624c39b442df2c,5a8d246b-68b6-4c90-b653-f5544e43bdb0,https://gpcdevelopment.ca/projects/buddhist-student-residence,thin-content,warning,"{""wordCount"":0}",https://gpcdevelopment.ca/,2026-08-26 17:41:51,2026-08-26T17:42:02.401Z
a11b2cc8505ccec2597982ba8340071aae93,5a8d246b-68b6-4c90-b653-f5544e43bdb0,https://gpcdevelopment.ca/projects/buddhist-student-residence,no-outgoing-links,warning,,https://gpcdevelopment.ca/,2026-08-26 17:41:51,2026-08-26T17:42:02.401Z
f329ff898e93bf3eb94dae2ebe5890194e1c,5a8d246b-68b6-4c90-b653-f5544e43bdb0,https://gpcdevelopment.ca/projects/mackenzie-heights,missing-h1,warning,,https://gpcdevelopment.ca/,2026-08-26 17:41:51,2026-08-26T17:42:02.401Z
34d798f7b0f1466a68cd0ecc11ee241bbc9c,5a8d246b-68b6-4c90-b653-f5544e43bdb0,https://gpcdevelopment.ca/projects/mackenzie-heights,thin-content,warning,"{""wordCount"":0}",https://gpcdevelopment.ca/,2026-08-26 17:41:51,2026-08-26T17:42:02.401Z
05537f8237df7424ab9acd531f61ecc6db89,5a8d246b-68b6-4c90-b653-f5544e43bdb0,https://gpcdevelopment.ca/projects/mackenzie-heights,no-outgoing-links,warning,,https://gpcdevelopment.ca/,2026-08-26 17:41:51,2026-08-26T17:42:02.401Z
d9da2bb47d86bf8ede12ddb9d7a04b26a813,5a8d246b-68b6-4c90-b653-f5544e43bdb0,https://gpcdevelopment.ca/,duplicate-title,warning,"{""groupSize"":21,""otherUrls"":[""https://gpcdevelopment.ca/about"",""https://gpcdevelopment.ca/about/tak-ho"",""https://gpcdevelopment.ca/about/zulliy-alnahas""]}",https://gpcdevelopment.ca/,2026-08-26 17:41:51,2026-08-26T17:42:02.401Z
2731198606a5ec2ceeaeecd8ee8c78df8ed5,5a8d246b-68b6-4c90-b653-f5544e43bdb0,https://gpcdevelopment.ca/about,duplicate-title,warning,"{""groupSize"":21,""otherUrls"":[""https://gpcdevelopment.ca/"",""https://gpcdevelopment.ca/about/tak-ho"",""https://gpcdevelopment.ca/about/zulliy-alnahas""]}",https://gpcdevelopment.ca/,2026-08-26 17:41:51,2026-08-26T17:42:02.401Z
272433b9b70e41fdf5c3f7666ef64b4c99d4,5a8d246b-68b6-4c90-b653-f5544e43bdb0,https://gpcdevelopment.ca/about/tak-ho,duplicate-title,warning,"{""groupSize"":21,""otherUrls"":[""https://gpcdevelopment.ca/"",""https://gpcdevelopment.ca/about"",""https://gpcdevelopment.ca/about/zulliy-alnahas""]}",https://gpcdevelopment.ca/,2026-08-26 17:41:51,2026-08-26T17:42:02.401Z
e3721ea95e85cd030b9ad5daa57d1755fd0c,5a8d246b-68b6-4c90-b653-f5544e43bdb0,https://gpcdevelopment.ca/about/zulliy-alnahas,duplicate-title,warning,"{""groupSize"":21,""otherUrls"":[""https://gpcdevelopment.ca/"",""https://gpcdevelopment.ca/about"",""https://gpcdevelopment.ca/about/tak-ho""]}",https://gpcdevelopment.ca/,2026-08-26 17:41:51,2026-08-26T17:42:02.401Z
c7355abaa346c22cd56fda7638769b4b7eef,5a8d246b-68b6-4c90-b653-f5544e43bdb0,https://gpcdevelopment.ca/approach,duplicate-title,warning,"{""groupSize"":21,""otherUrls"":[""https://gpcdevelopment.ca/"",""https://gpcdevelopment.ca/about"",""https://gpcdevelopment.ca/about/tak-ho""]}",https://gpcdevelopment.ca/,2026-08-26 17:41:51,2026-08-26T17:42:02.401Z
309e12f304b951a342ae3a52b5a262834a46,5a8d246b-68b6-4c90-b653-f5544e43bdb0,https://gpcdevelopment.ca/contact,duplicate-title,warning,"{""groupSize"":21,""otherUrls"":[""https://gpcdevelopment.ca/"",""https://gpcdevelopment.ca/about"",""https://gpcdevelopment.ca/about/tak-ho""]}",https://gpcdevelopment.ca/,2026-08-26 17:41:51,2026-08-26T17:42:02.401Z
410f44428b24ed63c33f30ea5cc1807484ec,5a8d246b-68b6-4c90-b653-f5544e43bdb0,https://gpcdevelopment.ca/projects,duplicate-title,warning,"{""groupSize"":21,""otherUrls"":[""https://gpcdevelopment.ca/"",""https://gpcdevelopment.ca/about"",""https://gpcdevelopment.ca/about/tak-ho""]}",https://gpcdevelopment.ca/,2026-08-26 17:41:51,2026-08-26T17:42:02.401Z
f8acc7dbab5a0549b1eafbde93b959d2fe99,5a8d246b-68b6-4c90-b653-f5544e43bdb0,https://gpcdevelopment.ca/projects/516-w-61st-ave,duplicate-title,warning,"{""groupSize"":21,""otherUrls"":[""https://gpcdevelopment.ca/"",""https://gpcdevelopment.ca/about"",""https://gpcdevelopment.ca/about/tak-ho""]}",https://gpcdevelopment.ca/,2026-08-26 17:41:51,2026-08-26T17:42:02.401Z
6d7aa0cce81a6f235fdf9e9a1d2e9735b33b,5a8d246b-68b6-4c90-b653-f5544e43bdb0,https://gpcdevelopment.ca/projects/ablone-road,duplicate-title,warning,"{""groupSize"":21,""otherUrls"":[""https://gpcdevelopment.ca/"",""https://gpcdevelopment.ca/about"",""https://gpcdevelopment.ca/about/tak-ho""]}",https://gpcdevelopment.ca/,2026-08-26 17:41:51,2026-08-26T17:42:02.401Z
bb95e53a3403575ffb1e03aab12af434e197,5a8d246b-68b6-4c90-b653-f5544e43bdb0,https://gpcdevelopment.ca/projects/axir,duplicate-title,warning,"{""groupSize"":21,""otherUrls"":[""https://gpcdevelopment.ca/"",""https://gpcdevelopment.ca/about"",""https://gpcdevelopment.ca/about/tak-ho""]}",https://gpcdevelopment.ca/,2026-08-26 17:41:51,2026-08-26T17:42:02.401Z
e5f5ff2001121642ce542f51c68af5610b6a,5a8d246b-68b6-4c90-b653-f5544e43bdb0,https://gpcdevelopment.ca/projects/barrington-road,duplicate-title,warning,"{""groupSize"":21,""otherUrls"":[""https://gpcdevelopment.ca/"",""https://gpcdevelopment.ca/about"",""https://gpcdevelopment.ca/about/tak-ho""]}",https://gpcdevelopment.ca/,2026-08-26 17:41:51,2026-08-26T17:42:02.401Z
1ae3c67cfcd9a4337c42a24e665e4cf1ca44,5a8d246b-68b6-4c90-b653-f5544e43bdb0,https://gpcdevelopment.ca/projects/buddhist-student-residence,duplicate-title,warning,"{""groupSize"":21,""otherUrls"":[""https://gpcdevelopment.ca/"",""https://gpcdevelopment.ca/about"",""https://gpcdevelopment.ca/about/tak-ho""]}",https://gpcdevelopment.ca/,2026-08-26 17:41:51,2026-08-26T17:42:02.401Z
cbac703226a9c67e7158fcb5a73c7c0d967f,5a8d246b-68b6-4c90-b653-f5544e43bdb0,https://gpcdevelopment.ca/projects/frances,duplicate-title,warning,"{""groupSize"":21,""otherUrls"":[""https://gpcdevelopment.ca/"",""https://gpcdevelopment.ca/about"",""https://gpcdevelopment.ca/about/tak-ho""]}",https://gpcdevelopment.ca/,2026-08-26 17:41:51,2026-08-26T17:42:02.401Z
93324470b18556a65ae396b4db28241a6633,5a8d246b-68b6-4c90-b653-f5544e43bdb0,https://gpcdevelopment.ca/projects/inova,duplicate-title,warning,"{""groupSize"":21,""otherUrls"":[""https://gpcdevelopment.ca/"",""https://gpcdevelopment.ca/about"",""https://gpcdevelopment.ca/about/tak-ho""]}",https://gpcdevelopment.ca/,2026-08-26 17:41:51,2026-08-26T17:42:02.401Z
be696eaaab73890af5b82d4c3d08053afe07,5a8d246b-68b6-4c90-b653-f5544e43bdb0,https://gpcdevelopment.ca/projects/lizzybay,duplicate-title,warning,"{""groupSize"":21,""otherUrls"":[""https://gpcdevelopment.ca/"",""https://gpcdevelopment.ca/about"",""https://gpcdevelopment.ca/about/tak-ho""]}",https://gpcdevelopment.ca/,2026-08-26 17:41:51,2026-08-26T17:42:02.401Z
f85daff3e1ece34972eeaa615cb8bad51849,5a8d246b-68b6-4c90-b653-f5544e43bdb0,https://gpcdevelopment.ca/projects/mackenzie-heights,duplicate-title,warning,"{""groupSize"":21,""otherUrls"":[""https://gpcdevelopment.ca/"",""https://gpcdevelopment.ca/about"",""https://gpcdevelopment.ca/about/tak-ho""]}",https://gpcdevelopment.ca/,2026-08-26 17:41:51,2026-08-26T17:42:02.401Z
7126a530a97777fcf18a25e9265dcac9a789,5a8d246b-68b6-4c90-b653-f5544e43bdb0,https://gpcdevelopment.ca/projects/moonlight-sonata,duplicate-title,warning,"{""groupSize"":21,""otherUrls"":[""https://gpcdevelopment.ca/"",""https://gpcdevelopment.ca/about"",""https://gpcdevelopment.ca/about/tak-ho""]}",https://gpcdevelopment.ca/,2026-08-26 17:41:51,2026-08-26T17:42:02.401Z
09b797ec5138f80409b6ea2b15da3e1d3f9c,5a8d246b-68b6-4c90-b653-f5544e43bdb0,https://gpcdevelopment.ca/projects/spanish-banks,duplicate-title,warning,"{""groupSize"":21,""otherUrls"":[""https://gpcdevelopment.ca/"",""https://gpcdevelopment.ca/about"",""https://gpcdevelopment.ca/about/tak-ho""]}",https://gpcdevelopment.ca/,2026-08-26 17:41:51,2026-08-26T17:42:02.401Z
46529f1ff2d72404f585db71c6df3f531a5b,5a8d246b-68b6-4c90-b653-f5544e43bdb0,https://gpcdevelopment.ca/projects/the-lauren,duplicate-title,warning,"{""groupSize"":21,""otherUrls"":[""https://gpcdevelopment.ca/"",""https://gpcdevelopment.ca/about"",""https://gpcdevelopment.ca/about/tak-ho""]}",https://gpcdevelopment.ca/,2026-08-26 17:41:51,2026-08-26T17:42:02.401Z
de769de25d6efaca51795597d199f3d7eb0d,5a8d246b-68b6-4c90-b653-f5544e43bdb0,https://gpcdevelopment.ca/projects/westbourne,duplicate-title,warning,"{""groupSize"":21,""otherUrls"":[""https://gpcdevelopment.ca/"",""https://gpcdevelopment.ca/about"",""https://gpcdevelopment.ca/about/tak-ho""]}",https://gpcdevelopment.ca/,2026-08-26 17:41:51,2026-08-26T17:42:02.401Z
7be16df60df045c5a4bec682b13be0e06b03,5a8d246b-68b6-4c90-b653-f5544e43bdb0,https://gpcdevelopment.ca/services,duplicate-title,warning,"{""groupSize"":21,""otherUrls"":[""https://gpcdevelopment.ca/"",""https://gpcdevelopment.ca/about"",""https://gpcdevelopment.ca/about/tak-ho""]}",https://gpcdevelopment.ca/,2026-08-26 17:41:51,2026-08-26T17:42:02.401Z
c89aec0b66edf73e2aba90724e320c17de9c,5a8d246b-68b6-4c90-b653-f5544e43bdb0,https://gpcdevelopment.ca/,duplicate-meta-description,warning,"{""groupSize"":21,""otherUrls"":[""https://gpcdevelopment.ca/about"",""https://gpcdevelopment.ca/about/tak-ho"",""https://gpcdevelopment.ca/about/zulliy-alnahas""]}",https://gpcdevelopment.ca/,2026-08-26 17:41:51,2026-08-26T17:42:02.401Z
b195dfe7d466e43098242cfc1c88938826d7,5a8d246b-68b6-4c90-b653-f5544e43bdb0,https://gpcdevelopment.ca/about,duplicate-meta-description,warning,"{""groupSize"":21,""otherUrls"":[""https://gpcdevelopment.ca/"",""https://gpcdevelopment.ca/about/tak-ho"",""https://gpcdevelopment.ca/about/zulliy-alnahas""]}",https://gpcdevelopment.ca/,2026-08-26 17:41:51,2026-08-26T17:42:02.401Z
0379519f4646c9381f5abc7b26ce0cb42a47,5a8d246b-68b6-4c90-b653-f5544e43bdb0,https://gpcdevelopment.ca/about/tak-ho,duplicate-meta-description,warning,"{""groupSize"":21,""otherUrls"":[""https://gpcdevelopment.ca/"",""https://gpcdevelopment.ca/about"",""https://gpcdevelopment.ca/about/zulliy-alnahas""]}",https://gpcdevelopment.ca/,2026-08-26 17:41:51,2026-08-26T17:42:02.401Z
cb84f7b1ddc5b09321c6dc3f0c332a930844,5a8d246b-68b6-4c90-b653-f5544e43bdb0,https://gpcdevelopment.ca/about/zulliy-alnahas,duplicate-meta-description,warning,"{""groupSize"":21,""otherUrls"":[""https://gpcdevelopment.ca/"",""https://gpcdevelopment.ca/about"",""https://gpcdevelopment.ca/about/tak-ho""]}",https://gpcdevelopment.ca/,2026-08-26 17:41:51,2026-08-26T17:42:02.401Z
9073e830f98fcb68bb201634dbd0b8609b5a,5a8d246b-68b6-4c90-b653-f5544e43bdb0,https://gpcdevelopment.ca/approach,duplicate-meta-description,warning,"{""groupSize"":21,""otherUrls"":[""https://gpcdevelopment.ca/"",""https://gpcdevelopment.ca/about"",""https://gpcdevelopment.ca/about/tak-ho""]}",https://gpcdevelopment.ca/,2026-08-26 17:41:51,2026-08-26T17:42:02.401Z
95df2914b14bc53e7182b358ea2e94e178ed,5a8d246b-68b6-4c90-b653-f5544e43bdb0,https://gpcdevelopment.ca/contact,duplicate-meta-description,warning,"{""groupSize"":21,""otherUrls"":[""https://gpcdevelopment.ca/"",""https://gpcdevelopment.ca/about"",""https://gpcdevelopment.ca/about/tak-ho""]}",https://gpcdevelopment.ca/,2026-08-26 17:41:51,2026-08-26T17:42:02.401Z
402bd3d6dbd9d24961d35c69da3cbed09948,5a8d246b-68b6-4c90-b653-f5544e43bdb0,https://gpcdevelopment.ca/projects,duplicate-meta-description,warning,"{""groupSize"":21,""otherUrls"":[""https://gpcdevelopment.ca/"",""https://gpcdevelopment.ca/about"",""https://gpcdevelopment.ca/about/tak-ho""]}",https://gpcdevelopment.ca/,2026-08-26 17:41:51,2026-08-26T17:42:02.401Z
676128ae1668260dceb2423e184f7a4ae80c,5a8d246b-68b6-4c90-b653-f5544e43bdb0,https://gpcdevelopment.ca/projects/516-w-61st-ave,duplicate-meta-description,warning,"{""groupSize"":21,""otherUrls"":[""https://gpcdevelopment.ca/"",""https://gpcdevelopment.ca/about"",""https://gpcdevelopment.ca/about/tak-ho""]}",https://gpcdevelopment.ca/,2026-08-26 17:41:51,2026-08-26T17:42:02.401Z
46515eea5e6cae5bbabf299108b4de44fb9c,5a8d246b-68b6-4c90-b653-f5544e43bdb0,https://gpcdevelopment.ca/projects/ablone-road,duplicate-meta-description,warning,"{""groupSize"":21,""otherUrls"":[""https://gpcdevelopment.ca/"",""https://gpcdevelopment.ca/about"",""https://gpcdevelopment.ca/about/tak-ho""]}",https://gpcdevelopment.ca/,2026-08-26 17:41:51,2026-08-26T17:42:02.401Z
9fd9bad3551366e15e1de9e84a7870b198d6,5a8d246b-68b6-4c90-b653-f5544e43bdb0,https://gpcdevelopment.ca/projects/axir,duplicate-meta-description,warning,"{""groupSize"":21,""otherUrls"":[""https://gpcdevelopment.ca/"",""https://gpcdevelopment.ca/about"",""https://gpcdevelopment.ca/about/tak-ho""]}",https://gpcdevelopment.ca/,2026-08-26 17:41:51,2026-08-26T17:42:02.401Z
93bc39f35d662acffa28dcba001290ae339e,5a8d246b-68b6-4c90-b653-f5544e43bdb0,https://gpcdevelopment.ca/projects/barrington-road,duplicate-meta-description,warning,"{""groupSize"":21,""otherUrls"":[""https://gpcdevelopment.ca/"",""https://gpcdevelopment.ca/about"",""https://gpcdevelopment.ca/about/tak-ho""]}",https://gpcdevelopment.ca/,2026-08-26 17:41:51,2026-08-26T17:42:02.401Z
b96cdd81e1ec7fc8d78f3c529f8665ea86d2,5a8d246b-68b6-4c90-b653-f5544e43bdb0,https://gpcdevelopment.ca/projects/buddhist-student-residence,duplicate-meta-description,warning,"{""groupSize"":21,""otherUrls"":[""https://gpcdevelopment.ca/"",""https://gpcdevelopment.ca/about"",""https://gpcdevelopment.ca/about/tak-ho""]}",https://gpcdevelopment.ca/,2026-08-26 17:41:51,2026-08-26T17:42:02.401Z
951bf7b5c244df22b6fec50429f56d655bdb,5a8d246b-68b6-4c90-b653-f5544e43bdb0,https://gpcdevelopment.ca/projects/frances,duplicate-meta-description,warning,"{""groupSize"":21,""otherUrls"":[""https://gpcdevelopment.ca/"",""https://gpcdevelopment.ca/about"",""https://gpcdevelopment.ca/about/tak-ho""]}",https://gpcdevelopment.ca/,2026-08-26 17:41:51,2026-08-26T17:42:02.401Z
fb9a4a9baf38e8a896ae2a9666cb6eff7651,5a8d246b-68b6-4c90-b653-f5544e43bdb0,https://gpcdevelopment.ca/projects/inova,duplicate-meta-description,warning,"{""groupSize"":21,""otherUrls"":[""https://gpcdevelopment.ca/"",""https://gpcdevelopment.ca/about"",""https://gpcdevelopment.ca/about/tak-ho""]}",https://gpcdevelopment.ca/,2026-08-26 17:41:51,2026-08-26T17:42:02.401Z
a7503180980a0b36a2ea92052fc6a99af414,5a8d246b-68b6-4c90-b653-f5544e43bdb0,https://gpcdevelopment.ca/projects/lizzybay,duplicate-meta-description,warning,"{""groupSize"":21,""otherUrls"":[""https://gpcdevelopment.ca/"",""https://gpcdevelopment.ca/about"",""https://gpcdevelopment.ca/about/tak-ho""]}",https://gpcdevelopment.ca/,2026-08-26 17:41:51,2026-08-26T17:42:02.401Z
f18e13fcf1fc082eaf7c4528c75676fee6ea,5a8d246b-68b6-4c90-b653-f5544e43bdb0,https://gpcdevelopment.ca/projects/mackenzie-heights,duplicate-meta-description,warning,"{""groupSize"":21,""otherUrls"":[""https://gpcdevelopment.ca/"",""https://gpcdevelopment.ca/about"",""https://gpcdevelopment.ca/about/tak-ho""]}",https://gpcdevelopment.ca/,2026-08-26 17:41:51,2026-08-26T17:42:02.401Z
5cd8b57c53bfdcbdfddf630bdb42389271b5,5a8d246b-68b6-4c90-b653-f5544e43bdb0,https://gpcdevelopment.ca/projects/moonlight-sonata,duplicate-meta-description,warning,"{""groupSize"":21,""otherUrls"":[""https://gpcdevelopment.ca/"",""https://gpcdevelopment.ca/about"",""https://gpcdevelopment.ca/about/tak-ho""]}",https://gpcdevelopment.ca/,2026-08-26 17:41:51,2026-08-26T17:42:02.401Z
a72c1d477cfb8fdef764c8e8d41f654c4f61,5a8d246b-68b6-4c90-b653-f5544e43bdb0,https://gpcdevelopment.ca/projects/spanish-banks,duplicate-meta-description,warning,"{""groupSize"":21,""otherUrls"":[""https://gpcdevelopment.ca/"",""https://gpcdevelopment.ca/about"",""https://gpcdevelopment.ca/about/tak-ho""]}",https://gpcdevelopment.ca/,2026-08-26 17:41:51,2026-08-26T17:42:02.401Z
6c16144062cd69556799bb1cab469be8441c,5a8d246b-68b6-4c90-b653-f5544e43bdb0,https://gpcdevelopment.ca/projects/the-lauren,duplicate-meta-description,warning,"{""groupSize"":21,""otherUrls"":[""https://gpcdevelopment.ca/"",""https://gpcdevelopment.ca/about"",""https://gpcdevelopment.ca/about/tak-ho""]}",https://gpcdevelopment.ca/,2026-08-26 17:41:51,2026-08-26T17:42:02.401Z
ee58a44ca875ffc2de89bf84b720483f4cfa,5a8d246b-68b6-4c90-b653-f5544e43bdb0,https://gpcdevelopment.ca/projects/westbourne,duplicate-meta-description,warning,"{""groupSize"":21,""otherUrls"":[""https://gpcdevelopment.ca/"",""https://gpcdevelopment.ca/about"",""https://gpcdevelopment.ca/about/tak-ho""]}",https://gpcdevelopment.ca/,2026-08-26 17:41:51,2026-08-26T17:42:02.401Z
7bb64018bdf1952c3d514fa9f6be7f8423ed,5a8d246b-68b6-4c90-b653-f5544e43bdb0,https://gpcdevelopment.ca/services,duplicate-meta-description,warning,"{""groupSize"":21,""otherUrls"":[""https://gpcdevelopment.ca/"",""https://gpcdevelopment.ca/about"",""https://gpcdevelopment.ca/about/tak-ho""]}",https://gpcdevelopment.ca/,2026-08-26 17:41:51,2026-08-26T17:42:02.401Z
4e199e5093d8b9218e1dc56c38dc98a829b9,5a8d246b-68b6-4c90-b653-f5544e43bdb0,https://gpcdevelopment.ca/about/tak-ho,orphan-page,warning,,https://gpcdevelopment.ca/,2026-08-26 17:41:51,2026-08-26T17:42:02.401Z
5b6d5fa7901031377a72a924647dc2c2042c,5a8d246b-68b6-4c90-b653-f5544e43bdb0,https://gpcdevelopment.ca/approach,orphan-page,warning,,https://gpcdevelopment.ca/,2026-08-26 17:41:51,2026-08-26T17:42:02.401Z
f64fe5be256381e6784d86dcb29c0d9bd0ac,5a8d246b-68b6-4c90-b653-f5544e43bdb0,https://gpcdevelopment.ca/projects,orphan-page,warning,,https://gpcdevelopment.ca/,2026-08-26 17:41:51,2026-08-26T17:42:02.401Z
0da4879ce6a27d3d5e2f330e80f04514ec64,5a8d246b-68b6-4c90-b653-f5544e43bdb0,https://gpcdevelopment.ca/contact,orphan-page,warning,,https://gpcdevelopment.ca/,2026-08-26 17:41:51,2026-08-26T17:42:02.401Z
b1d0c16f401a25b02488e47035c4367c1f19,5a8d246b-68b6-4c90-b653-f5544e43bdb0,https://gpcdevelopment.ca/projects/inova,orphan-page,warning,,https://gpcdevelopment.ca/,2026-08-26 17:41:51,2026-08-26T17:42:02.401Z
00f6880f8d17f2e3df508478da6168635920,5a8d246b-68b6-4c90-b653-f5544e43bdb0,https://gpcdevelopment.ca/projects/barrington-road,orphan-page,warning,,https://gpcdevelopment.ca/,2026-08-26 17:41:51,2026-08-26T17:42:02.401Z
a5723180aa6779eb9f245c59cc3c022f0d51,5a8d246b-68b6-4c90-b653-f5544e43bdb0,https://gpcdevelopment.ca/projects/axir,orphan-page,warning,,https://gpcdevelopment.ca/,2026-08-26 17:41:51,2026-08-26T17:42:02.401Z
e06b2feb547b70314937a72ddcb26f9ba1dc,5a8d246b-68b6-4c90-b653-f5544e43bdb0,https://gpcdevelopment.ca/about,orphan-page,warning,,https://gpcdevelopment.ca/,2026-08-26 17:41:51,2026-08-26T17:42:02.401Z
404381125233504d89b2b8c3888421b11865,5a8d246b-68b6-4c90-b653-f5544e43bdb0,https://gpcdevelopment.ca/about/zulliy-alnahas,orphan-page,warning,,https://gpcdevelopment.ca/,2026-08-26 17:41:51,2026-08-26T17:42:02.401Z
7a68e30223118d7e844506c2318ccd484f00,5a8d246b-68b6-4c90-b653-f5544e43bdb0,https://gpcdevelopment.ca/services,orphan-page,warning,,https://gpcdevelopment.ca/,2026-08-26 17:41:51,2026-08-26T17:42:02.401Z
3eb15d6942a97fede9377f4f010a601a1f21,5a8d246b-68b6-4c90-b653-f5544e43bdb0,https://gpcdevelopment.ca/projects/ablone-road,orphan-page,warning,,https://gpcdevelopment.ca/,2026-08-26 17:41:51,2026-08-26T17:42:02.401Z
a1bf586d1a7a5df9a517fcf032812bf463e9,5a8d246b-68b6-4c90-b653-f5544e43bdb0,https://gpcdevelopment.ca/projects/the-lauren,orphan-page,warning,,https://gpcdevelopment.ca/,2026-08-26 17:41:51,2026-08-26T17:42:02.401Z
d3c04f3a2da614e0808688fc9c6f62e8327d,5a8d246b-68b6-4c90-b653-f5544e43bdb0,https://gpcdevelopment.ca/projects/lizzybay,orphan-page,warning,,https://gpcdevelopment.ca/,2026-08-26 17:41:51,2026-08-26T17:42:02.401Z
67f8cc9f45c2b52c73eab1f4e6cf3247e21e,5a8d246b-68b6-4c90-b653-f5544e43bdb0,https://gpcdevelopment.ca/projects/moonlight-sonata,orphan-page,warning,,https://gpcdevelopment.ca/,2026-08-26 17:41:51,2026-08-26T17:42:02.401Z
34eae15d72705c4a790ad3308342b1edfcbf,5a8d246b-68b6-4c90-b653-f5544e43bdb0,https://gpcdevelopment.ca/projects/westbourne,orphan-page,warning,,https://gpcdevelopment.ca/,2026-08-26 17:41:51,2026-08-26T17:42:02.401Z
4d9acac9212033ab367989bdb069f8c28f13,5a8d246b-68b6-4c90-b653-f5544e43bdb0,https://gpcdevelopment.ca/projects/spanish-banks,orphan-page,warning,,https://gpcdevelopment.ca/,2026-08-26 17:41:51,2026-08-26T17:42:02.401Z
8dc00555b564e92978ac6954067930c970f0,5a8d246b-68b6-4c90-b653-f5544e43bdb0,https://gpcdevelopment.ca/projects/516-w-61st-ave,orphan-page,warning,,https://gpcdevelopment.ca/,2026-08-26 17:41:51,2026-08-26T17:42:02.401Z
a46d47fd591964b519a583fa17ae1a7fdbc9,5a8d246b-68b6-4c90-b653-f5544e43bdb0,https://gpcdevelopment.ca/projects/frances,orphan-page,warning,,https://gpcdevelopment.ca/,2026-08-26 17:41:51,2026-08-26T17:42:02.401Z
5061d1f9d11402f0d67889882204d3facac3,5a8d246b-68b6-4c90-b653-f5544e43bdb0,https://gpcdevelopment.ca/projects/buddhist-student-residence,orphan-page,warning,,https://gpcdevelopment.ca/,2026-08-26 17:41:51,2026-08-26T17:42:02.401Z
9818af7e2d7776bf94caaf2f2751c3352d7d,5a8d246b-68b6-4c90-b653-f5544e43bdb0,https://gpcdevelopment.ca/projects/mackenzie-heights,orphan-page,warning,,https://gpcdevelopment.ca/,2026-08-26 17:41:51,2026-08-26T17:42:02.401Z
84b7d670db2dacde537c241622aaecdb50fe,94478bde-5e6b-4376-8288-61c157eb830a,https://gpcdevelopment.ca/,missing-h1,warning,,https://gpcdevelopment.ca/,2026-08-26 21:20:55,2026-08-26T21:21:06.124Z
dc2a6f4fdf31a2fa5b596932884aaf0e2204,94478bde-5e6b-4376-8288-61c157eb830a,https://gpcdevelopment.ca/,thin-content,warning,"{""wordCount"":0}",https://gpcdevelopment.ca/,2026-08-26 21:20:55,2026-08-26T21:21:06.124Z
407e2f4a40c8e8d484c2ddafb6ee9eece051,94478bde-5e6b-4376-8288-61c157eb830a,https://gpcdevelopment.ca/,no-outgoing-links,warning,,https://gpcdevelopment.ca/,2026-08-26 21:20:55,2026-08-26T21:21:06.124Z
dd141058aaa39491af413e85b9e7b82d3b50,94478bde-5e6b-4376-8288-61c157eb830a,https://gpcdevelopment.ca/approach,missing-h1,warning,,https://gpcdevelopment.ca/,2026-08-26 21:20:55,2026-08-26T21:21:06.124Z
e1213888636f2291057fd444f98d0ac85f24,94478bde-5e6b-4376-8288-61c157eb830a,https://gpcdevelopment.ca/approach,thin-content,warning,"{""wordCount"":0}",https://gpcdevelopment.ca/,2026-08-26 21:20:55,2026-08-26T21:21:06.124Z
84dcb35cabd828effaeed45e782b5ab910aa,94478bde-5e6b-4376-8288-61c157eb830a,https://gpcdevelopment.ca/approach,no-outgoing-links,warning,,https://gpcdevelopment.ca/,2026-08-26 21:20:55,2026-08-26T21:21:06.124Z
92ae0eb4b902c464d2bc63b70335332e941b,94478bde-5e6b-4376-8288-61c157eb830a,https://gpcdevelopment.ca/about/tak-ho,missing-h1,warning,,https://gpcdevelopment.ca/,2026-08-26 21:20:55,2026-08-26T21:21:06.124Z
1058764361b4e42eafcd598e7317300cc5cd,94478bde-5e6b-4376-8288-61c157eb830a,https://gpcdevelopment.ca/about/tak-ho,thin-content,warning,"{""wordCount"":0}",https://gpcdevelopment.ca/,2026-08-26 21:20:55,2026-08-26T21:21:06.124Z
362d483d1248279ba38be95e67167da87fa9,94478bde-5e6b-4376-8288-61c157eb830a,https://gpcdevelopment.ca/about/tak-ho,no-outgoing-links,warning,,https://gpcdevelopment.ca/,2026-08-26 21:20:55,2026-08-26T21:21:06.124Z
49396c37a0f8f810a70736f9e4e615c18820,94478bde-5e6b-4376-8288-61c157eb830a,https://gpcdevelopment.ca/projects,missing-h1,warning,,https://gpcdevelopment.ca/,2026-08-26 21:20:55,2026-08-26T21:21:06.124Z
663e1b8f3be98e1e331fde9d65eb43da3bf3,94478bde-5e6b-4376-8288-61c157eb830a,https://gpcdevelopment.ca/projects,thin-content,warning,"{""wordCount"":0}",https://gpcdevelopment.ca/,2026-08-26 21:20:55,2026-08-26T21:21:06.124Z
27982bb4c18bec898a62853825e32ef255c4,94478bde-5e6b-4376-8288-61c157eb830a,https://gpcdevelopment.ca/projects,no-outgoing-links,warning,,https://gpcdevelopment.ca/,2026-08-26 21:20:55,2026-08-26T21:21:06.124Z
8b4caeb4e0b3d9ed30f3cfccb8c790be9af8,94478bde-5e6b-4376-8288-61c157eb830a,https://gpcdevelopment.ca/about,missing-h1,warning,,https://gpcdevelopment.ca/,2026-08-26 21:20:55,2026-08-26T21:21:06.124Z
7c205a140dc87b3159b3f0a78c33d50583c4,94478bde-5e6b-4376-8288-61c157eb830a,https://gpcdevelopment.ca/about,thin-content,warning,"{""wordCount"":0}",https://gpcdevelopment.ca/,2026-08-26 21:20:55,2026-08-26T21:21:06.124Z
1f04cf23f20a3ac2e20550f2fd16b45aaaf8,94478bde-5e6b-4376-8288-61c157eb830a,https://gpcdevelopment.ca/about,no-outgoing-links,warning,,https://gpcdevelopment.ca/,2026-08-26 21:20:55,2026-08-26T21:21:06.124Z
24ae6c325b4cecf7c36bb27a65b102be669a,94478bde-5e6b-4376-8288-61c157eb830a,https://gpcdevelopment.ca/projects/the-lauren,missing-h1,warning,,https://gpcdevelopment.ca/,2026-08-26 21:20:55,2026-08-26T21:21:06.124Z
4af9b2240310a29c417125e4692fb5785768,94478bde-5e6b-4376-8288-61c157eb830a,https://gpcdevelopment.ca/projects/the-lauren,thin-content,warning,"{""wordCount"":0}",https://gpcdevelopment.ca/,2026-08-26 21:20:55,2026-08-26T21:21:06.124Z
b37eef44daadc75d7a2e628629291dd2947f,94478bde-5e6b-4376-8288-61c157eb830a,https://gpcdevelopment.ca/projects/the-lauren,no-outgoing-links,warning,,https://gpcdevelopment.ca/,2026-08-26 21:20:55,2026-08-26T21:21:06.124Z
92fd6167d343555a203c11c66ad4a4cf76be,94478bde-5e6b-4376-8288-61c157eb830a,https://gpcdevelopment.ca/projects/barrington-road,missing-h1,warning,,https://gpcdevelopment.ca/,2026-08-26 21:20:55,2026-08-26T21:21:06.124Z
8f38bd7c80b7edf3aac6fd51df5a66e23a83,94478bde-5e6b-4376-8288-61c157eb830a,https://gpcdevelopment.ca/projects/barrington-road,thin-content,warning,"{""wordCount"":0}",https://gpcdevelopment.ca/,2026-08-26 21:20:55,2026-08-26T21:21:06.124Z
9ce35bb509cc92194f6394020e8eab5c8578,94478bde-5e6b-4376-8288-61c157eb830a,https://gpcdevelopment.ca/projects/barrington-road,no-outgoing-links,warning,,https://gpcdevelopment.ca/,2026-08-26 21:20:55,2026-08-26T21:21:06.124Z
1953297cf873ed12cc18269b4c3ecc83fc4a,94478bde-5e6b-4376-8288-61c157eb830a,https://gpcdevelopment.ca/about/zulliy-alnahas,slow-response,info,"{""responseTimeMs"":1851}",https://gpcdevelopment.ca/,2026-08-26 21:20:55,2026-08-26T21:21:06.124Z
5d95b67ba6d513d7d13afce11de9c5f5a6ed,94478bde-5e6b-4376-8288-61c157eb830a,https://gpcdevelopment.ca/about/zulliy-alnahas,missing-h1,warning,,https://gpcdevelopment.ca/,2026-08-26 21:20:55,2026-08-26T21:21:06.124Z
bb553af17772e74df76a48838aa0602affee,94478bde-5e6b-4376-8288-61c157eb830a,https://gpcdevelopment.ca/about/zulliy-alnahas,thin-content,warning,"{""wordCount"":0}",https://gpcdevelopment.ca/,2026-08-26 21:20:55,2026-08-26T21:21:06.124Z
87b86b2734868e0142c8106cfab12a49d45c,94478bde-5e6b-4376-8288-61c157eb830a,https://gpcdevelopment.ca/about/zulliy-alnahas,no-outgoing-links,warning,,https://gpcdevelopment.ca/,2026-08-26 21:20:55,2026-08-26T21:21:06.124Z
741997ebb9f2dd5fdc4b942a1fb044c91753,94478bde-5e6b-4376-8288-61c157eb830a,https://gpcdevelopment.ca/contact,slow-response,info,"{""responseTimeMs"":1851}",https://gpcdevelopment.ca/,2026-08-26 21:20:55,2026-08-26T21:21:06.124Z
786fbec43fb877a168b7e4c650afc68c8a31,94478bde-5e6b-4376-8288-61c157eb830a,https://gpcdevelopment.ca/contact,missing-h1,warning,,https://gpcdevelopment.ca/,2026-08-26 21:20:55,2026-08-26T21:21:06.124Z
97564b7495014d0a5b3a4342e473da68cd8c,94478bde-5e6b-4376-8288-61c157eb830a,https://gpcdevelopment.ca/contact,thin-content,warning,"{""wordCount"":0}",https://gpcdevelopment.ca/,2026-08-26 21:20:55,2026-08-26T21:21:06.124Z
e64d40dc35b08bbf757eecbb8cb6bec3c5e4,94478bde-5e6b-4376-8288-61c157eb830a,https://gpcdevelopment.ca/contact,no-outgoing-links,warning,,https://gpcdevelopment.ca/,2026-08-26 21:20:55,2026-08-26T21:21:06.124Z
d7d096fdfde88363d3c3b745ed684497cebd,94478bde-5e6b-4376-8288-61c157eb830a,https://gpcdevelopment.ca/services,slow-response,info,"{""responseTimeMs"":1851}",https://gpcdevelopment.ca/,2026-08-26 21:20:55,2026-08-26T21:21:06.124Z
7e588d6a833a76803ed76e69b3870280e862,94478bde-5e6b-4376-8288-61c157eb830a,https://gpcdevelopment.ca/services,missing-h1,warning,,https://gpcdevelopment.ca/,2026-08-26 21:20:55,2026-08-26T21:21:06.124Z
08e93cf920bfe785615e82c5f97686b7117a,94478bde-5e6b-4376-8288-61c157eb830a,https://gpcdevelopment.ca/services,thin-content,warning,"{""wordCount"":0}",https://gpcdevelopment.ca/,2026-08-26 21:20:55,2026-08-26T21:21:06.124Z
8b95cc934171cf44f0e47ed274a836d207bb,94478bde-5e6b-4376-8288-61c157eb830a,https://gpcdevelopment.ca/services,no-outgoing-links,warning,,https://gpcdevelopment.ca/,2026-08-26 21:20:55,2026-08-26T21:21:06.124Z
cac533df5626c2d904437e08db22e363238d,94478bde-5e6b-4376-8288-61c157eb830a,https://gpcdevelopment.ca/projects/moonlight-sonata,slow-response,info,"{""responseTimeMs"":1709}",https://gpcdevelopment.ca/,2026-08-26 21:20:55,2026-08-26T21:21:06.124Z
4ca1715438f51323bb85622247ec45a3e672,94478bde-5e6b-4376-8288-61c157eb830a,https://gpcdevelopment.ca/projects/moonlight-sonata,missing-h1,warning,,https://gpcdevelopment.ca/,2026-08-26 21:20:55,2026-08-26T21:21:06.124Z
dbc437cd600487287c739ac7c5615f554b7c,94478bde-5e6b-4376-8288-61c157eb830a,https://gpcdevelopment.ca/projects/moonlight-sonata,thin-content,warning,"{""wordCount"":0}",https://gpcdevelopment.ca/,2026-08-26 21:20:55,2026-08-26T21:21:06.124Z
04a1947346be78772b0db42aa1625ebdca0a,94478bde-5e6b-4376-8288-61c157eb830a,https://gpcdevelopment.ca/projects/moonlight-sonata,no-outgoing-links,warning,,https://gpcdevelopment.ca/,2026-08-26 21:20:55,2026-08-26T21:21:06.124Z
88685b0b169d3a6083a8e267abe1f776f1fc,94478bde-5e6b-4376-8288-61c157eb830a,https://gpcdevelopment.ca/projects/ablone-road,missing-h1,warning,,https://gpcdevelopment.ca/,2026-08-26 21:20:55,2026-08-26T21:21:06.124Z
3eef2ef1b9e2b6e7a601446c3858471d4cdc,94478bde-5e6b-4376-8288-61c157eb830a,https://gpcdevelopment.ca/projects/ablone-road,thin-content,warning,"{""wordCount"":0}",https://gpcdevelopment.ca/,2026-08-26 21:20:55,2026-08-26T21:21:06.124Z
781f1f1050c99367f23bef39e8a0e42666f2,94478bde-5e6b-4376-8288-61c157eb830a,https://gpcdevelopment.ca/projects/ablone-road,no-outgoing-links,warning,,https://gpcdevelopment.ca/,2026-08-26 21:20:55,2026-08-26T21:21:06.124Z
3325ac789afcd884af6e1aa3d458f9aebe22,94478bde-5e6b-4376-8288-61c157eb830a,https://gpcdevelopment.ca/projects/lizzybay,missing-h1,warning,,https://gpcdevelopment.ca/,2026-08-26 21:20:55,2026-08-26T21:21:06.124Z
02b9801856f56c83bf63a1cd3e0173dff4f5,94478bde-5e6b-4376-8288-61c157eb830a,https://gpcdevelopment.ca/projects/lizzybay,thin-content,warning,"{""wordCount"":0}",https://gpcdevelopment.ca/,2026-08-26 21:20:55,2026-08-26T21:21:06.124Z
498fe3302c941530f8c736deb3514cda1ebd,94478bde-5e6b-4376-8288-61c157eb830a,https://gpcdevelopment.ca/projects/lizzybay,no-outgoing-links,warning,,https://gpcdevelopment.ca/,2026-08-26 21:20:55,2026-08-26T21:21:06.124Z
15ca6330d1b731e97da2a22a8d88959f9cbc,94478bde-5e6b-4376-8288-61c157eb830a,https://gpcdevelopment.ca/projects/axir,slow-response,info,"{""responseTimeMs"":1850}",https://gpcdevelopment.ca/,2026-08-26 21:20:55,2026-08-26T21:21:06.124Z
78ea82f99e988d3a5f9a917a60d83d01ba40,94478bde-5e6b-4376-8288-61c157eb830a,https://gpcdevelopment.ca/projects/axir,missing-h1,warning,,https://gpcdevelopment.ca/,2026-08-26 21:20:55,2026-08-26T21:21:06.124Z
534908c6eac550a7d5e0032b1226d5d038e6,94478bde-5e6b-4376-8288-61c157eb830a,https://gpcdevelopment.ca/projects/axir,thin-content,warning,"{""wordCount"":0}",https://gpcdevelopment.ca/,2026-08-26 21:20:55,2026-08-26T21:21:06.124Z
ac1b2575baa83fccb19ea46816a2078cb213,94478bde-5e6b-4376-8288-61c157eb830a,https://gpcdevelopment.ca/projects/axir,no-outgoing-links,warning,,https://gpcdevelopment.ca/,2026-08-26 21:20:55,2026-08-26T21:21:06.124Z
b7fed1861147927f212d192c95defa9039a0,94478bde-5e6b-4376-8288-61c157eb830a,https://gpcdevelopment.ca/projects/inova,slow-response,info,"{""responseTimeMs"":1850}",https://gpcdevelopment.ca/,2026-08-26 21:20:55,2026-08-26T21:21:06.124Z
3df83c9a89a37a9ecb45555a64816594a1fa,94478bde-5e6b-4376-8288-61c157eb830a,https://gpcdevelopment.ca/projects/inova,missing-h1,warning,,https://gpcdevelopment.ca/,2026-08-26 21:20:55,2026-08-26T21:21:06.124Z
027905827385d8f4b199d907a6c1677af700,94478bde-5e6b-4376-8288-61c157eb830a,https://gpcdevelopment.ca/projects/inova,thin-content,warning,"{""wordCount"":0}",https://gpcdevelopment.ca/,2026-08-26 21:20:55,2026-08-26T21:21:06.124Z
821ba4f6039e693ac89705bfedd9df09c191,94478bde-5e6b-4376-8288-61c157eb830a,https://gpcdevelopment.ca/projects/inova,no-outgoing-links,warning,,https://gpcdevelopment.ca/,2026-08-26 21:20:55,2026-08-26T21:21:06.124Z
30d8c6a94eafb2e41de0ba67ac68fe610241,94478bde-5e6b-4376-8288-61c157eb830a,https://gpcdevelopment.ca/projects/mackenzie-heights,missing-h1,warning,,https://gpcdevelopment.ca/,2026-08-26 21:20:55,2026-08-26T21:21:06.124Z
aac3a51d2e52e4681cc961e142614313df82,94478bde-5e6b-4376-8288-61c157eb830a,https://gpcdevelopment.ca/projects/mackenzie-heights,thin-content,warning,"{""wordCount"":0}",https://gpcdevelopment.ca/,2026-08-26 21:20:55,2026-08-26T21:21:06.124Z
6463d731f3830f81c794e72b9268f27bd5c1,94478bde-5e6b-4376-8288-61c157eb830a,https://gpcdevelopment.ca/projects/mackenzie-heights,no-outgoing-links,warning,,https://gpcdevelopment.ca/,2026-08-26 21:20:55,2026-08-26T21:21:06.124Z
dd7a9cc3ad21ea4de98c76b85e3736065140,94478bde-5e6b-4376-8288-61c157eb830a,https://gpcdevelopment.ca/projects/516-w-61st-ave,missing-h1,warning,,https://gpcdevelopment.ca/,2026-08-26 21:20:55,2026-08-26T21:21:06.124Z
a63eba3d7b64af34d29bd5ea979c16aacdd1,94478bde-5e6b-4376-8288-61c157eb830a,https://gpcdevelopment.ca/projects/516-w-61st-ave,thin-content,warning,"{""wordCount"":0}",https://gpcdevelopment.ca/,2026-08-26 21:20:55,2026-08-26T21:21:06.124Z
a166a79a72a7caa05eef3903119ce4b9978f,94478bde-5e6b-4376-8288-61c157eb830a,https://gpcdevelopment.ca/projects/516-w-61st-ave,no-outgoing-links,warning,,https://gpcdevelopment.ca/,2026-08-26 21:20:55,2026-08-26T21:21:06.124Z
fdd86529e2720e5a5aa379668a14892c91a8,94478bde-5e6b-4376-8288-61c157eb830a,https://gpcdevelopment.ca/projects/buddhist-student-residence,missing-h1,warning,,https://gpcdevelopment.ca/,2026-08-26 21:20:55,2026-08-26T21:21:06.124Z
d3fd8ff809ea053177f90184d7a1b5cad457,94478bde-5e6b-4376-8288-61c157eb830a,https://gpcdevelopment.ca/projects/buddhist-student-residence,thin-content,warning,"{""wordCount"":0}",https://gpcdevelopment.ca/,2026-08-26 21:20:55,2026-08-26T21:21:06.124Z
5191bd6c768d24028845a603447656928ab1,94478bde-5e6b-4376-8288-61c157eb830a,https://gpcdevelopment.ca/projects/buddhist-student-residence,no-outgoing-links,warning,,https://gpcdevelopment.ca/,2026-08-26 21:20:55,2026-08-26T21:21:06.124Z
b6ad51a2b981e11b62fb97a882cf6ef3d9ae,94478bde-5e6b-4376-8288-61c157eb830a,https://gpcdevelopment.ca/projects/frances,missing-h1,warning,,https://gpcdevelopment.ca/,2026-08-26 21:20:55,2026-08-26T21:21:06.124Z
d5852c81165b79e30f5e25337d7def997929,94478bde-5e6b-4376-8288-61c157eb830a,https://gpcdevelopment.ca/projects/frances,thin-content,warning,"{""wordCount"":0}",https://gpcdevelopment.ca/,2026-08-26 21:20:55,2026-08-26T21:21:06.124Z
7ba88c5a79fff8c4f8eeb96b3e2d3f90678f,94478bde-5e6b-4376-8288-61c157eb830a,https://gpcdevelopment.ca/projects/frances,no-outgoing-links,warning,,https://gpcdevelopment.ca/,2026-08-26 21:20:55,2026-08-26T21:21:06.124Z
5336a090e33c48535f811cb2edafafb7165d,94478bde-5e6b-4376-8288-61c157eb830a,https://gpcdevelopment.ca/projects/westbourne,missing-h1,warning,,https://gpcdevelopment.ca/,2026-08-26 21:20:55,2026-08-26T21:21:06.124Z
713c6b81f52dd92e58b1d70ff7ed7ee6c170,94478bde-5e6b-4376-8288-61c157eb830a,https://gpcdevelopment.ca/projects/westbourne,thin-content,warning,"{""wordCount"":0}",https://gpcdevelopment.ca/,2026-08-26 21:20:55,2026-08-26T21:21:06.124Z
2bd3e717a96a3490844873ac6469de8cbfe4,94478bde-5e6b-4376-8288-61c157eb830a,https://gpcdevelopment.ca/projects/westbourne,no-outgoing-links,warning,,https://gpcdevelopment.ca/,2026-08-26 21:20:55,2026-08-26T21:21:06.124Z
88d8a5e5f614a358e017a0b62baefc0dc1af,94478bde-5e6b-4376-8288-61c157eb830a,https://gpcdevelopment.ca/projects/spanish-banks,missing-h1,warning,,https://gpcdevelopment.ca/,2026-08-26 21:20:55,2026-08-26T21:21:06.124Z
fe6dccb07399486c4f116c132dc2f99d333c,94478bde-5e6b-4376-8288-61c157eb830a,https://gpcdevelopment.ca/projects/spanish-banks,thin-content,warning,"{""wordCount"":0}",https://gpcdevelopment.ca/,2026-08-26 21:20:55,2026-08-26T21:21:06.124Z
50cc81dac46c406c2119a5ac394cd3426629,94478bde-5e6b-4376-8288-61c157eb830a,https://gpcdevelopment.ca/projects/spanish-banks,no-outgoing-links,warning,,https://gpcdevelopment.ca/,2026-08-26 21:20:55,2026-08-26T21:21:06.124Z
4b5cceb4ca6a9f52e9190003d1d4e10a6b78,94478bde-5e6b-4376-8288-61c157eb830a,https://gpcdevelopment.ca/,duplicate-title,warning,"{""groupSize"":21,""otherUrls"":[""https://gpcdevelopment.ca/about"",""https://gpcdevelopment.ca/about/tak-ho"",""https://gpcdevelopment.ca/about/zulliy-alnahas""]}",https://gpcdevelopment.ca/,2026-08-26 21:20:55,2026-08-26T21:21:06.124Z
da2c7a2225974711ba1e9ffca4071710d850,94478bde-5e6b-4376-8288-61c157eb830a,https://gpcdevelopment.ca/about,duplicate-title,warning,"{""groupSize"":21,""otherUrls"":[""https://gpcdevelopment.ca/"",""https://gpcdevelopment.ca/about/tak-ho"",""https://gpcdevelopment.ca/about/zulliy-alnahas""]}",https://gpcdevelopment.ca/,2026-08-26 21:20:55,2026-08-26T21:21:06.124Z
30bd0c86047868b9d554e2bbdc0ace1c9141,94478bde-5e6b-4376-8288-61c157eb830a,https://gpcdevelopment.ca/about/tak-ho,duplicate-title,warning,"{""groupSize"":21,""otherUrls"":[""https://gpcdevelopment.ca/"",""https://gpcdevelopment.ca/about"",""https://gpcdevelopment.ca/about/zulliy-alnahas""]}",https://gpcdevelopment.ca/,2026-08-26 21:20:55,2026-08-26T21:21:06.124Z
47fe89b9857ad009e93e95eaedb4b5302bb1,94478bde-5e6b-4376-8288-61c157eb830a,https://gpcdevelopment.ca/about/zulliy-alnahas,duplicate-title,warning,"{""groupSize"":21,""otherUrls"":[""https://gpcdevelopment.ca/"",""https://gpcdevelopment.ca/about"",""https://gpcdevelopment.ca/about/tak-ho""]}",https://gpcdevelopment.ca/,2026-08-26 21:20:55,2026-08-26T21:21:06.124Z
cac0d15bcc4bef7cf272f59f7c80ccd788ba,94478bde-5e6b-4376-8288-61c157eb830a,https://gpcdevelopment.ca/approach,duplicate-title,warning,"{""groupSize"":21,""otherUrls"":[""https://gpcdevelopment.ca/"",""https://gpcdevelopment.ca/about"",""https://gpcdevelopment.ca/about/tak-ho""]}",https://gpcdevelopment.ca/,2026-08-26 21:20:55,2026-08-26T21:21:06.124Z
6f559c7ad1a72a343cd0082791c981674a33,94478bde-5e6b-4376-8288-61c157eb830a,https://gpcdevelopment.ca/contact,duplicate-title,warning,"{""groupSize"":21,""otherUrls"":[""https://gpcdevelopment.ca/"",""https://gpcdevelopment.ca/about"",""https://gpcdevelopment.ca/about/tak-ho""]}",https://gpcdevelopment.ca/,2026-08-26 21:20:55,2026-08-26T21:21:06.124Z
5965d4a9f413140cf1c1e351eecb705a865f,94478bde-5e6b-4376-8288-61c157eb830a,https://gpcdevelopment.ca/projects,duplicate-title,warning,"{""groupSize"":21,""otherUrls"":[""https://gpcdevelopment.ca/"",""https://gpcdevelopment.ca/about"",""https://gpcdevelopment.ca/about/tak-ho""]}",https://gpcdevelopment.ca/,2026-08-26 21:20:55,2026-08-26T21:21:06.124Z
8dfd797da62df5bb507836f80330817825ce,94478bde-5e6b-4376-8288-61c157eb830a,https://gpcdevelopment.ca/projects/516-w-61st-ave,duplicate-title,warning,"{""groupSize"":21,""otherUrls"":[""https://gpcdevelopment.ca/"",""https://gpcdevelopment.ca/about"",""https://gpcdevelopment.ca/about/tak-ho""]}",https://gpcdevelopment.ca/,2026-08-26 21:20:55,2026-08-26T21:21:06.124Z
25853e4344dd8c5d11527f9e3ae0365226ec,94478bde-5e6b-4376-8288-61c157eb830a,https://gpcdevelopment.ca/projects/ablone-road,duplicate-title,warning,"{""groupSize"":21,""otherUrls"":[""https://gpcdevelopment.ca/"",""https://gpcdevelopment.ca/about"",""https://gpcdevelopment.ca/about/tak-ho""]}",https://gpcdevelopment.ca/,2026-08-26 21:20:55,2026-08-26T21:21:06.124Z
557dd353408bbebd063007b0855d9e8cbef0,94478bde-5e6b-4376-8288-61c157eb830a,https://gpcdevelopment.ca/projects/axir,duplicate-title,warning,"{""groupSize"":21,""otherUrls"":[""https://gpcdevelopment.ca/"",""https://gpcdevelopment.ca/about"",""https://gpcdevelopment.ca/about/tak-ho""]}",https://gpcdevelopment.ca/,2026-08-26 21:20:55,2026-08-26T21:21:06.124Z
8b98eecf915af1348f827790aec29a2a357d,94478bde-5e6b-4376-8288-61c157eb830a,https://gpcdevelopment.ca/projects/barrington-road,duplicate-title,warning,"{""groupSize"":21,""otherUrls"":[""https://gpcdevelopment.ca/"",""https://gpcdevelopment.ca/about"",""https://gpcdevelopment.ca/about/tak-ho""]}",https://gpcdevelopment.ca/,2026-08-26 21:20:55,2026-08-26T21:21:06.124Z
854f29ce4cd2a593d50dc73ef07a2a54ba9a,94478bde-5e6b-4376-8288-61c157eb830a,https://gpcdevelopment.ca/projects/buddhist-student-residence,duplicate-title,warning,"{""groupSize"":21,""otherUrls"":[""https://gpcdevelopment.ca/"",""https://gpcdevelopment.ca/about"",""https://gpcdevelopment.ca/about/tak-ho""]}",https://gpcdevelopment.ca/,2026-08-26 21:20:55,2026-08-26T21:21:06.124Z
fc26337b1ffd8bdc53b54d81245ae1013c57,94478bde-5e6b-4376-8288-61c157eb830a,https://gpcdevelopment.ca/projects/frances,duplicate-title,warning,"{""groupSize"":21,""otherUrls"":[""https://gpcdevelopment.ca/"",""https://gpcdevelopment.ca/about"",""https://gpcdevelopment.ca/about/tak-ho""]}",https://gpcdevelopment.ca/,2026-08-26 21:20:55,2026-08-26T21:21:06.124Z
b94b5499bcb8a21c35b91431517d87c26e55,94478bde-5e6b-4376-8288-61c157eb830a,https://gpcdevelopment.ca/projects/inova,duplicate-title,warning,"{""groupSize"":21,""otherUrls"":[""https://gpcdevelopment.ca/"",""https://gpcdevelopment.ca/about"",""https://gpcdevelopment.ca/about/tak-ho""]}",https://gpcdevelopment.ca/,2026-08-26 21:20:55,2026-08-26T21:21:06.124Z
e4f721406b9d94f7b22507d284eba495eb70,94478bde-5e6b-4376-8288-61c157eb830a,https://gpcdevelopment.ca/projects/lizzybay,duplicate-title,warning,"{""groupSize"":21,""otherUrls"":[""https://gpcdevelopment.ca/"",""https://gpcdevelopment.ca/about"",""https://gpcdevelopment.ca/about/tak-ho""]}",https://gpcdevelopment.ca/,2026-08-26 21:20:55,2026-08-26T21:21:06.124Z
132e720be5b97115bd83f18328b9ba258c1a,94478bde-5e6b-4376-8288-61c157eb830a,https://gpcdevelopment.ca/projects/mackenzie-heights,duplicate-title,warning,"{""groupSize"":21,""otherUrls"":[""https://gpcdevelopment.ca/"",""https://gpcdevelopment.ca/about"",""https://gpcdevelopment.ca/about/tak-ho""]}",https://gpcdevelopment.ca/,2026-08-26 21:20:55,2026-08-26T21:21:06.124Z
3516d18c82005be1f8aaed671d6e3729fc00,94478bde-5e6b-4376-8288-61c157eb830a,https://gpcdevelopment.ca/projects/moonlight-sonata,duplicate-title,warning,"{""groupSize"":21,""otherUrls"":[""https://gpcdevelopment.ca/"",""https://gpcdevelopment.ca/about"",""https://gpcdevelopment.ca/about/tak-ho""]}",https://gpcdevelopment.ca/,2026-08-26 21:20:55,2026-08-26T21:21:06.124Z
21299ae3e9560f63ede2b9f34b90171587aa,94478bde-5e6b-4376-8288-61c157eb830a,https://gpcdevelopment.ca/projects/spanish-banks,duplicate-title,warning,"{""groupSize"":21,""otherUrls"":[""https://gpcdevelopment.ca/"",""https://gpcdevelopment.ca/about"",""https://gpcdevelopment.ca/about/tak-ho""]}",https://gpcdevelopment.ca/,2026-08-26 21:20:55,2026-08-26T21:21:06.124Z
5d385203e894a68d45cdce1c89923d89219d,94478bde-5e6b-4376-8288-61c157eb830a,https://gpcdevelopment.ca/projects/the-lauren,duplicate-title,warning,"{""groupSize"":21,""otherUrls"":[""https://gpcdevelopment.ca/"",""https://gpcdevelopment.ca/about"",""https://gpcdevelopment.ca/about/tak-ho""]}",https://gpcdevelopment.ca/,2026-08-26 21:20:55,2026-08-26T21:21:06.124Z
39da5b1a1890fd0f6cebb884eda65d827ae6,94478bde-5e6b-4376-8288-61c157eb830a,https://gpcdevelopment.ca/projects/westbourne,duplicate-title,warning,"{""groupSize"":21,""otherUrls"":[""https://gpcdevelopment.ca/"",""https://gpcdevelopment.ca/about"",""https://gpcdevelopment.ca/about/tak-ho""]}",https://gpcdevelopment.ca/,2026-08-26 21:20:55,2026-08-26T21:21:06.124Z
4486cc0d684c9d6f2a430c757ac14a6f4d0d,94478bde-5e6b-4376-8288-61c157eb830a,https://gpcdevelopment.ca/services,duplicate-title,warning,"{""groupSize"":21,""otherUrls"":[""https://gpcdevelopment.ca/"",""https://gpcdevelopment.ca/about"",""https://gpcdevelopment.ca/about/tak-ho""]}",https://gpcdevelopment.ca/,2026-08-26 21:20:55,2026-08-26T21:21:06.124Z
0c3d7682882558be8cf0782fd59ad30115c2,94478bde-5e6b-4376-8288-61c157eb830a,https://gpcdevelopment.ca/,duplicate-meta-description,warning,"{""groupSize"":21,""otherUrls"":[""https://gpcdevelopment.ca/about"",""https://gpcdevelopment.ca/about/tak-ho"",""https://gpcdevelopment.ca/about/zulliy-alnahas""]}",https://gpcdevelopment.ca/,2026-08-26 21:20:55,2026-08-26T21:21:06.124Z
c7188a6548be264cc3502fd906892864b664,94478bde-5e6b-4376-8288-61c157eb830a,https://gpcdevelopment.ca/about,duplicate-meta-description,warning,"{""groupSize"":21,""otherUrls"":[""https://gpcdevelopment.ca/"",""https://gpcdevelopment.ca/about/tak-ho"",""https://gpcdevelopment.ca/about/zulliy-alnahas""]}",https://gpcdevelopment.ca/,2026-08-26 21:20:55,2026-08-26T21:21:06.124Z
644ab9a96a5fe9138479626b402bf8b01608,94478bde-5e6b-4376-8288-61c157eb830a,https://gpcdevelopment.ca/about/tak-ho,duplicate-meta-description,warning,"{""groupSize"":21,""otherUrls"":[""https://gpcdevelopment.ca/"",""https://gpcdevelopment.ca/about"",""https://gpcdevelopment.ca/about/zulliy-alnahas""]}",https://gpcdevelopment.ca/,2026-08-26 21:20:55,2026-08-26T21:21:06.124Z
a086a0693233af5918c3a8e61956f1f71ce5,94478bde-5e6b-4376-8288-61c157eb830a,https://gpcdevelopment.ca/about/zulliy-alnahas,duplicate-meta-description,warning,"{""groupSize"":21,""otherUrls"":[""https://gpcdevelopment.ca/"",""https://gpcdevelopment.ca/about"",""https://gpcdevelopment.ca/about/tak-ho""]}",https://gpcdevelopment.ca/,2026-08-26 21:20:55,2026-08-26T21:21:06.124Z
bf758ce140757940fbe8514c4de9b3046d0c,94478bde-5e6b-4376-8288-61c157eb830a,https://gpcdevelopment.ca/approach,duplicate-meta-description,warning,"{""groupSize"":21,""otherUrls"":[""https://gpcdevelopment.ca/"",""https://gpcdevelopment.ca/about"",""https://gpcdevelopment.ca/about/tak-ho""]}",https://gpcdevelopment.ca/,2026-08-26 21:20:55,2026-08-26T21:21:06.124Z
153a241f0fe5e7ad87e85e10de4855c0ebad,94478bde-5e6b-4376-8288-61c157eb830a,https://gpcdevelopment.ca/contact,duplicate-meta-description,warning,"{""groupSize"":21,""otherUrls"":[""https://gpcdevelopment.ca/"",""https://gpcdevelopment.ca/about"",""https://gpcdevelopment.ca/about/tak-ho""]}",https://gpcdevelopment.ca/,2026-08-26 21:20:55,2026-08-26T21:21:06.124Z
f39aeb3bbc1b442b477bccda2e5b38c9fdc3,94478bde-5e6b-4376-8288-61c157eb830a,https://gpcdevelopment.ca/projects,duplicate-meta-description,warning,"{""groupSize"":21,""otherUrls"":[""https://gpcdevelopment.ca/"",""https://gpcdevelopment.ca/about"",""https://gpcdevelopment.ca/about/tak-ho""]}",https://gpcdevelopment.ca/,2026-08-26 21:20:55,2026-08-26T21:21:06.124Z
abf6dbd997eb1671454dada2189bc9d1121f,94478bde-5e6b-4376-8288-61c157eb830a,https://gpcdevelopment.ca/projects/516-w-61st-ave,duplicate-meta-description,warning,"{""groupSize"":21,""otherUrls"":[""https://gpcdevelopment.ca/"",""https://gpcdevelopment.ca/about"",""https://gpcdevelopment.ca/about/tak-ho""]}",https://gpcdevelopment.ca/,2026-08-26 21:20:55,2026-08-26T21:21:06.124Z
08d1b22219ee546e519b7cc0b10f43aacb5a,94478bde-5e6b-4376-8288-61c157eb830a,https://gpcdevelopment.ca/projects/ablone-road,duplicate-meta-description,warning,"{""groupSize"":21,""otherUrls"":[""https://gpcdevelopment.ca/"",""https://gpcdevelopment.ca/about"",""https://gpcdevelopment.ca/about/tak-ho""]}",https://gpcdevelopment.ca/,2026-08-26 21:20:55,2026-08-26T21:21:06.124Z
e5ac3b0f5cdcfd2b7e155c6e1c70eaacfc1a,94478bde-5e6b-4376-8288-61c157eb830a,https://gpcdevelopment.ca/projects/axir,duplicate-meta-description,warning,"{""groupSize"":21,""otherUrls"":[""https://gpcdevelopment.ca/"",""https://gpcdevelopment.ca/about"",""https://gpcdevelopment.ca/about/tak-ho""]}",https://gpcdevelopment.ca/,2026-08-26 21:20:55,2026-08-26T21:21:06.124Z
695f9ab820c820257bcd7c049748df28fad5,94478bde-5e6b-4376-8288-61c157eb830a,https://gpcdevelopment.ca/projects/barrington-road,duplicate-meta-description,warning,"{""groupSize"":21,""otherUrls"":[""https://gpcdevelopment.ca/"",""https://gpcdevelopment.ca/about"",""https://gpcdevelopment.ca/about/tak-ho""]}",https://gpcdevelopment.ca/,2026-08-26 21:20:55,2026-08-26T21:21:06.124Z
65edfdcd2ebda93c165c034e5294182d9fa5,94478bde-5e6b-4376-8288-61c157eb830a,https://gpcdevelopment.ca/projects/buddhist-student-residence,duplicate-meta-description,warning,"{""groupSize"":21,""otherUrls"":[""https://gpcdevelopment.ca/"",""https://gpcdevelopment.ca/about"",""https://gpcdevelopment.ca/about/tak-ho""]}",https://gpcdevelopment.ca/,2026-08-26 21:20:55,2026-08-26T21:21:06.124Z
a25f99f017c73a0bf95565539243ed5ee797,94478bde-5e6b-4376-8288-61c157eb830a,https://gpcdevelopment.ca/projects/frances,duplicate-meta-description,warning,"{""groupSize"":21,""otherUrls"":[""https://gpcdevelopment.ca/"",""https://gpcdevelopment.ca/about"",""https://gpcdevelopment.ca/about/tak-ho""]}",https://gpcdevelopment.ca/,2026-08-26 21:20:55,2026-08-26T21:21:06.124Z
65134c2ed5d1617a14191fef72d4ce64cd1a,94478bde-5e6b-4376-8288-61c157eb830a,https://gpcdevelopment.ca/projects/inova,duplicate-meta-description,warning,"{""groupSize"":21,""otherUrls"":[""https://gpcdevelopment.ca/"",""https://gpcdevelopment.ca/about"",""https://gpcdevelopment.ca/about/tak-ho""]}",https://gpcdevelopment.ca/,2026-08-26 21:20:55,2026-08-26T21:21:06.124Z
8adde688f52d2527f85337877b913739c365,94478bde-5e6b-4376-8288-61c157eb830a,https://gpcdevelopment.ca/projects/lizzybay,duplicate-meta-description,warning,"{""groupSize"":21,""otherUrls"":[""https://gpcdevelopment.ca/"",""https://gpcdevelopment.ca/about"",""https://gpcdevelopment.ca/about/tak-ho""]}",https://gpcdevelopment.ca/,2026-08-26 21:20:55,2026-08-26T21:21:06.124Z
b9145a6e71606f58b59523a2276f08034fd4,94478bde-5e6b-4376-8288-61c157eb830a,https://gpcdevelopment.ca/projects/mackenzie-heights,duplicate-meta-description,warning,"{""groupSize"":21,""otherUrls"":[""https://gpcdevelopment.ca/"",""https://gpcdevelopment.ca/about"",""https://gpcdevelopment.ca/about/tak-ho""]}",https://gpcdevelopment.ca/,2026-08-26 21:20:55,2026-08-26T21:21:06.124Z
d6661fc6228a2cb0a1019bad4422d51a698a,94478bde-5e6b-4376-8288-61c157eb830a,https://gpcdevelopment.ca/projects/moonlight-sonata,duplicate-meta-description,warning,"{""groupSize"":21,""otherUrls"":[""https://gpcdevelopment.ca/"",""https://gpcdevelopment.ca/about"",""https://gpcdevelopment.ca/about/tak-ho""]}",https://gpcdevelopment.ca/,2026-08-26 21:20:55,2026-08-26T21:21:06.124Z
73955e2bb9522ea628eba5219cfc47ed5587,94478bde-5e6b-4376-8288-61c157eb830a,https://gpcdevelopment.ca/projects/spanish-banks,duplicate-meta-description,warning,"{""groupSize"":21,""otherUrls"":[""https://gpcdevelopment.ca/"",""https://gpcdevelopment.ca/about"",""https://gpcdevelopment.ca/about/tak-ho""]}",https://gpcdevelopment.ca/,2026-08-26 21:20:55,2026-08-26T21:21:06.124Z
07c0da0e6bb255ebcf8f5d9079d99c00f8de,94478bde-5e6b-4376-8288-61c157eb830a,https://gpcdevelopment.ca/projects/the-lauren,duplicate-meta-description,warning,"{""groupSize"":21,""otherUrls"":[""https://gpcdevelopment.ca/"",""https://gpcdevelopment.ca/about"",""https://gpcdevelopment.ca/about/tak-ho""]}",https://gpcdevelopment.ca/,2026-08-26 21:20:55,2026-08-26T21:21:06.124Z
383e051e45ebcb1cf578484ad763c4357b53,94478bde-5e6b-4376-8288-61c157eb830a,https://gpcdevelopment.ca/projects/westbourne,duplicate-meta-description,warning,"{""groupSize"":21,""otherUrls"":[""https://gpcdevelopment.ca/"",""https://gpcdevelopment.ca/about"",""https://gpcdevelopment.ca/about/tak-ho""]}",https://gpcdevelopment.ca/,2026-08-26 21:20:55,2026-08-26T21:21:06.124Z
b822d5d6777fb5d834a8e315b6d266562f92,94478bde-5e6b-4376-8288-61c157eb830a,https://gpcdevelopment.ca/services,duplicate-meta-description,warning,"{""groupSize"":21,""otherUrls"":[""https://gpcdevelopment.ca/"",""https://gpcdevelopment.ca/about"",""https://gpcdevelopment.ca/about/tak-ho""]}",https://gpcdevelopment.ca/,2026-08-26 21:20:55,2026-08-26T21:21:06.124Z
c2912f608ef566f13619b24064b8714b5497,94478bde-5e6b-4376-8288-61c157eb830a,https://gpcdevelopment.ca/approach,orphan-page,warning,,https://gpcdevelopment.ca/,2026-08-26 21:20:55,2026-08-26T21:21:06.124Z
d7e7a8676439f3a22a899e0504f4c9352d26,94478bde-5e6b-4376-8288-61c157eb830a,https://gpcdevelopment.ca/about/tak-ho,orphan-page,warning,,https://gpcdevelopment.ca/,2026-08-26 21:20:55,2026-08-26T21:21:06.124Z
29965abba56f41d11528d60e419e261b34a6,94478bde-5e6b-4376-8288-61c157eb830a,https://gpcdevelopment.ca/projects,orphan-page,warning,,https://gpcdevelopment.ca/,2026-08-26 21:20:55,2026-08-26T21:21:06.124Z
34885012e8acdbf17654e626d5a62c26e1f5,94478bde-5e6b-4376-8288-61c157eb830a,https://gpcdevelopment.ca/about,orphan-page,warning,,https://gpcdevelopment.ca/,2026-08-26 21:20:55,2026-08-26T21:21:06.124Z
03bade9755ad7eceae9f7c5f312f55d33cf9,94478bde-5e6b-4376-8288-61c157eb830a,https://gpcdevelopment.ca/projects/the-lauren,orphan-page,warning,,https://gpcdevelopment.ca/,2026-08-26 21:20:55,2026-08-26T21:21:06.124Z
7c7cc0a1d8229cc1dd69c3bc7bf6e3e14e83,94478bde-5e6b-4376-8288-61c157eb830a,https://gpcdevelopment.ca/projects/barrington-road,orphan-page,warning,,https://gpcdevelopment.ca/,2026-08-26 21:20:55,2026-08-26T21:21:06.124Z
904a1d69a6dff231f01b62c348825328f728,94478bde-5e6b-4376-8288-61c157eb830a,https://gpcdevelopment.ca/about/zulliy-alnahas,orphan-page,warning,,https://gpcdevelopment.ca/,2026-08-26 21:20:55,2026-08-26T21:21:06.124Z
a535804cbce900164fa94db524556500ac2e,94478bde-5e6b-4376-8288-61c157eb830a,https://gpcdevelopment.ca/contact,orphan-page,warning,,https://gpcdevelopment.ca/,2026-08-26 21:20:55,2026-08-26T21:21:06.124Z
366745eef1b37c23d18e45edff2839938d7c,94478bde-5e6b-4376-8288-61c157eb830a,https://gpcdevelopment.ca/services,orphan-page,warning,,https://gpcdevelopment.ca/,2026-08-26 21:20:55,2026-08-26T21:21:06.124Z
e0b48e081a6535f6477200e9818b47e71e6b,94478bde-5e6b-4376-8288-61c157eb830a,https://gpcdevelopment.ca/projects/moonlight-sonata,orphan-page,warning,,https://gpcdevelopment.ca/,2026-08-26 21:20:55,2026-08-26T21:21:06.124Z
fd7c250aafba39458e1c68caf21f858b8927,94478bde-5e6b-4376-8288-61c157eb830a,https://gpcdevelopment.ca/projects/ablone-road,orphan-page,warning,,https://gpcdevelopment.ca/,2026-08-26 21:20:55,2026-08-26T21:21:06.124Z
8f7f00f78cc4fa590edab6a167b45f810c36,94478bde-5e6b-4376-8288-61c157eb830a,https://gpcdevelopment.ca/projects/lizzybay,orphan-page,warning,,https://gpcdevelopment.ca/,2026-08-26 21:20:55,2026-08-26T21:21:06.124Z
51dd3547b8ff4785bf87796ef89942b14d78,94478bde-5e6b-4376-8288-61c157eb830a,https://gpcdevelopment.ca/projects/axir,orphan-page,warning,,https://gpcdevelopment.ca/,2026-08-26 21:20:55,2026-08-26T21:21:06.124Z
62b0deee5cda19d93bfcf79a704123b0e79a,94478bde-5e6b-4376-8288-61c157eb830a,https://gpcdevelopment.ca/projects/inova,orphan-page,warning,,https://gpcdevelopment.ca/,2026-08-26 21:20:55,2026-08-26T21:21:06.124Z
71b59bf549ab605f06f558b5f2345f56e795,94478bde-5e6b-4376-8288-61c157eb830a,https://gpcdevelopment.ca/projects/mackenzie-heights,orphan-page,warning,,https://gpcdevelopment.ca/,2026-08-26 21:20:55,2026-08-26T21:21:06.124Z
de8b8c8286aef177567f8fff13e802b1738d,94478bde-5e6b-4376-8288-61c157eb830a,https://gpcdevelopment.ca/projects/516-w-61st-ave,orphan-page,warning,,https://gpcdevelopment.ca/,2026-08-26 21:20:55,2026-08-26T21:21:06.124Z
cf185a94d71cbaa61e4f9c87a3226c75cafb,94478bde-5e6b-4376-8288-61c157eb830a,https://gpcdevelopment.ca/projects/buddhist-student-residence,orphan-page,warning,,https://gpcdevelopment.ca/,2026-08-26 21:20:55,2026-08-26T21:21:06.124Z
ef299f8b255cab082ed5dde3da7a31836261,94478bde-5e6b-4376-8288-61c157eb830a,https://gpcdevelopment.ca/projects/frances,orphan-page,warning,,https://gpcdevelopment.ca/,2026-08-26 21:20:55,2026-08-26T21:21:06.124Z
8c267ce3fe1af5a5fb530041faea8b159977,94478bde-5e6b-4376-8288-61c157eb830a,https://gpcdevelopment.ca/projects/westbourne,orphan-page,warning,,https://gpcdevelopment.ca/,2026-08-26 21:20:55,2026-08-26T21:21:06.124Z
11dabde65d56a2353f87478cf5b6011dbdc3,94478bde-5e6b-4376-8288-61c157eb830a,https://gpcdevelopment.ca/projects/spanish-banks,orphan-page,warning,,https://gpcdevelopment.ca/,2026-08-26 21:20:55,2026-08-26T21:21:06.124Z
bfb121294c9c82851ded2e1589ae3254c78c,d07f8a86-2087-4fb0-9121-dfaa7bf6a92a,https://gpcdevelopment.ca/,missing-h1,warning,,https://gpcdevelopment.ca/,2026-08-26 23:10:17,2026-08-26T23:12:36.763Z
953dd9beb91bc467907474ae31a6580b94d0,d07f8a86-2087-4fb0-9121-dfaa7bf6a92a,https://gpcdevelopment.ca/,thin-content,warning,"{""wordCount"":0}",https://gpcdevelopment.ca/,2026-08-26 23:10:17,2026-08-26T23:12:36.763Z
1bb1f1722c63849f9fe35f6532e7ac7a3fe5,d07f8a86-2087-4fb0-9121-dfaa7bf6a92a,https://gpcdevelopment.ca/,no-outgoing-links,warning,,https://gpcdevelopment.ca/,2026-08-26 23:10:17,2026-08-26T23:12:36.763Z
690d4f26e04661ecc3319eb64df504d68e09,d07f8a86-2087-4fb0-9121-dfaa7bf6a92a,https://gpcdevelopment.ca/projects,missing-h1,warning,,https://gpcdevelopment.ca/,2026-08-26 23:10:17,2026-08-26T23:12:36.763Z
a9574c1375c078cd1891bb0a4ef0a2413402,d07f8a86-2087-4fb0-9121-dfaa7bf6a92a,https://gpcdevelopment.ca/projects,thin-content,warning,"{""wordCount"":0}",https://gpcdevelopment.ca/,2026-08-26 23:10:17,2026-08-26T23:12:36.763Z
0aa399c35376caa76c4d213a6833a34adfde,d07f8a86-2087-4fb0-9121-dfaa7bf6a92a,https://gpcdevelopment.ca/projects,no-outgoing-links,warning,,https://gpcdevelopment.ca/,2026-08-26 23:10:17,2026-08-26T23:12:36.763Z
d6f43a4e2b7aea2a13b5e51926938ffc74a2,d07f8a86-2087-4fb0-9121-dfaa7bf6a92a,https://gpcdevelopment.ca/services,missing-h1,warning,,https://gpcdevelopment.ca/,2026-08-26 23:10:17,2026-08-26T23:12:36.763Z
b78df5cc74b6ec5a2ea8afc328863dc61be1,d07f8a86-2087-4fb0-9121-dfaa7bf6a92a,https://gpcdevelopment.ca/services,thin-content,warning,"{""wordCount"":0}",https://gpcdevelopment.ca/,2026-08-26 23:10:17,2026-08-26T23:12:36.763Z
c806c99c33e66cf0bce7569855ac816e518a,d07f8a86-2087-4fb0-9121-dfaa7bf6a92a,https://gpcdevelopment.ca/services,no-outgoing-links,warning,,https://gpcdevelopment.ca/,2026-08-26 23:10:17,2026-08-26T23:12:36.763Z
c402ee713ef54a0e4d7ccfd85a8da72397a4,d07f8a86-2087-4fb0-9121-dfaa7bf6a92a,https://gpcdevelopment.ca/approach,missing-h1,warning,,https://gpcdevelopment.ca/,2026-08-26 23:10:17,2026-08-26T23:12:36.763Z
ee57f694390d0888285f75c082ae4c4fac15,d07f8a86-2087-4fb0-9121-dfaa7bf6a92a,https://gpcdevelopment.ca/approach,thin-content,warning,"{""wordCount"":0}",https://gpcdevelopment.ca/,2026-08-26 23:10:17,2026-08-26T23:12:36.763Z
d63dc862d2fdc54d3c18a36321ac571e824a,d07f8a86-2087-4fb0-9121-dfaa7bf6a92a,https://gpcdevelopment.ca/approach,no-outgoing-links,warning,,https://gpcdevelopment.ca/,2026-08-26 23:10:17,2026-08-26T23:12:36.763Z
ab3dcbb122863ed5902a197c579b757bf2ce,d07f8a86-2087-4fb0-9121-dfaa7bf6a92a,https://gpcdevelopment.ca/about,missing-h1,warning,,https://gpcdevelopment.ca/,2026-08-26 23:10:17,2026-08-26T23:12:36.763Z
699d1d0106ebe3fc0b495f69175d11f12e0a,d07f8a86-2087-4fb0-9121-dfaa7bf6a92a,https://gpcdevelopment.ca/about,thin-content,warning,"{""wordCount"":0}",https://gpcdevelopment.ca/,2026-08-26 23:10:17,2026-08-26T23:12:36.763Z
69a850fcee64eaaf92a3bf2f56ac81eb3afb,d07f8a86-2087-4fb0-9121-dfaa7bf6a92a,https://gpcdevelopment.ca/about,no-outgoing-links,warning,,https://gpcdevelopment.ca/,2026-08-26 23:10:17,2026-08-26T23:12:36.763Z
856032df81834bee3c0fce2a278934d90f1e,d07f8a86-2087-4fb0-9121-dfaa7bf6a92a,https://gpcdevelopment.ca/about/zulliy-alnahas,missing-h1,warning,,https://gpcdevelopment.ca/,2026-08-26 23:10:17,2026-08-26T23:12:36.763Z
69d59382d59ef18ef839b81daf675dc2fbcc,d07f8a86-2087-4fb0-9121-dfaa7bf6a92a,https://gpcdevelopment.ca/about/zulliy-alnahas,thin-content,warning,"{""wordCount"":0}",https://gpcdevelopment.ca/,2026-08-26 23:10:17,2026-08-26T23:12:36.763Z
5e750355a84f7831d6350c26cb26e7e7648e,d07f8a86-2087-4fb0-9121-dfaa7bf6a92a,https://gpcdevelopment.ca/about/zulliy-alnahas,no-outgoing-links,warning,,https://gpcdevelopment.ca/,2026-08-26 23:10:17,2026-08-26T23:12:36.763Z
498f14a09d97cf82b1a65429ff274e98a89f,d07f8a86-2087-4fb0-9121-dfaa7bf6a92a,https://gpcdevelopment.ca/contact,missing-h1,warning,,https://gpcdevelopment.ca/,2026-08-26 23:10:17,2026-08-26T23:12:36.763Z
743da3f4de6cd7202bda261e5be52db3aa3f,d07f8a86-2087-4fb0-9121-dfaa7bf6a92a,https://gpcdevelopment.ca/contact,thin-content,warning,"{""wordCount"":0}",https://gpcdevelopment.ca/,2026-08-26 23:10:17,2026-08-26T23:12:36.763Z
3cb14a19c812496ce3bc0baeea5121ce6121,d07f8a86-2087-4fb0-9121-dfaa7bf6a92a,https://gpcdevelopment.ca/contact,no-outgoing-links,warning,,https://gpcdevelopment.ca/,2026-08-26 23:10:17,2026-08-26T23:12:36.763Z
80fcfbb4bc4c3ae23d30f54abdd1ef6689b3,d07f8a86-2087-4fb0-9121-dfaa7bf6a92a,https://gpcdevelopment.ca/projects/moonlight-sonata,missing-h1,warning,,https://gpcdevelopment.ca/,2026-08-26 23:10:17,2026-08-26T23:12:36.763Z
361e88cba59820a21f7bd14ba340f9e9470c,d07f8a86-2087-4fb0-9121-dfaa7bf6a92a,https://gpcdevelopment.ca/projects/moonlight-sonata,thin-content,warning,"{""wordCount"":0}",https://gpcdevelopment.ca/,2026-08-26 23:10:17,2026-08-26T23:12:36.763Z
dcc8213e1a698b0c3639897a0e90fec56664,d07f8a86-2087-4fb0-9121-dfaa7bf6a92a,https://gpcdevelopment.ca/projects/moonlight-sonata,no-outgoing-links,warning,,https://gpcdevelopment.ca/,2026-08-26 23:10:17,2026-08-26T23:12:36.763Z
d279ae6d8d1114e49b3783d6ca4e14a236e2,d07f8a86-2087-4fb0-9121-dfaa7bf6a92a,https://gpcdevelopment.ca/projects/inova,missing-h1,warning,,https://gpcdevelopment.ca/,2026-08-26 23:10:17,2026-08-26T23:12:36.763Z
a4ea883576c28571ef740e1a6c0496d701d2,d07f8a86-2087-4fb0-9121-dfaa7bf6a92a,https://gpcdevelopment.ca/projects/inova,thin-content,warning,"{""wordCount"":0}",https://gpcdevelopment.ca/,2026-08-26 23:10:17,2026-08-26T23:12:36.763Z
526d94c1ee5390afb1bd9d45ff2428f8c1d4,d07f8a86-2087-4fb0-9121-dfaa7bf6a92a,https://gpcdevelopment.ca/projects/inova,no-outgoing-links,warning,,https://gpcdevelopment.ca/,2026-08-26 23:10:17,2026-08-26T23:12:36.763Z
98ccbc210f819fbc58ea89d5bb805d7a0010,d07f8a86-2087-4fb0-9121-dfaa7bf6a92a,https://gpcdevelopment.ca/projects/axir,missing-h1,warning,,https://gpcdevelopment.ca/,2026-08-26 23:10:17,2026-08-26T23:12:36.763Z
c28a13b4891e798a363aa461625ef77340d8,d07f8a86-2087-4fb0-9121-dfaa7bf6a92a,https://gpcdevelopment.ca/projects/axir,thin-content,warning,"{""wordCount"":0}",https://gpcdevelopment.ca/,2026-08-26 23:10:17,2026-08-26T23:12:36.763Z
1bdd977f0e118adb796e51f77e33a608788a,d07f8a86-2087-4fb0-9121-dfaa7bf6a92a,https://gpcdevelopment.ca/projects/axir,no-outgoing-links,warning,,https://gpcdevelopment.ca/,2026-08-26 23:10:17,2026-08-26T23:12:36.763Z
e67790f1cc70d0f3779578f5d01f49e33b78,d07f8a86-2087-4fb0-9121-dfaa7bf6a92a,https://gpcdevelopment.ca/about/tak-ho,missing-h1,warning,,https://gpcdevelopment.ca/,2026-08-26 23:10:17,2026-08-26T23:12:36.763Z
dfbe27690ff9f459e9564301376f74321fe1,d07f8a86-2087-4fb0-9121-dfaa7bf6a92a,https://gpcdevelopment.ca/about/tak-ho,thin-content,warning,"{""wordCount"":0}",https://gpcdevelopment.ca/,2026-08-26 23:10:17,2026-08-26T23:12:36.763Z
f91d9fd059a338bd00276c1eadb251fb49b4,d07f8a86-2087-4fb0-9121-dfaa7bf6a92a,https://gpcdevelopment.ca/about/tak-ho,no-outgoing-links,warning,,https://gpcdevelopment.ca/,2026-08-26 23:10:17,2026-08-26T23:12:36.763Z
096d1045f840591d9dde7fec9ad2c232f50a,d07f8a86-2087-4fb0-9121-dfaa7bf6a92a,https://gpcdevelopment.ca/projects/the-lauren,missing-h1,warning,,https://gpcdevelopment.ca/,2026-08-26 23:10:17,2026-08-26T23:12:36.763Z
43aec44cfc58cff7474a2e686ca2d403e73d,d07f8a86-2087-4fb0-9121-dfaa7bf6a92a,https://gpcdevelopment.ca/projects/the-lauren,thin-content,warning,"{""wordCount"":0}",https://gpcdevelopment.ca/,2026-08-26 23:10:17,2026-08-26T23:12:36.763Z
ab90bb67355d814d84aa227268e21c8a1571,d07f8a86-2087-4fb0-9121-dfaa7bf6a92a,https://gpcdevelopment.ca/projects/the-lauren,no-outgoing-links,warning,,https://gpcdevelopment.ca/,2026-08-26 23:10:17,2026-08-26T23:12:36.763Z
e780e18e8447a8a60217c670e6c75b462d0d,d07f8a86-2087-4fb0-9121-dfaa7bf6a92a,https://gpcdevelopment.ca/projects/lizzybay,missing-h1,warning,,https://gpcdevelopment.ca/,2026-08-26 23:10:17,2026-08-26T23:12:36.763Z
b7599ce467caec579b3ca31e49c8992230bb,d07f8a86-2087-4fb0-9121-dfaa7bf6a92a,https://gpcdevelopment.ca/projects/lizzybay,thin-content,warning,"{""wordCount"":0}",https://gpcdevelopment.ca/,2026-08-26 23:10:17,2026-08-26T23:12:36.763Z
2b067f214000a732565e7901157ed4fd0b19,d07f8a86-2087-4fb0-9121-dfaa7bf6a92a,https://gpcdevelopment.ca/projects/lizzybay,no-outgoing-links,warning,,https://gpcdevelopment.ca/,2026-08-26 23:10:17,2026-08-26T23:12:36.763Z
31b6cafa4eab8f102e224e212ad9f969d657,d07f8a86-2087-4fb0-9121-dfaa7bf6a92a,https://gpcdevelopment.ca/projects/ablone-road,missing-h1,warning,,https://gpcdevelopment.ca/,2026-08-26 23:10:17,2026-08-26T23:12:36.763Z
0f48cb049e06b626c8d206c11577808a7362,d07f8a86-2087-4fb0-9121-dfaa7bf6a92a,https://gpcdevelopment.ca/projects/ablone-road,thin-content,warning,"{""wordCount"":0}",https://gpcdevelopment.ca/,2026-08-26 23:10:17,2026-08-26T23:12:36.763Z
3f411d9c2a3fb03f38b297f52d98bc4f51a9,d07f8a86-2087-4fb0-9121-dfaa7bf6a92a,https://gpcdevelopment.ca/projects/ablone-road,no-outgoing-links,warning,,https://gpcdevelopment.ca/,2026-08-26 23:10:17,2026-08-26T23:12:36.763Z
cc91a89ed4e3cd393e1eb58785373b463359,d07f8a86-2087-4fb0-9121-dfaa7bf6a92a,https://gpcdevelopment.ca/projects/barrington-road,missing-h1,warning,,https://gpcdevelopment.ca/,2026-08-26 23:10:17,2026-08-26T23:12:36.763Z
8ab1a01313e6e8ed2b94713945817f3afe04,d07f8a86-2087-4fb0-9121-dfaa7bf6a92a,https://gpcdevelopment.ca/projects/barrington-road,thin-content,warning,"{""wordCount"":0}",https://gpcdevelopment.ca/,2026-08-26 23:10:17,2026-08-26T23:12:36.763Z
45806ec58439a54baee1972be817ac132242,d07f8a86-2087-4fb0-9121-dfaa7bf6a92a,https://gpcdevelopment.ca/projects/barrington-road,no-outgoing-links,warning,,https://gpcdevelopment.ca/,2026-08-26 23:10:17,2026-08-26T23:12:36.763Z
c24e870de3b0f2bb2c97a24f03b8076e5e88,d07f8a86-2087-4fb0-9121-dfaa7bf6a92a,https://gpcdevelopment.ca/projects/westbourne,missing-h1,warning,,https://gpcdevelopment.ca/,2026-08-26 23:10:17,2026-08-26T23:12:36.763Z
10256aee98af79c6d96e095ac01d49133699,d07f8a86-2087-4fb0-9121-dfaa7bf6a92a,https://gpcdevelopment.ca/projects/westbourne,thin-content,warning,"{""wordCount"":0}",https://gpcdevelopment.ca/,2026-08-26 23:10:17,2026-08-26T23:12:36.763Z
ed14c14db80ea662cc22058a7a17c98492f4,d07f8a86-2087-4fb0-9121-dfaa7bf6a92a,https://gpcdevelopment.ca/projects/westbourne,no-outgoing-links,warning,,https://gpcdevelopment.ca/,2026-08-26 23:10:17,2026-08-26T23:12:36.763Z
543457380b5c0060446ba8db2ad8a98d4a80,d07f8a86-2087-4fb0-9121-dfaa7bf6a92a,https://gpcdevelopment.ca/projects/spanish-banks,missing-h1,warning,,https://gpcdevelopment.ca/,2026-08-26 23:10:17,2026-08-26T23:12:36.763Z
17bf85fd49d23d8f38e32c0682453f324367,d07f8a86-2087-4fb0-9121-dfaa7bf6a92a,https://gpcdevelopment.ca/projects/spanish-banks,thin-content,warning,"{""wordCount"":0}",https://gpcdevelopment.ca/,2026-08-26 23:10:17,2026-08-26T23:12:36.763Z
510944066f2159e2a9009dbdf2a8244ff534,d07f8a86-2087-4fb0-9121-dfaa7bf6a92a,https://gpcdevelopment.ca/projects/spanish-banks,no-outgoing-links,warning,,https://gpcdevelopment.ca/,2026-08-26 23:10:17,2026-08-26T23:12:36.763Z
4958ad114ec4819a6277dec4274d613d4e26,d07f8a86-2087-4fb0-9121-dfaa7bf6a92a,https://gpcdevelopment.ca/projects/frances,missing-h1,warning,,https://gpcdevelopment.ca/,2026-08-26 23:10:17,2026-08-26T23:12:36.763Z
1f303eeab491319785ba12be8c68b7fe0328,d07f8a86-2087-4fb0-9121-dfaa7bf6a92a,https://gpcdevelopment.ca/projects/frances,thin-content,warning,"{""wordCount"":0}",https://gpcdevelopment.ca/,2026-08-26 23:10:17,2026-08-26T23:12:36.763Z
a31d16d7c85e4c480f2f39739a7f91b04985,d07f8a86-2087-4fb0-9121-dfaa7bf6a92a,https://gpcdevelopment.ca/projects/frances,no-outgoing-links,warning,,https://gpcdevelopment.ca/,2026-08-26 23:10:17,2026-08-26T23:12:36.763Z
1200e6898fd5968e82e9bea1579492e1838e,d07f8a86-2087-4fb0-9121-dfaa7bf6a92a,https://gpcdevelopment.ca/projects/mackenzie-heights,missing-h1,warning,,https://gpcdevelopment.ca/,2026-08-26 23:10:17,2026-08-26T23:12:36.763Z
e310eb4c48b8e766f99944094f464cd48c26,d07f8a86-2087-4fb0-9121-dfaa7bf6a92a,https://gpcdevelopment.ca/projects/mackenzie-heights,thin-content,warning,"{""wordCount"":0}",https://gpcdevelopment.ca/,2026-08-26 23:10:17,2026-08-26T23:12:36.763Z
6cd2643e2c8f65ac5125694a65f32216622d,d07f8a86-2087-4fb0-9121-dfaa7bf6a92a,https://gpcdevelopment.ca/projects/mackenzie-heights,no-outgoing-links,warning,,https://gpcdevelopment.ca/,2026-08-26 23:10:17,2026-08-26T23:12:36.763Z
de0ff85375fc2e1bac2dc673b6405877c8b4,d07f8a86-2087-4fb0-9121-dfaa7bf6a92a,https://gpcdevelopment.ca/projects/516-w-61st-ave,missing-h1,warning,,https://gpcdevelopment.ca/,2026-08-26 23:10:17,2026-08-26T23:12:36.763Z
9fc868acb9c9bd441c3877b4083e6441fb6e,d07f8a86-2087-4fb0-9121-dfaa7bf6a92a,https://gpcdevelopment.ca/projects/516-w-61st-ave,thin-content,warning,"{""wordCount"":0}",https://gpcdevelopment.ca/,2026-08-26 23:10:17,2026-08-26T23:12:36.763Z
79825531434e601c2869a115a55c4c602a6d,d07f8a86-2087-4fb0-9121-dfaa7bf6a92a,https://gpcdevelopment.ca/projects/516-w-61st-ave,no-outgoing-links,warning,,https://gpcdevelopment.ca/,2026-08-26 23:10:17,2026-08-26T23:12:36.763Z
095c41505a59eb5019249f7fc1cb4365b5a0,d07f8a86-2087-4fb0-9121-dfaa7bf6a92a,https://gpcdevelopment.ca/projects/buddhist-student-residence,missing-h1,warning,,https://gpcdevelopment.ca/,2026-08-26 23:10:17,2026-08-26T23:12:36.763Z
c0f2d98a0a136ee265dcc2a68f8ddb52e644,d07f8a86-2087-4fb0-9121-dfaa7bf6a92a,https://gpcdevelopment.ca/projects/buddhist-student-residence,thin-content,warning,"{""wordCount"":0}",https://gpcdevelopment.ca/,2026-08-26 23:10:17,2026-08-26T23:12:36.763Z
0982298c7f64cd9af5da097c3b52d16b6303,d07f8a86-2087-4fb0-9121-dfaa7bf6a92a,https://gpcdevelopment.ca/projects/buddhist-student-residence,no-outgoing-links,warning,,https://gpcdevelopment.ca/,2026-08-26 23:10:17,2026-08-26T23:12:36.763Z
7fe28b2c851963fbed4a878f99988bba9672,d07f8a86-2087-4fb0-9121-dfaa7bf6a92a,https://gpcdevelopment.ca/,duplicate-title,warning,"{""groupSize"":21,""otherUrls"":[""https://gpcdevelopment.ca/about"",""https://gpcdevelopment.ca/about/tak-ho"",""https://gpcdevelopment.ca/about/zulliy-alnahas""]}",https://gpcdevelopment.ca/,2026-08-26 23:10:17,2026-08-26T23:12:36.763Z
56a9691327bb0e57f0ebdf2e761a274d6349,d07f8a86-2087-4fb0-9121-dfaa7bf6a92a,https://gpcdevelopment.ca/about,duplicate-title,warning,"{""groupSize"":21,""otherUrls"":[""https://gpcdevelopment.ca/"",""https://gpcdevelopment.ca/about/tak-ho"",""https://gpcdevelopment.ca/about/zulliy-alnahas""]}",https://gpcdevelopment.ca/,2026-08-26 23:10:17,2026-08-26T23:12:36.763Z
76e5b6c68f5d1c640c74d86f7666f89e42e4,d07f8a86-2087-4fb0-9121-dfaa7bf6a92a,https://gpcdevelopment.ca/about/tak-ho,duplicate-title,warning,"{""groupSize"":21,""otherUrls"":[""https://gpcdevelopment.ca/"",""https://gpcdevelopment.ca/about"",""https://gpcdevelopment.ca/about/zulliy-alnahas""]}",https://gpcdevelopment.ca/,2026-08-26 23:10:17,2026-08-26T23:12:36.763Z
d2ed3ed9d9c212d900598d52b32bfd6e8967,d07f8a86-2087-4fb0-9121-dfaa7bf6a92a,https://gpcdevelopment.ca/about/zulliy-alnahas,duplicate-title,warning,"{""groupSize"":21,""otherUrls"":[""https://gpcdevelopment.ca/"",""https://gpcdevelopment.ca/about"",""https://gpcdevelopment.ca/about/tak-ho""]}",https://gpcdevelopment.ca/,2026-08-26 23:10:17,2026-08-26T23:12:36.763Z
529d43018b58e3c04c6701e1f74757dafe36,d07f8a86-2087-4fb0-9121-dfaa7bf6a92a,https://gpcdevelopment.ca/approach,duplicate-title,warning,"{""groupSize"":21,""otherUrls"":[""https://gpcdevelopment.ca/"",""https://gpcdevelopment.ca/about"",""https://gpcdevelopment.ca/about/tak-ho""]}",https://gpcdevelopment.ca/,2026-08-26 23:10:17,2026-08-26T23:12:36.763Z
adb3030d2c7f3b4f1ed61266c8c728b614f6,d07f8a86-2087-4fb0-9121-dfaa7bf6a92a,https://gpcdevelopment.ca/contact,duplicate-title,warning,"{""groupSize"":21,""otherUrls"":[""https://gpcdevelopment.ca/"",""https://gpcdevelopment.ca/about"",""https://gpcdevelopment.ca/about/tak-ho""]}",https://gpcdevelopment.ca/,2026-08-26 23:10:17,2026-08-26T23:12:36.763Z
34167c1b3ff647b03ff2f5e51e239c84d873,d07f8a86-2087-4fb0-9121-dfaa7bf6a92a,https://gpcdevelopment.ca/projects,duplicate-title,warning,"{""groupSize"":21,""otherUrls"":[""https://gpcdevelopment.ca/"",""https://gpcdevelopment.ca/about"",""https://gpcdevelopment.ca/about/tak-ho""]}",https://gpcdevelopment.ca/,2026-08-26 23:10:17,2026-08-26T23:12:36.763Z
de3de4a9b35693e96b00aa83e888ff0bf9a0,d07f8a86-2087-4fb0-9121-dfaa7bf6a92a,https://gpcdevelopment.ca/projects/516-w-61st-ave,duplicate-title,warning,"{""groupSize"":21,""otherUrls"":[""https://gpcdevelopment.ca/"",""https://gpcdevelopment.ca/about"",""https://gpcdevelopment.ca/about/tak-ho""]}",https://gpcdevelopment.ca/,2026-08-26 23:10:17,2026-08-26T23:12:36.763Z
97d609549225f3d28ed7d4e503152eafd7b1,d07f8a86-2087-4fb0-9121-dfaa7bf6a92a,https://gpcdevelopment.ca/projects/ablone-road,duplicate-title,warning,"{""groupSize"":21,""otherUrls"":[""https://gpcdevelopment.ca/"",""https://gpcdevelopment.ca/about"",""https://gpcdevelopment.ca/about/tak-ho""]}",https://gpcdevelopment.ca/,2026-08-26 23:10:17,2026-08-26T23:12:36.763Z
74a30f393e3bb0a855aa62e9fabb8d38dd4f,d07f8a86-2087-4fb0-9121-dfaa7bf6a92a,https://gpcdevelopment.ca/projects/axir,duplicate-title,warning,"{""groupSize"":21,""otherUrls"":[""https://gpcdevelopment.ca/"",""https://gpcdevelopment.ca/about"",""https://gpcdevelopment.ca/about/tak-ho""]}",https://gpcdevelopment.ca/,2026-08-26 23:10:17,2026-08-26T23:12:36.763Z
504e72c03e8a28c5db6db6e44c6798e1de9e,d07f8a86-2087-4fb0-9121-dfaa7bf6a92a,https://gpcdevelopment.ca/projects/barrington-road,duplicate-title,warning,"{""groupSize"":21,""otherUrls"":[""https://gpcdevelopment.ca/"",""https://gpcdevelopment.ca/about"",""https://gpcdevelopment.ca/about/tak-ho""]}",https://gpcdevelopment.ca/,2026-08-26 23:10:17,2026-08-26T23:12:36.763Z
0a046254d8d4dbe05d82a80abf373b152860,d07f8a86-2087-4fb0-9121-dfaa7bf6a92a,https://gpcdevelopment.ca/projects/buddhist-student-residence,duplicate-title,warning,"{""groupSize"":21,""otherUrls"":[""https://gpcdevelopment.ca/"",""https://gpcdevelopment.ca/about"",""https://gpcdevelopment.ca/about/tak-ho""]}",https://gpcdevelopment.ca/,2026-08-26 23:10:17,2026-08-26T23:12:36.763Z
ec2d87a64c842d9c37834bb42e1077c07a10,d07f8a86-2087-4fb0-9121-dfaa7bf6a92a,https://gpcdevelopment.ca/projects/frances,duplicate-title,warning,"{""groupSize"":21,""otherUrls"":[""https://gpcdevelopment.ca/"",""https://gpcdevelopment.ca/about"",""https://gpcdevelopment.ca/about/tak-ho""]}",https://gpcdevelopment.ca/,2026-08-26 23:10:17,2026-08-26T23:12:36.763Z
001537e04cca926a98d587b091a541d69b59,d07f8a86-2087-4fb0-9121-dfaa7bf6a92a,https://gpcdevelopment.ca/projects/inova,duplicate-title,warning,"{""groupSize"":21,""otherUrls"":[""https://gpcdevelopment.ca/"",""https://gpcdevelopment.ca/about"",""https://gpcdevelopment.ca/about/tak-ho""]}",https://gpcdevelopment.ca/,2026-08-26 23:10:17,2026-08-26T23:12:36.763Z
0ff05064260f4542f1ab1e841144af78ec19,d07f8a86-2087-4fb0-9121-dfaa7bf6a92a,https://gpcdevelopment.ca/projects/lizzybay,duplicate-title,warning,"{""groupSize"":21,""otherUrls"":[""https://gpcdevelopment.ca/"",""https://gpcdevelopment.ca/about"",""https://gpcdevelopment.ca/about/tak-ho""]}",https://gpcdevelopment.ca/,2026-08-26 23:10:17,2026-08-26T23:12:36.763Z
5d05dd5e9cf1cd5ea5dcaa12103766e3a291,d07f8a86-2087-4fb0-9121-dfaa7bf6a92a,https://gpcdevelopment.ca/projects/mackenzie-heights,duplicate-title,warning,"{""groupSize"":21,""otherUrls"":[""https://gpcdevelopment.ca/"",""https://gpcdevelopment.ca/about"",""https://gpcdevelopment.ca/about/tak-ho""]}",https://gpcdevelopment.ca/,2026-08-26 23:10:17,2026-08-26T23:12:36.763Z
6fa1b60eb4af1ec0b6fe67b15cef94bc303e,d07f8a86-2087-4fb0-9121-dfaa7bf6a92a,https://gpcdevelopment.ca/projects/moonlight-sonata,duplicate-title,warning,"{""groupSize"":21,""otherUrls"":[""https://gpcdevelopment.ca/"",""https://gpcdevelopment.ca/about"",""https://gpcdevelopment.ca/about/tak-ho""]}",https://gpcdevelopment.ca/,2026-08-26 23:10:17,2026-08-26T23:12:36.763Z
e92c316cfc2f46140dc13c56967f9e374268,d07f8a86-2087-4fb0-9121-dfaa7bf6a92a,https://gpcdevelopment.ca/projects/spanish-banks,duplicate-title,warning,"{""groupSize"":21,""otherUrls"":[""https://gpcdevelopment.ca/"",""https://gpcdevelopment.ca/about"",""https://gpcdevelopment.ca/about/tak-ho""]}",https://gpcdevelopment.ca/,2026-08-26 23:10:17,2026-08-26T23:12:36.763Z
fab32eb5facc3c1c8d39f2f36f06731192df,d07f8a86-2087-4fb0-9121-dfaa7bf6a92a,https://gpcdevelopment.ca/projects/the-lauren,duplicate-title,warning,"{""groupSize"":21,""otherUrls"":[""https://gpcdevelopment.ca/"",""https://gpcdevelopment.ca/about"",""https://gpcdevelopment.ca/about/tak-ho""]}",https://gpcdevelopment.ca/,2026-08-26 23:10:17,2026-08-26T23:12:36.763Z
8f5835e41c08d16a4f64e9ceb04ee21ac583,d07f8a86-2087-4fb0-9121-dfaa7bf6a92a,https://gpcdevelopment.ca/projects/westbourne,duplicate-title,warning,"{""groupSize"":21,""otherUrls"":[""https://gpcdevelopment.ca/"",""https://gpcdevelopment.ca/about"",""https://gpcdevelopment.ca/about/tak-ho""]}",https://gpcdevelopment.ca/,2026-08-26 23:10:17,2026-08-26T23:12:36.763Z
98543917f6d787fd10a124f8ba76db0401af,d07f8a86-2087-4fb0-9121-dfaa7bf6a92a,https://gpcdevelopment.ca/services,duplicate-title,warning,"{""groupSize"":21,""otherUrls"":[""https://gpcdevelopment.ca/"",""https://gpcdevelopment.ca/about"",""https://gpcdevelopment.ca/about/tak-ho""]}",https://gpcdevelopment.ca/,2026-08-26 23:10:17,2026-08-26T23:12:36.763Z
e3a05525e48b5759d4e2c0ca14682903bb3b,d07f8a86-2087-4fb0-9121-dfaa7bf6a92a,https://gpcdevelopment.ca/,duplicate-meta-description,warning,"{""groupSize"":21,""otherUrls"":[""https://gpcdevelopment.ca/about"",""https://gpcdevelopment.ca/about/tak-ho"",""https://gpcdevelopment.ca/about/zulliy-alnahas""]}",https://gpcdevelopment.ca/,2026-08-26 23:10:17,2026-08-26T23:12:36.763Z
d266518b51564b7d6ff9a9536b6919c07159,d07f8a86-2087-4fb0-9121-dfaa7bf6a92a,https://gpcdevelopment.ca/about,duplicate-meta-description,warning,"{""groupSize"":21,""otherUrls"":[""https://gpcdevelopment.ca/"",""https://gpcdevelopment.ca/about/tak-ho"",""https://gpcdevelopment.ca/about/zulliy-alnahas""]}",https://gpcdevelopment.ca/,2026-08-26 23:10:17,2026-08-26T23:12:36.763Z
e454b0fd64f338073b884b1782a0aa01cc1e,d07f8a86-2087-4fb0-9121-dfaa7bf6a92a,https://gpcdevelopment.ca/about/tak-ho,duplicate-meta-description,warning,"{""groupSize"":21,""otherUrls"":[""https://gpcdevelopment.ca/"",""https://gpcdevelopment.ca/about"",""https://gpcdevelopment.ca/about/zulliy-alnahas""]}",https://gpcdevelopment.ca/,2026-08-26 23:10:17,2026-08-26T23:12:36.763Z
0ab3ba3c88e23eaa38f26a358546d728c1e6,d07f8a86-2087-4fb0-9121-dfaa7bf6a92a,https://gpcdevelopment.ca/about/zulliy-alnahas,duplicate-meta-description,warning,"{""groupSize"":21,""otherUrls"":[""https://gpcdevelopment.ca/"",""https://gpcdevelopment.ca/about"",""https://gpcdevelopment.ca/about/tak-ho""]}",https://gpcdevelopment.ca/,2026-08-26 23:10:17,2026-08-26T23:12:36.763Z
9c5a19c5c247514a0e242dfc204330ca412d,d07f8a86-2087-4fb0-9121-dfaa7bf6a92a,https://gpcdevelopment.ca/approach,duplicate-meta-description,warning,"{""groupSize"":21,""otherUrls"":[""https://gpcdevelopment.ca/"",""https://gpcdevelopment.ca/about"",""https://gpcdevelopment.ca/about/tak-ho""]}",https://gpcdevelopment.ca/,2026-08-26 23:10:17,2026-08-26T23:12:36.763Z
7cc5d4bd0353fbf26303f98c6175605849a6,d07f8a86-2087-4fb0-9121-dfaa7bf6a92a,https://gpcdevelopment.ca/contact,duplicate-meta-description,warning,"{""groupSize"":21,""otherUrls"":[""https://gpcdevelopment.ca/"",""https://gpcdevelopment.ca/about"",""https://gpcdevelopment.ca/about/tak-ho""]}",https://gpcdevelopment.ca/,2026-08-26 23:10:17,2026-08-26T23:12:36.763Z
a0f2fb4ce8dc7fe9e5540a85e3cf6ede2276,d07f8a86-2087-4fb0-9121-dfaa7bf6a92a,https://gpcdevelopment.ca/projects,duplicate-meta-description,warning,"{""groupSize"":21,""otherUrls"":[""https://gpcdevelopment.ca/"",""https://gpcdevelopment.ca/about"",""https://gpcdevelopment.ca/about/tak-ho""]}",https://gpcdevelopment.ca/,2026-08-26 23:10:17,2026-08-26T23:12:36.763Z
79e165646fba95ecaa1642b4e3ceb364bee9,d07f8a86-2087-4fb0-9121-dfaa7bf6a92a,https://gpcdevelopment.ca/projects/516-w-61st-ave,duplicate-meta-description,warning,"{""groupSize"":21,""otherUrls"":[""https://gpcdevelopment.ca/"",""https://gpcdevelopment.ca/about"",""https://gpcdevelopment.ca/about/tak-ho""]}",https://gpcdevelopment.ca/,2026-08-26 23:10:17,2026-08-26T23:12:36.763Z
dfba187a7b715d4734977a364cbacaf78ab4,d07f8a86-2087-4fb0-9121-dfaa7bf6a92a,https://gpcdevelopment.ca/projects/ablone-road,duplicate-meta-description,warning,"{""groupSize"":21,""otherUrls"":[""https://gpcdevelopment.ca/"",""https://gpcdevelopment.ca/about"",""https://gpcdevelopment.ca/about/tak-ho""]}",https://gpcdevelopment.ca/,2026-08-26 23:10:17,2026-08-26T23:12:36.763Z
d1b063d02b38f30f15e24b81627e1bbeb259,d07f8a86-2087-4fb0-9121-dfaa7bf6a92a,https://gpcdevelopment.ca/projects/axir,duplicate-meta-description,warning,"{""groupSize"":21,""otherUrls"":[""https://gpcdevelopment.ca/"",""https://gpcdevelopment.ca/about"",""https://gpcdevelopment.ca/about/tak-ho""]}",https://gpcdevelopment.ca/,2026-08-26 23:10:17,2026-08-26T23:12:36.763Z
d098a34b71674712c717022bf9ff36c5afe6,d07f8a86-2087-4fb0-9121-dfaa7bf6a92a,https://gpcdevelopment.ca/projects/barrington-road,duplicate-meta-description,warning,"{""groupSize"":21,""otherUrls"":[""https://gpcdevelopment.ca/"",""https://gpcdevelopment.ca/about"",""https://gpcdevelopment.ca/about/tak-ho""]}",https://gpcdevelopment.ca/,2026-08-26 23:10:17,2026-08-26T23:12:36.763Z
0dab91963ecbe9033b471190602b4a478f1b,d07f8a86-2087-4fb0-9121-dfaa7bf6a92a,https://gpcdevelopment.ca/projects/buddhist-student-residence,duplicate-meta-description,warning,"{""groupSize"":21,""otherUrls"":[""https://gpcdevelopment.ca/"",""https://gpcdevelopment.ca/about"",""https://gpcdevelopment.ca/about/tak-ho""]}",https://gpcdevelopment.ca/,2026-08-26 23:10:17,2026-08-26T23:12:36.763Z
8e350d2786d8cf1e4d103cf208c452ae0cbe,d07f8a86-2087-4fb0-9121-dfaa7bf6a92a,https://gpcdevelopment.ca/projects/frances,duplicate-meta-description,warning,"{""groupSize"":21,""otherUrls"":[""https://gpcdevelopment.ca/"",""https://gpcdevelopment.ca/about"",""https://gpcdevelopment.ca/about/tak-ho""]}",https://gpcdevelopment.ca/,2026-08-26 23:10:17,2026-08-26T23:12:36.763Z
d55f5cee829168f79081065a9b41d309ee81,d07f8a86-2087-4fb0-9121-dfaa7bf6a92a,https://gpcdevelopment.ca/projects/inova,duplicate-meta-description,warning,"{""groupSize"":21,""otherUrls"":[""https://gpcdevelopment.ca/"",""https://gpcdevelopment.ca/about"",""https://gpcdevelopment.ca/about/tak-ho""]}",https://gpcdevelopment.ca/,2026-08-26 23:10:17,2026-08-26T23:12:36.763Z
4290d1416893dc26019d7c755fc11a23d040,d07f8a86-2087-4fb0-9121-dfaa7bf6a92a,https://gpcdevelopment.ca/projects/lizzybay,duplicate-meta-description,warning,"{""groupSize"":21,""otherUrls"":[""https://gpcdevelopment.ca/"",""https://gpcdevelopment.ca/about"",""https://gpcdevelopment.ca/about/tak-ho""]}",https://gpcdevelopment.ca/,2026-08-26 23:10:17,2026-08-26T23:12:36.763Z
abfd5690b4efd1561bb360074af06fc7cce6,d07f8a86-2087-4fb0-9121-dfaa7bf6a92a,https://gpcdevelopment.ca/projects/mackenzie-heights,duplicate-meta-description,warning,"{""groupSize"":21,""otherUrls"":[""https://gpcdevelopment.ca/"",""https://gpcdevelopment.ca/about"",""https://gpcdevelopment.ca/about/tak-ho""]}",https://gpcdevelopment.ca/,2026-08-26 23:10:17,2026-08-26T23:12:36.763Z
fbb91d4bf7e4f120b47818e678b813679181,d07f8a86-2087-4fb0-9121-dfaa7bf6a92a,https://gpcdevelopment.ca/projects/moonlight-sonata,duplicate-meta-description,warning,"{""groupSize"":21,""otherUrls"":[""https://gpcdevelopment.ca/"",""https://gpcdevelopment.ca/about"",""https://gpcdevelopment.ca/about/tak-ho""]}",https://gpcdevelopment.ca/,2026-08-26 23:10:17,2026-08-26T23:12:36.763Z
9cf87512f1650a9f63eaa0266db580a304c8,d07f8a86-2087-4fb0-9121-dfaa7bf6a92a,https://gpcdevelopment.ca/projects/spanish-banks,duplicate-meta-description,warning,"{""groupSize"":21,""otherUrls"":[""https://gpcdevelopment.ca/"",""https://gpcdevelopment.ca/about"",""https://gpcdevelopment.ca/about/tak-ho""]}",https://gpcdevelopment.ca/,2026-08-26 23:10:17,2026-08-26T23:12:36.763Z
ed80a5182a5466bf6bd815a85b328d81a946,d07f8a86-2087-4fb0-9121-dfaa7bf6a92a,https://gpcdevelopment.ca/projects/the-lauren,duplicate-meta-description,warning,"{""groupSize"":21,""otherUrls"":[""https://gpcdevelopment.ca/"",""https://gpcdevelopment.ca/about"",""https://gpcdevelopment.ca/about/tak-ho""]}",https://gpcdevelopment.ca/,2026-08-26 23:10:17,2026-08-26T23:12:36.763Z
d1da888bd373359a99aa5433fdbbbb788342,d07f8a86-2087-4fb0-9121-dfaa7bf6a92a,https://gpcdevelopment.ca/projects/westbourne,duplicate-meta-description,warning,"{""groupSize"":21,""otherUrls"":[""https://gpcdevelopment.ca/"",""https://gpcdevelopment.ca/about"",""https://gpcdevelopment.ca/about/tak-ho""]}",https://gpcdevelopment.ca/,2026-08-26 23:10:17,2026-08-26T23:12:36.763Z
576792f7528b6cd6210ab0e02ba505aee692,d07f8a86-2087-4fb0-9121-dfaa7bf6a92a,https://gpcdevelopment.ca/services,duplicate-meta-description,warning,"{""groupSize"":21,""otherUrls"":[""https://gpcdevelopment.ca/"",""https://gpcdevelopment.ca/about"",""https://gpcdevelopment.ca/about/tak-ho""]}",https://gpcdevelopment.ca/,2026-08-26 23:10:17,2026-08-26T23:12:36.763Z
8506b928c22699ca33756fa672acef7852f8,d07f8a86-2087-4fb0-9121-dfaa7bf6a92a,https://gpcdevelopment.ca/projects,orphan-page,warning,,https://gpcdevelopment.ca/,2026-08-26 23:10:17,2026-08-26T23:12:36.763Z
4f5caaffaf6c98046f142b8e799e4a8531d2,d07f8a86-2087-4fb0-9121-dfaa7bf6a92a,https://gpcdevelopment.ca/services,orphan-page,warning,,https://gpcdevelopment.ca/,2026-08-26 23:10:17,2026-08-26T23:12:36.763Z
23a88f7d6b72a58987dc32d3bf59d025902d,d07f8a86-2087-4fb0-9121-dfaa7bf6a92a,https://gpcdevelopment.ca/approach,orphan-page,warning,,https://gpcdevelopment.ca/,2026-08-26 23:10:17,2026-08-26T23:12:36.763Z
9d6b45a66fa93164ee8cf5d1779cc7df6c4e,d07f8a86-2087-4fb0-9121-dfaa7bf6a92a,https://gpcdevelopment.ca/about,orphan-page,warning,,https://gpcdevelopment.ca/,2026-08-26 23:10:17,2026-08-26T23:12:36.763Z
084d5c14cd0c64d6f8a720e65203d0557c9f,d07f8a86-2087-4fb0-9121-dfaa7bf6a92a,https://gpcdevelopment.ca/about/zulliy-alnahas,orphan-page,warning,,https://gpcdevelopment.ca/,2026-08-26 23:10:17,2026-08-26T23:12:36.763Z
446f1e5dcc0abc59b775d6b6d9c2867ad71d,d07f8a86-2087-4fb0-9121-dfaa7bf6a92a,https://gpcdevelopment.ca/contact,orphan-page,warning,,https://gpcdevelopment.ca/,2026-08-26 23:10:17,2026-08-26T23:12:36.763Z
96fbc2d93fd05ef0ccea8c14a60fc577e631,d07f8a86-2087-4fb0-9121-dfaa7bf6a92a,https://gpcdevelopment.ca/projects/moonlight-sonata,orphan-page,warning,,https://gpcdevelopment.ca/,2026-08-26 23:10:17,2026-08-26T23:12:36.763Z
c963bfc47b5fdf30b63f7a56669c78dd4937,d07f8a86-2087-4fb0-9121-dfaa7bf6a92a,https://gpcdevelopment.ca/projects/inova,orphan-page,warning,,https://gpcdevelopment.ca/,2026-08-26 23:10:17,2026-08-26T23:12:36.763Z
4362e34206bd249172dcc00a2297065efaa3,d07f8a86-2087-4fb0-9121-dfaa7bf6a92a,https://gpcdevelopment.ca/projects/axir,orphan-page,warning,,https://gpcdevelopment.ca/,2026-08-26 23:10:17,2026-08-26T23:12:36.763Z
3b5d8ee1ab93bc2356594fb409961c00a570,d07f8a86-2087-4fb0-9121-dfaa7bf6a92a,https://gpcdevelopment.ca/about/tak-ho,orphan-page,warning,,https://gpcdevelopment.ca/,2026-08-26 23:10:17,2026-08-26T23:12:36.763Z
879e2bec92709e596de9075963078808dad6,d07f8a86-2087-4fb0-9121-dfaa7bf6a92a,https://gpcdevelopment.ca/projects/the-lauren,orphan-page,warning,,https://gpcdevelopment.ca/,2026-08-26 23:10:17,2026-08-26T23:12:36.763Z
befad978386e113a36b0dd5a43db7ed0fa40,d07f8a86-2087-4fb0-9121-dfaa7bf6a92a,https://gpcdevelopment.ca/projects/lizzybay,orphan-page,warning,,https://gpcdevelopment.ca/,2026-08-26 23:10:17,2026-08-26T23:12:36.763Z
856d7c352f44bc51ff3d67383d59f98d2a2f,d07f8a86-2087-4fb0-9121-dfaa7bf6a92a,https://gpcdevelopment.ca/projects/ablone-road,orphan-page,warning,,https://gpcdevelopment.ca/,2026-08-26 23:10:17,2026-08-26T23:12:36.763Z
22498400421c286131b36f4283e3e8eee68f,d07f8a86-2087-4fb0-9121-dfaa7bf6a92a,https://gpcdevelopment.ca/projects/barrington-road,orphan-page,warning,,https://gpcdevelopment.ca/,2026-08-26 23:10:17,2026-08-26T23:12:36.763Z
fd704e0fc01995f1cf19d01f31031c2bc089,d07f8a86-2087-4fb0-9121-dfaa7bf6a92a,https://gpcdevelopment.ca/projects/westbourne,orphan-page,warning,,https://gpcdevelopment.ca/,2026-08-26 23:10:17,2026-08-26T23:12:36.763Z
c4ddb831d73a202e1037a6b65ffc0b298886,d07f8a86-2087-4fb0-9121-dfaa7bf6a92a,https://gpcdevelopment.ca/projects/spanish-banks,orphan-page,warning,,https://gpcdevelopment.ca/,2026-08-26 23:10:17,2026-08-26T23:12:36.763Z
98da4b2089ba253d3f2ced868be9678a4b18,d07f8a86-2087-4fb0-9121-dfaa7bf6a92a,https://gpcdevelopment.ca/projects/frances,orphan-page,warning,,https://gpcdevelopment.ca/,2026-08-26 23:10:17,2026-08-26T23:12:36.763Z
1453e0f8a843eed5762a672014f77cd4b65d,d07f8a86-2087-4fb0-9121-dfaa7bf6a92a,https://gpcdevelopment.ca/projects/mackenzie-heights,orphan-page,warning,,https://gpcdevelopment.ca/,2026-08-26 23:10:17,2026-08-26T23:12:36.763Z
c00a31f7ff5936cc71105639642000070b03,d07f8a86-2087-4fb0-9121-dfaa7bf6a92a,https://gpcdevelopment.ca/projects/516-w-61st-ave,orphan-page,warning,,https://gpcdevelopment.ca/,2026-08-26 23:10:17,2026-08-26T23:12:36.763Z
a1322447bfca5cb47447c64a50fb43803a4e,d07f8a86-2087-4fb0-9121-dfaa7bf6a92a,https://gpcdevelopment.ca/projects/buddhist-student-residence,orphan-page,warning,,https://gpcdevelopment.ca/,2026-08-26 23:10:17,2026-08-26T23:12:36.763Z
