keyword,market,lang,search_volume,kd,cpc,intent,monthly_searches
construction jobs,2124,en,6070,0,,informational,"[{""year"":2026,""month"":6,""searchVolume"":6070},{""year"":2026,""month"":5,""searchVolume"":7336},{""year"":2026,""month"":4,""searchVolume"":7320},{""year"":2026,""month"":3,""searchVolume"":7547},{""year"":2026,""month"":2,""searchVolume"":6112},{""year"":2026,""month"":1,""searchVolume"":7501},{""year"":2025,""month"":12,""searchVolume"":4977},{""year"":2025,""month"":11,""searchVolume"":6060},{""year"":2025,""month"":10,""searchVolume"":6060},{""year"":2025,""month"":9,""searchVolume"":7427},{""year"":2025,""month"":8,""searchVolume"":7544},{""year"":2025,""month"":7,""searchVolume"":7486}]"
construction jobs near me,2124,en,1634,0,1.74,commercial,"[{""year"":2026,""month"":6,""searchVolume"":1634},{""year"":2026,""month"":5,""searchVolume"":1665},{""year"":2026,""month"":4,""searchVolume"":2120},{""year"":2026,""month"":3,""searchVolume"":2192},{""year"":2026,""month"":2,""searchVolume"":1687},{""year"":2026,""month"":1,""searchVolume"":2131},{""year"":2025,""month"":12,""searchVolume"":1414},{""year"":2025,""month"":11,""searchVolume"":1407},{""year"":2025,""month"":10,""searchVolume"":1609},{""year"":2025,""month"":9,""searchVolume"":1629},{""year"":2025,""month"":8,""searchVolume"":2057},{""year"":2025,""month"":7,""searchVolume"":2486}]"
construction jobs toronto,2124,en,1386,0,0.87,informational,"[{""year"":2026,""month"":6,""searchVolume"":1130},{""year"":2026,""month"":5,""searchVolume"":1350},{""year"":2026,""month"":4,""searchVolume"":1313},{""year"":2026,""month"":3,""searchVolume"":1424},{""year"":2026,""month"":2,""searchVolume"":1076},{""year"":2026,""month"":1,""searchVolume"":1155},{""year"":2025,""month"":12,""searchVolume"":722},{""year"":2025,""month"":11,""searchVolume"":722},{""year"":2025,""month"":10,""searchVolume"":989},{""year"":2025,""month"":9,""searchVolume"":1188},{""year"":2025,""month"":8,""searchVolume"":1188},{""year"":2025,""month"":7,""searchVolume"":1484}]"
construction project management,2124,en,1300,12,,informational,"[{""year"":2026,""month"":7,""searchVolume"":1000},{""year"":2026,""month"":6,""searchVolume"":1000},{""year"":2026,""month"":5,""searchVolume"":1300},{""year"":2026,""month"":4,""searchVolume"":1900},{""year"":2026,""month"":3,""searchVolume"":1900},{""year"":2026,""month"":2,""searchVolume"":1300},{""year"":2026,""month"":1,""searchVolume"":1300},{""year"":2025,""month"":12,""searchVolume"":1000},{""year"":2025,""month"":11,""searchVolume"":1300},{""year"":2025,""month"":10,""searchVolume"":1300},{""year"":2025,""month"":9,""searchVolume"":1900},{""year"":2025,""month"":8,""searchVolume"":1300}]"
construction project management jobs,2124,en,159,0,0.26,informational,"[{""year"":2026,""month"":6,""searchVolume"":141},{""year"":2026,""month"":5,""searchVolume"":302},{""year"":2026,""month"":4,""searchVolume"":207},{""year"":2026,""month"":3,""searchVolume"":137},{""year"":2026,""month"":2,""searchVolume"":120},{""year"":2026,""month"":1,""searchVolume"":137},{""year"":2025,""month"":12,""searchVolume"":98},{""year"":2025,""month"":11,""searchVolume"":137},{""year"":2025,""month"":10,""searchVolume"":137},{""year"":2025,""month"":9,""searchVolume"":6},{""year"":2025,""month"":8,""searchVolume"":6},{""year"":2025,""month"":7,""searchVolume"":7}]"
construction project manager jobs,2124,en,488,0,0.82,informational,"[{""year"":2026,""month"":6,""searchVolume"":431},{""year"":2026,""month"":5,""searchVolume"":926},{""year"":2026,""month"":4,""searchVolume"":634},{""year"":2026,""month"":3,""searchVolume"":560},{""year"":2026,""month"":2,""searchVolume"":493},{""year"":2026,""month"":1,""searchVolume"":560},{""year"":2025,""month"":12,""searchVolume"":403},{""year"":2025,""month"":11,""searchVolume"":560},{""year"":2025,""month"":10,""searchVolume"":560},{""year"":2025,""month"":9,""searchVolume"":576},{""year"":2025,""month"":8,""searchVolume"":576},{""year"":2025,""month"":7,""searchVolume"":474}]"
project manager jobs vancouver,2124,en,234,0,0.34,navigational,"[{""year"":2026,""month"":6,""searchVolume"":192},{""year"":2026,""month"":5,""searchVolume"":211},{""year"":2026,""month"":4,""searchVolume"":219},{""year"":2026,""month"":3,""searchVolume"":294},{""year"":2026,""month"":2,""searchVolume"":207},{""year"":2026,""month"":1,""searchVolume"":302},{""year"":2025,""month"":12,""searchVolume"":275},{""year"":2025,""month"":11,""searchVolume"":335},{""year"":2025,""month"":10,""searchVolume"":292},{""year"":2025,""month"":9,""searchVolume"":335},{""year"":2025,""month"":8,""searchVolume"":335},{""year"":2025,""month"":7,""searchVolume"":410}]"
construction project management courses,2124,en,142,0,,informational,"[{""year"":2026,""month"":6,""searchVolume"":143},{""year"":2026,""month"":5,""searchVolume"":176},{""year"":2026,""month"":4,""searchVolume"":118},{""year"":2026,""month"":3,""searchVolume"":182},{""year"":2026,""month"":2,""searchVolume"":173},{""year"":2026,""month"":1,""searchVolume"":141},{""year"":2025,""month"":12,""searchVolume"":179},{""year"":2025,""month"":11,""searchVolume"":179},{""year"":2025,""month"":10,""searchVolume"":173},{""year"":2025,""month"":9,""searchVolume"":208},{""year"":2025,""month"":8,""searchVolume"":240},{""year"":2025,""month"":7,""searchVolume"":297}]"
construction project management course,2124,en,70,0,3.71,informational,"[{""year"":2026,""month"":6,""searchVolume"":71},{""year"":2026,""month"":5,""searchVolume"":87},{""year"":2026,""month"":4,""searchVolume"":58},{""year"":2026,""month"":3,""searchVolume"":182},{""year"":2026,""month"":2,""searchVolume"":173},{""year"":2026,""month"":1,""searchVolume"":141},{""year"":2025,""month"":12,""searchVolume"":119},{""year"":2025,""month"":11,""searchVolume"":119},{""year"":2025,""month"":10,""searchVolume"":173},{""year"":2025,""month"":9,""searchVolume"":103},{""year"":2025,""month"":8,""searchVolume"":59},{""year"":2025,""month"":7,""searchVolume"":58}]"
construction project manager salary,2124,en,255,0,,informational,"[{""year"":2026,""month"":6,""searchVolume"":213},{""year"":2026,""month"":5,""searchVolume"":213},{""year"":2026,""month"":4,""searchVolume"":260},{""year"":2026,""month"":3,""searchVolume"":313},{""year"":2026,""month"":2,""searchVolume"":313},{""year"":2026,""month"":1,""searchVolume"":385},{""year"":2025,""month"":12,""searchVolume"":313},{""year"":2025,""month"":11,""searchVolume"":313},{""year"":2025,""month"":10,""searchVolume"":385},{""year"":2025,""month"":9,""searchVolume"":473},{""year"":2025,""month"":8,""searchVolume"":385},{""year"":2025,""month"":7,""searchVolume"":385}]"
construction project manager course,2124,en,2,0,,informational,"[{""year"":2026,""month"":6,""searchVolume"":2},{""year"":2026,""month"":5,""searchVolume"":3},{""year"":2026,""month"":4,""searchVolume"":2},{""year"":2026,""month"":3,""searchVolume"":3},{""year"":2026,""month"":2,""searchVolume"":3},{""year"":2026,""month"":1,""searchVolume"":2},{""year"":2025,""month"":12,""searchVolume"":2},{""year"":2025,""month"":11,""searchVolume"":2},{""year"":2025,""month"":10,""searchVolume"":3},{""year"":2025,""month"":9,""searchVolume"":2},{""year"":2025,""month"":8,""searchVolume"":2},{""year"":2025,""month"":7,""searchVolume"":2}]"
construction jobs in ontario,2124,en,8,0,1.0,commercial,"[{""year"":2026,""month"":6,""searchVolume"":6},{""year"":2026,""month"":5,""searchVolume"":6},{""year"":2026,""month"":4,""searchVolume"":6},{""year"":2026,""month"":3,""searchVolume"":10},{""year"":2026,""month"":2,""searchVolume"":10},{""year"":2026,""month"":1,""searchVolume"":8},{""year"":2025,""month"":12,""searchVolume"":6},{""year"":2025,""month"":11,""searchVolume"":6},{""year"":2025,""month"":10,""searchVolume"":5},{""year"":2025,""month"":9,""searchVolume"":3},{""year"":2025,""month"":8,""searchVolume"":4},{""year"":2025,""month"":7,""searchVolume"":4}]"
construction jobs no experience,2124,en,99,0,,navigational,"[{""year"":2026,""month"":6,""searchVolume"":100},{""year"":2026,""month"":5,""searchVolume"":156},{""year"":2026,""month"":4,""searchVolume"":184},{""year"":2026,""month"":3,""searchVolume"":225},{""year"":2026,""month"":2,""searchVolume"":183},{""year"":2026,""month"":1,""searchVolume"":178},{""year"":2025,""month"":12,""searchVolume"":197},{""year"":2025,""month"":11,""searchVolume"":145},{""year"":2025,""month"":10,""searchVolume"":180},{""year"":2025,""month"":9,""searchVolume"":231},{""year"":2025,""month"":8,""searchVolume"":290},{""year"":2025,""month"":7,""searchVolume"":346}]"
construction jobs canada,2124,en,160,5,,informational,"[{""year"":2026,""month"":6,""searchVolume"":109},{""year"":2026,""month"":5,""searchVolume"":134},{""year"":2026,""month"":4,""searchVolume"":166},{""year"":2026,""month"":3,""searchVolume"":250},{""year"":2026,""month"":2,""searchVolume"":163},{""year"":2026,""month"":1,""searchVolume"":163},{""year"":2025,""month"":12,""searchVolume"":88},{""year"":2025,""month"":11,""searchVolume"":4},{""year"":2025,""month"":10,""searchVolume"":4},{""year"":2025,""month"":9,""searchVolume"":5},{""year"":2025,""month"":8,""searchVolume"":82},{""year"":2025,""month"":7,""searchVolume"":125}]"
construction project management certification,2124,en,137,8,,informational,"[{""year"":2026,""month"":6,""searchVolume"":88},{""year"":2026,""month"":5,""searchVolume"":167},{""year"":2026,""month"":4,""searchVolume"":105},{""year"":2026,""month"":3,""searchVolume"":195},{""year"":2026,""month"":2,""searchVolume"":168},{""year"":2026,""month"":1,""searchVolume"":112},{""year"":2025,""month"":12,""searchVolume"":88},{""year"":2025,""month"":11,""searchVolume"":82},{""year"":2025,""month"":10,""searchVolume"":105},{""year"":2025,""month"":9,""searchVolume"":88},{""year"":2025,""month"":8,""searchVolume"":73},{""year"":2025,""month"":7,""searchVolume"":67}]"
construction project management jobs toronto,2124,en,2,0,0.16,navigational,"[{""year"":2026,""month"":6,""searchVolume"":1},{""year"":2026,""month"":5,""searchVolume"":2},{""year"":2026,""month"":4,""searchVolume"":2},{""year"":2026,""month"":3,""searchVolume"":79},{""year"":2026,""month"":2,""searchVolume"":45},{""year"":2026,""month"":1,""searchVolume"":54},{""year"":2025,""month"":12,""searchVolume"":45},{""year"":2025,""month"":11,""searchVolume"":54},{""year"":2025,""month"":10,""searchVolume"":67},{""year"":2025,""month"":9,""searchVolume"":54},{""year"":2025,""month"":8,""searchVolume"":79},{""year"":2025,""month"":7,""searchVolume"":97}]"
construction project manager jobs toronto,2124,en,2,0,,transactional,"[{""year"":2026,""month"":6,""searchVolume"":1},{""year"":2026,""month"":5,""searchVolume"":2},{""year"":2026,""month"":4,""searchVolume"":2},{""year"":2026,""month"":3,""searchVolume"":2},{""year"":2026,""month"":2,""searchVolume"":1},{""year"":2026,""month"":1,""searchVolume"":2},{""year"":2025,""month"":12,""searchVolume"":1},{""year"":2025,""month"":11,""searchVolume"":2},{""year"":2025,""month"":10,""searchVolume"":2},{""year"":2025,""month"":9,""searchVolume"":2},{""year"":2025,""month"":8,""searchVolume"":2},{""year"":2025,""month"":7,""searchVolume"":3}]"
construction jobs toronto no experience,2124,en,107,0,1.17,navigational,"[{""year"":2026,""month"":6,""searchVolume"":69},{""year"":2026,""month"":5,""searchVolume"":107},{""year"":2026,""month"":4,""searchVolume"":105},{""year"":2026,""month"":3,""searchVolume"":134},{""year"":2026,""month"":2,""searchVolume"":134},{""year"":2026,""month"":1,""searchVolume"":101},{""year"":2025,""month"":12,""searchVolume"":22},{""year"":2025,""month"":11,""searchVolume"":28},{""year"":2025,""month"":10,""searchVolume"":101},{""year"":2025,""month"":9,""searchVolume"":101},{""year"":2025,""month"":8,""searchVolume"":155},{""year"":2025,""month"":7,""searchVolume"":192}]"
construction project manager job description,2124,en,1,5,3.07,informational,"[{""year"":2026,""month"":6,""searchVolume"":1},{""year"":2026,""month"":5,""searchVolume"":1},{""year"":2026,""month"":4,""searchVolume"":1},{""year"":2026,""month"":3,""searchVolume"":1},{""year"":2026,""month"":2,""searchVolume"":1},{""year"":2026,""month"":1,""searchVolume"":2},{""year"":2025,""month"":12,""searchVolume"":1},{""year"":2025,""month"":11,""searchVolume"":1},{""year"":2025,""month"":10,""searchVolume"":30},{""year"":2025,""month"":9,""searchVolume"":61},{""year"":2025,""month"":8,""searchVolume"":50},{""year"":2025,""month"":7,""searchVolume"":59}]"
construction project management salary,2124,en,23,0,,informational,"[{""year"":2026,""month"":6,""searchVolume"":17},{""year"":2026,""month"":5,""searchVolume"":23},{""year"":2026,""month"":4,""searchVolume"":17},{""year"":2026,""month"":3,""searchVolume"":17},{""year"":2026,""month"":2,""searchVolume"":23},{""year"":2026,""month"":1,""searchVolume"":17},{""year"":2025,""month"":12,""searchVolume"":23},{""year"":2025,""month"":11,""searchVolume"":17},{""year"":2025,""month"":10,""searchVolume"":23},{""year"":2025,""month"":9,""searchVolume"":30},{""year"":2025,""month"":8,""searchVolume"":30},{""year"":2025,""month"":7,""searchVolume"":23}]"
construction project management courses online,2124,en,29,4,5.87,informational,"[{""year"":2026,""month"":6,""searchVolume"":30},{""year"":2026,""month"":5,""searchVolume"":30},{""year"":2026,""month"":4,""searchVolume"":21},{""year"":2026,""month"":3,""searchVolume"":102},{""year"":2026,""month"":2,""searchVolume"":66},{""year"":2026,""month"":1,""searchVolume"":30},{""year"":2025,""month"":12,""searchVolume"":42},{""year"":2025,""month"":11,""searchVolume"":30},{""year"":2025,""month"":10,""searchVolume"":30},{""year"":2025,""month"":9,""searchVolume"":30},{""year"":2025,""month"":8,""searchVolume"":21},{""year"":2025,""month"":7,""searchVolume"":30}]"
construction project management course online,2124,en,1,4,5.87,informational,"[{""year"":2026,""month"":6,""searchVolume"":1},{""year"":2026,""month"":5,""searchVolume"":1},{""year"":2026,""month"":4,""searchVolume"":1},{""year"":2026,""month"":3,""searchVolume"":2},{""year"":2026,""month"":2,""searchVolume"":1},{""year"":2026,""month"":1,""searchVolume"":0},{""year"":2025,""month"":12,""searchVolume"":1},{""year"":2025,""month"":11,""searchVolume"":0},{""year"":2025,""month"":10,""searchVolume"":0},{""year"":2025,""month"":9,""searchVolume"":0},{""year"":2025,""month"":8,""searchVolume"":21},{""year"":2025,""month"":7,""searchVolume"":30}]"
construction project management george brown,2124,en,50,0,5.74,informational,"[{""year"":2026,""month"":6,""searchVolume"":40},{""year"":2026,""month"":5,""searchVolume"":30},{""year"":2026,""month"":4,""searchVolume"":70},{""year"":2026,""month"":3,""searchVolume"":50},{""year"":2026,""month"":2,""searchVolume"":30},{""year"":2026,""month"":1,""searchVolume"":50},{""year"":2025,""month"":12,""searchVolume"":50},{""year"":2025,""month"":11,""searchVolume"":40},{""year"":2025,""month"":10,""searchVolume"":40},{""year"":2025,""month"":9,""searchVolume"":90},{""year"":2025,""month"":8,""searchVolume"":40},{""year"":2025,""month"":7,""searchVolume"":50}]"
construction management programs ontario,2124,en,50,24,,informational,"[{""year"":2026,""month"":7,""searchVolume"":50},{""year"":2026,""month"":6,""searchVolume"":40},{""year"":2026,""month"":5,""searchVolume"":30},{""year"":2026,""month"":4,""searchVolume"":50},{""year"":2026,""month"":3,""searchVolume"":50},{""year"":2026,""month"":2,""searchVolume"":50},{""year"":2026,""month"":1,""searchVolume"":70},{""year"":2025,""month"":12,""searchVolume"":50},{""year"":2025,""month"":11,""searchVolume"":50},{""year"":2025,""month"":10,""searchVolume"":40},{""year"":2025,""month"":9,""searchVolume"":90},{""year"":2025,""month"":8,""searchVolume"":50}]"
construction project management program,2124,en,47,46,43.51,informational,"[{""year"":2026,""month"":6,""searchVolume"":48},{""year"":2026,""month"":5,""searchVolume"":87},{""year"":2026,""month"":4,""searchVolume"":48},{""year"":2026,""month"":3,""searchVolume"":48},{""year"":2026,""month"":2,""searchVolume"":29},{""year"":2026,""month"":1,""searchVolume"":39},{""year"":2025,""month"":12,""searchVolume"":39},{""year"":2025,""month"":11,""searchVolume"":47},{""year"":2025,""month"":10,""searchVolume"":28},{""year"":2025,""month"":9,""searchVolume"":38},{""year"":2025,""month"":8,""searchVolume"":38},{""year"":2025,""month"":7,""searchVolume"":47}]"
construction jobs vaughan,2124,en,35,0,,navigational,"[{""year"":2026,""month"":6,""searchVolume"":15},{""year"":2026,""month"":5,""searchVolume"":45},{""year"":2026,""month"":4,""searchVolume"":35},{""year"":2026,""month"":3,""searchVolume"":35},{""year"":2026,""month"":2,""searchVolume"":35},{""year"":2026,""month"":1,""searchVolume"":45},{""year"":2025,""month"":12,""searchVolume"":20},{""year"":2025,""month"":11,""searchVolume"":25},{""year"":2025,""month"":10,""searchVolume"":15},{""year"":2025,""month"":9,""searchVolume"":20},{""year"":2025,""month"":8,""searchVolume"":20},{""year"":2025,""month"":7,""searchVolume"":55}]"
construction project manager salary toronto,2124,en,50,0,,informational,"[{""year"":2026,""month"":7,""searchVolume"":30},{""year"":2026,""month"":6,""searchVolume"":30},{""year"":2026,""month"":5,""searchVolume"":40},{""year"":2026,""month"":4,""searchVolume"":40},{""year"":2026,""month"":3,""searchVolume"":50},{""year"":2026,""month"":2,""searchVolume"":40},{""year"":2026,""month"":1,""searchVolume"":50},{""year"":2025,""month"":12,""searchVolume"":70},{""year"":2025,""month"":11,""searchVolume"":70},{""year"":2025,""month"":10,""searchVolume"":110},{""year"":2025,""month"":9,""searchVolume"":70},{""year"":2025,""month"":8,""searchVolume"":70}]"
construction project management algonquin,2124,en,40,12,8.62,navigational,"[{""year"":2026,""month"":6,""searchVolume"":40},{""year"":2026,""month"":5,""searchVolume"":50},{""year"":2026,""month"":4,""searchVolume"":50},{""year"":2026,""month"":3,""searchVolume"":30},{""year"":2026,""month"":2,""searchVolume"":40},{""year"":2026,""month"":1,""searchVolume"":40},{""year"":2025,""month"":12,""searchVolume"":30},{""year"":2025,""month"":11,""searchVolume"":40},{""year"":2025,""month"":10,""searchVolume"":40},{""year"":2025,""month"":9,""searchVolume"":30},{""year"":2025,""month"":8,""searchVolume"":40},{""year"":2025,""month"":7,""searchVolume"":30}]"
construction project manager noc code,2124,en,40,40,,informational,"[{""year"":2026,""month"":7,""searchVolume"":30},{""year"":2026,""month"":6,""searchVolume"":40},{""year"":2026,""month"":5,""searchVolume"":40},{""year"":2026,""month"":4,""searchVolume"":40},{""year"":2026,""month"":3,""searchVolume"":40},{""year"":2026,""month"":2,""searchVolume"":40},{""year"":2026,""month"":1,""searchVolume"":30},{""year"":2025,""month"":12,""searchVolume"":50},{""year"":2025,""month"":11,""searchVolume"":40},{""year"":2025,""month"":10,""searchVolume"":40},{""year"":2025,""month"":9,""searchVolume"":40},{""year"":2025,""month"":8,""searchVolume"":40}]"
construction management companies toronto,2124,en,1,27,8.85,commercial,"[{""year"":2026,""month"":6,""searchVolume"":1},{""year"":2026,""month"":5,""searchVolume"":1},{""year"":2026,""month"":4,""searchVolume"":1},{""year"":2026,""month"":3,""searchVolume"":1},{""year"":2026,""month"":2,""searchVolume"":1},{""year"":2026,""month"":1,""searchVolume"":1},{""year"":2025,""month"":12,""searchVolume"":1},{""year"":2025,""month"":11,""searchVolume"":1},{""year"":2025,""month"":10,""searchVolume"":1},{""year"":2025,""month"":9,""searchVolume"":3},{""year"":2025,""month"":8,""searchVolume"":3},{""year"":2025,""month"":7,""searchVolume"":7}]"
construction project management diploma,2124,en,15,,4.22,informational,"[{""year"":2026,""month"":6,""searchVolume"":15},{""year"":2026,""month"":5,""searchVolume"":15},{""year"":2026,""month"":4,""searchVolume"":20},{""year"":2026,""month"":3,""searchVolume"":15},{""year"":2026,""month"":2,""searchVolume"":15},{""year"":2026,""month"":1,""searchVolume"":15},{""year"":2025,""month"":12,""searchVolume"":10},{""year"":2025,""month"":11,""searchVolume"":20},{""year"":2025,""month"":10,""searchVolume"":15},{""year"":2025,""month"":9,""searchVolume"":15},{""year"":2025,""month"":8,""searchVolume"":20},{""year"":2025,""month"":7,""searchVolume"":15}]"
construction project manager salary ontario,2124,en,30,13,,informational,"[{""year"":2026,""month"":6,""searchVolume"":20},{""year"":2026,""month"":5,""searchVolume"":20},{""year"":2026,""month"":4,""searchVolume"":30},{""year"":2026,""month"":3,""searchVolume"":40},{""year"":2026,""month"":2,""searchVolume"":30},{""year"":2026,""month"":1,""searchVolume"":20},{""year"":2025,""month"":12,""searchVolume"":40},{""year"":2025,""month"":11,""searchVolume"":30},{""year"":2025,""month"":10,""searchVolume"":20},{""year"":2025,""month"":9,""searchVolume"":30},{""year"":2025,""month"":8,""searchVolume"":40},{""year"":2025,""month"":7,""searchVolume"":30}]"
construction project management certification online,2124,en,29,42,3.02,informational,"[{""year"":2026,""month"":6,""searchVolume"":10},{""year"":2026,""month"":5,""searchVolume"":29},{""year"":2026,""month"":4,""searchVolume"":19},{""year"":2026,""month"":3,""searchVolume"":87},{""year"":2026,""month"":2,""searchVolume"":87},{""year"":2026,""month"":1,""searchVolume"":10},{""year"":2025,""month"":12,""searchVolume"":10},{""year"":2025,""month"":11,""searchVolume"":10},{""year"":2025,""month"":10,""searchVolume"":10},{""year"":2025,""month"":9,""searchVolume"":10},{""year"":2025,""month"":8,""searchVolume"":10},{""year"":2025,""month"":7,""searchVolume"":5}]"
construction project management degree,2124,en,8,,,informational,"[{""year"":2026,""month"":6,""searchVolume"":5},{""year"":2026,""month"":5,""searchVolume"":10},{""year"":2026,""month"":4,""searchVolume"":8},{""year"":2026,""month"":3,""searchVolume"":10},{""year"":2026,""month"":2,""searchVolume"":8},{""year"":2026,""month"":1,""searchVolume"":8},{""year"":2025,""month"":12,""searchVolume"":2},{""year"":2025,""month"":11,""searchVolume"":2},{""year"":2025,""month"":10,""searchVolume"":8},{""year"":2025,""month"":9,""searchVolume"":5},{""year"":2025,""month"":8,""searchVolume"":8},{""year"":2025,""month"":7,""searchVolume"":2}]"
construction project management courses in canada,2124,en,30,1,5.98,informational,"[{""year"":2026,""month"":7,""searchVolume"":30},{""year"":2026,""month"":6,""searchVolume"":20},{""year"":2026,""month"":5,""searchVolume"":30},{""year"":2026,""month"":4,""searchVolume"":20},{""year"":2026,""month"":3,""searchVolume"":20},{""year"":2026,""month"":2,""searchVolume"":20},{""year"":2026,""month"":1,""searchVolume"":30},{""year"":2025,""month"":12,""searchVolume"":40},{""year"":2025,""month"":11,""searchVolume"":30},{""year"":2025,""month"":10,""searchVolume"":50},{""year"":2025,""month"":9,""searchVolume"":40},{""year"":2025,""month"":8,""searchVolume"":30}]"
construction project management courses online canada,2124,en,8,0,7.06,informational,"[{""year"":2026,""month"":6,""searchVolume"":5},{""year"":2026,""month"":5,""searchVolume"":2},{""year"":2026,""month"":4,""searchVolume"":5},{""year"":2026,""month"":3,""searchVolume"":5},{""year"":2026,""month"":2,""searchVolume"":5},{""year"":2026,""month"":1,""searchVolume"":10},{""year"":2025,""month"":12,""searchVolume"":5},{""year"":2025,""month"":11,""searchVolume"":5},{""year"":2025,""month"":10,""searchVolume"":8},{""year"":2025,""month"":9,""searchVolume"":8},{""year"":2025,""month"":8,""searchVolume"":8},{""year"":2025,""month"":7,""searchVolume"":8}]"
construction project manager salary vancouver,2124,en,20,0,,informational,"[{""year"":2026,""month"":7,""searchVolume"":10},{""year"":2026,""month"":6,""searchVolume"":20},{""year"":2026,""month"":5,""searchVolume"":10},{""year"":2026,""month"":4,""searchVolume"":10},{""year"":2026,""month"":3,""searchVolume"":10},{""year"":2026,""month"":2,""searchVolume"":10},{""year"":2026,""month"":1,""searchVolume"":20},{""year"":2025,""month"":12,""searchVolume"":20},{""year"":2025,""month"":11,""searchVolume"":40},{""year"":2025,""month"":10,""searchVolume"":40},{""year"":2025,""month"":9,""searchVolume"":20},{""year"":2025,""month"":8,""searchVolume"":30}]"
construction project management certification canada,2124,en,20,,2.05,informational,"[{""year"":2026,""month"":7,""searchVolume"":10},{""year"":2026,""month"":6,""searchVolume"":10},{""year"":2026,""month"":5,""searchVolume"":10},{""year"":2026,""month"":4,""searchVolume"":10},{""year"":2026,""month"":3,""searchVolume"":20},{""year"":2026,""month"":2,""searchVolume"":20},{""year"":2026,""month"":1,""searchVolume"":30},{""year"":2025,""month"":12,""searchVolume"":20},{""year"":2025,""month"":11,""searchVolume"":20},{""year"":2025,""month"":10,""searchVolume"":20},{""year"":2025,""month"":9,""searchVolume"":20},{""year"":2025,""month"":8,""searchVolume"":20}]"
construction project manager salary in canada,2124,en,5,2,,informational,"[{""year"":2026,""month"":6,""searchVolume"":2},{""year"":2026,""month"":5,""searchVolume"":5},{""year"":2026,""month"":4,""searchVolume"":5},{""year"":2026,""month"":3,""searchVolume"":5},{""year"":2026,""month"":2,""searchVolume"":5},{""year"":2026,""month"":1,""searchVolume"":5},{""year"":2025,""month"":12,""searchVolume"":2},{""year"":2025,""month"":11,""searchVolume"":2},{""year"":2025,""month"":10,""searchVolume"":5},{""year"":2025,""month"":9,""searchVolume"":10},{""year"":2025,""month"":8,""searchVolume"":5},{""year"":2025,""month"":7,""searchVolume"":5}]"
senior project manager salary vancouver,2124,en,20,0,,informational,"[{""year"":2026,""month"":6,""searchVolume"":20},{""year"":2026,""month"":5,""searchVolume"":20},{""year"":2026,""month"":4,""searchVolume"":10},{""year"":2026,""month"":3,""searchVolume"":20},{""year"":2026,""month"":2,""searchVolume"":20},{""year"":2026,""month"":1,""searchVolume"":20},{""year"":2025,""month"":12,""searchVolume"":10},{""year"":2025,""month"":11,""searchVolume"":20},{""year"":2025,""month"":10,""searchVolume"":30},{""year"":2025,""month"":9,""searchVolume"":20},{""year"":2025,""month"":8,""searchVolume"":20},{""year"":2025,""month"":7,""searchVolume"":20}]"
construction manager salary bc,2124,en,20,42,,informational,"[{""year"":2026,""month"":7,""searchVolume"":10},{""year"":2026,""month"":6,""searchVolume"":10},{""year"":2026,""month"":5,""searchVolume"":10},{""year"":2026,""month"":4,""searchVolume"":30},{""year"":2026,""month"":3,""searchVolume"":20},{""year"":2026,""month"":2,""searchVolume"":20},{""year"":2026,""month"":1,""searchVolume"":10},{""year"":2025,""month"":12,""searchVolume"":10},{""year"":2025,""month"":11,""searchVolume"":20},{""year"":2025,""month"":10,""searchVolume"":30},{""year"":2025,""month"":9,""searchVolume"":20},{""year"":2025,""month"":8,""searchVolume"":20}]"
construction project manager jobs near me,2124,en,5,,0.05,commercial,"[{""year"":2026,""month"":6,""searchVolume"":10},{""year"":2026,""month"":5,""searchVolume"":5},{""year"":2026,""month"":4,""searchVolume"":8},{""year"":2026,""month"":3,""searchVolume"":8},{""year"":2026,""month"":2,""searchVolume"":2},{""year"":2026,""month"":1,""searchVolume"":8},{""year"":2025,""month"":12,""searchVolume"":5},{""year"":2025,""month"":11,""searchVolume"":2},{""year"":2025,""month"":10,""searchVolume"":5},{""year"":2025,""month"":9,""searchVolume"":2},{""year"":2025,""month"":8,""searchVolume"":5},{""year"":2025,""month"":7,""searchVolume"":8}]"
construction management courses online canada,2124,en,20,4,,informational,"[{""year"":2026,""month"":7,""searchVolume"":10},{""year"":2026,""month"":6,""searchVolume"":20},{""year"":2026,""month"":5,""searchVolume"":10},{""year"":2026,""month"":4,""searchVolume"":20},{""year"":2026,""month"":3,""searchVolume"":20},{""year"":2026,""month"":2,""searchVolume"":20},{""year"":2026,""month"":1,""searchVolume"":40},{""year"":2025,""month"":12,""searchVolume"":20},{""year"":2025,""month"":11,""searchVolume"":20},{""year"":2025,""month"":10,""searchVolume"":30},{""year"":2025,""month"":9,""searchVolume"":30},{""year"":2025,""month"":8,""searchVolume"":30}]"
construction management conestoga,2124,en,20,0,3.76,navigational,"[{""year"":2026,""month"":7,""searchVolume"":10},{""year"":2026,""month"":6,""searchVolume"":10},{""year"":2026,""month"":5,""searchVolume"":10},{""year"":2026,""month"":4,""searchVolume"":10},{""year"":2026,""month"":3,""searchVolume"":20},{""year"":2026,""month"":2,""searchVolume"":20},{""year"":2026,""month"":1,""searchVolume"":20},{""year"":2025,""month"":12,""searchVolume"":20},{""year"":2025,""month"":11,""searchVolume"":30},{""year"":2025,""month"":10,""searchVolume"":20},{""year"":2025,""month"":9,""searchVolume"":30},{""year"":2025,""month"":8,""searchVolume"":20}]"
construction project management conestoga,2124,en,10,40,,navigational,"[{""year"":2026,""month"":7,""searchVolume"":10},{""year"":2026,""month"":6,""searchVolume"":10},{""year"":2026,""month"":5,""searchVolume"":10},{""year"":2026,""month"":4,""searchVolume"":10},{""year"":2026,""month"":3,""searchVolume"":10},{""year"":2026,""month"":2,""searchVolume"":10},{""year"":2026,""month"":1,""searchVolume"":10},{""year"":2025,""month"":12,""searchVolume"":20},{""year"":2025,""month"":11,""searchVolume"":30},{""year"":2025,""month"":10,""searchVolume"":20},{""year"":2025,""month"":9,""searchVolume"":10},{""year"":2025,""month"":8,""searchVolume"":20}]"
construction project management requirements,2124,en,5,,2.58,informational,"[{""year"":2026,""month"":6,""searchVolume"":2},{""year"":2026,""month"":5,""searchVolume"":2},{""year"":2026,""month"":4,""searchVolume"":2},{""year"":2026,""month"":3,""searchVolume"":5},{""year"":2026,""month"":2,""searchVolume"":5},{""year"":2026,""month"":1,""searchVolume"":2},{""year"":2025,""month"":12,""searchVolume"":2},{""year"":2025,""month"":11,""searchVolume"":5},{""year"":2025,""month"":10,""searchVolume"":2},{""year"":2025,""month"":9,""searchVolume"":2},{""year"":2025,""month"":8,""searchVolume"":5},{""year"":2025,""month"":7,""searchVolume"":5}]"
construction project management courses ontario,2124,en,10,39,2.81,informational,"[{""year"":2026,""month"":7,""searchVolume"":10},{""year"":2026,""month"":6,""searchVolume"":10},{""year"":2026,""month"":5,""searchVolume"":10},{""year"":2026,""month"":4,""searchVolume"":10},{""year"":2026,""month"":3,""searchVolume"":10},{""year"":2026,""month"":2,""searchVolume"":20},{""year"":2026,""month"":1,""searchVolume"":20},{""year"":2025,""month"":12,""searchVolume"":30},{""year"":2025,""month"":11,""searchVolume"":10},{""year"":2025,""month"":10,""searchVolume"":10},{""year"":2025,""month"":9,""searchVolume"":20},{""year"":2025,""month"":8,""searchVolume"":20}]"
construction project management jobs remote,2124,en,10,,,commercial,"[{""year"":2026,""month"":7,""searchVolume"":0},{""year"":2026,""month"":6,""searchVolume"":10},{""year"":2026,""month"":5,""searchVolume"":0},{""year"":2026,""month"":4,""searchVolume"":0},{""year"":2026,""month"":3,""searchVolume"":0},{""year"":2026,""month"":2,""searchVolume"":0},{""year"":2026,""month"":1,""searchVolume"":0},{""year"":2025,""month"":12,""searchVolume"":0},{""year"":2025,""month"":11,""searchVolume"":0},{""year"":2025,""month"":10,""searchVolume"":0},{""year"":2025,""month"":9,""searchVolume"":0},{""year"":2025,""month"":8,""searchVolume"":0}]"
construction project management salary in canada,2124,en,10,2,,informational,"[{""year"":2026,""month"":6,""searchVolume"":0},{""year"":2026,""month"":5,""searchVolume"":0},{""year"":2026,""month"":4,""searchVolume"":0},{""year"":2026,""month"":3,""searchVolume"":10},{""year"":2026,""month"":2,""searchVolume"":10},{""year"":2026,""month"":1,""searchVolume"":10},{""year"":2025,""month"":12,""searchVolume"":10},{""year"":2025,""month"":11,""searchVolume"":10},{""year"":2025,""month"":10,""searchVolume"":10},{""year"":2025,""month"":9,""searchVolume"":10},{""year"":2025,""month"":8,""searchVolume"":10},{""year"":2025,""month"":7,""searchVolume"":10}]"
construction project management certification programs,2124,en,10,,,commercial,"[{""year"":2026,""month"":7,""searchVolume"":10},{""year"":2026,""month"":6,""searchVolume"":10},{""year"":2026,""month"":5,""searchVolume"":0},{""year"":2026,""month"":4,""searchVolume"":10},{""year"":2026,""month"":3,""searchVolume"":10},{""year"":2026,""month"":2,""searchVolume"":10},{""year"":2026,""month"":1,""searchVolume"":10},{""year"":2025,""month"":12,""searchVolume"":10},{""year"":2025,""month"":11,""searchVolume"":10},{""year"":2025,""month"":10,""searchVolume"":10},{""year"":2025,""month"":9,""searchVolume"":10},{""year"":2025,""month"":8,""searchVolume"":0}]"
construction project management certification free,2124,en,10,,,informational,"[{""year"":2026,""month"":7,""searchVolume"":0},{""year"":2026,""month"":6,""searchVolume"":0},{""year"":2026,""month"":5,""searchVolume"":0},{""year"":2026,""month"":4,""searchVolume"":0},{""year"":2026,""month"":3,""searchVolume"":0},{""year"":2026,""month"":2,""searchVolume"":10},{""year"":2026,""month"":1,""searchVolume"":0},{""year"":2025,""month"":12,""searchVolume"":0},{""year"":2025,""month"":11,""searchVolume"":0},{""year"":2025,""month"":10,""searchVolume"":0},{""year"":2025,""month"":9,""searchVolume"":0},{""year"":2025,""month"":8,""searchVolume"":10}]"
construction project management certificate george brown,2124,en,10,,,informational,"[{""year"":2026,""month"":7,""searchVolume"":10},{""year"":2026,""month"":6,""searchVolume"":10},{""year"":2026,""month"":5,""searchVolume"":10},{""year"":2026,""month"":4,""searchVolume"":10},{""year"":2026,""month"":3,""searchVolume"":10},{""year"":2026,""month"":2,""searchVolume"":10},{""year"":2026,""month"":1,""searchVolume"":10},{""year"":2025,""month"":12,""searchVolume"":10},{""year"":2025,""month"":11,""searchVolume"":10},{""year"":2025,""month"":10,""searchVolume"":10},{""year"":2025,""month"":9,""searchVolume"":20},{""year"":2025,""month"":8,""searchVolume"":10}]"
construction project management courses toronto,2124,en,10,42,5.68,navigational,"[{""year"":2026,""month"":7,""searchVolume"":10},{""year"":2026,""month"":6,""searchVolume"":10},{""year"":2026,""month"":5,""searchVolume"":10},{""year"":2026,""month"":4,""searchVolume"":10},{""year"":2026,""month"":3,""searchVolume"":10},{""year"":2026,""month"":2,""searchVolume"":10},{""year"":2026,""month"":1,""searchVolume"":10},{""year"":2025,""month"":12,""searchVolume"":10},{""year"":2025,""month"":11,""searchVolume"":10},{""year"":2025,""month"":10,""searchVolume"":10},{""year"":2025,""month"":9,""searchVolume"":10},{""year"":2025,""month"":8,""searchVolume"":10}]"
construction project management in canada,2124,en,10,42,4.84,informational,"[{""year"":2026,""month"":7,""searchVolume"":10},{""year"":2026,""month"":6,""searchVolume"":10},{""year"":2026,""month"":5,""searchVolume"":10},{""year"":2026,""month"":4,""searchVolume"":10},{""year"":2026,""month"":3,""searchVolume"":10},{""year"":2026,""month"":2,""searchVolume"":10},{""year"":2026,""month"":1,""searchVolume"":10},{""year"":2025,""month"":12,""searchVolume"":10},{""year"":2025,""month"":11,""searchVolume"":10},{""year"":2025,""month"":10,""searchVolume"":10},{""year"":2025,""month"":9,""searchVolume"":10},{""year"":2025,""month"":8,""searchVolume"":10}]"
construction project management courses online free,2124,en,10,,,informational,"[{""year"":2026,""month"":6,""searchVolume"":0},{""year"":2026,""month"":5,""searchVolume"":0},{""year"":2026,""month"":4,""searchVolume"":0},{""year"":2026,""month"":3,""searchVolume"":0},{""year"":2026,""month"":2,""searchVolume"":0},{""year"":2026,""month"":1,""searchVolume"":0},{""year"":2025,""month"":12,""searchVolume"":0},{""year"":2025,""month"":11,""searchVolume"":10},{""year"":2025,""month"":10,""searchVolume"":0},{""year"":2025,""month"":9,""searchVolume"":0},{""year"":2025,""month"":8,""searchVolume"":10},{""year"":2025,""month"":7,""searchVolume"":10}]"
construction project management 2 year course in canada,2124,en,10,,,commercial,"[{""year"":2026,""month"":6,""searchVolume"":0},{""year"":2026,""month"":5,""searchVolume"":0},{""year"":2026,""month"":4,""searchVolume"":0},{""year"":2026,""month"":3,""searchVolume"":0},{""year"":2026,""month"":2,""searchVolume"":0},{""year"":2026,""month"":1,""searchVolume"":10},{""year"":2025,""month"":12,""searchVolume"":0},{""year"":2025,""month"":11,""searchVolume"":10},{""year"":2025,""month"":10,""searchVolume"":0},{""year"":2025,""month"":9,""searchVolume"":0},{""year"":2025,""month"":8,""searchVolume"":10},{""year"":2025,""month"":7,""searchVolume"":0}]"
construction project management online,2124,en,10,40,33.49,informational,"[{""year"":2026,""month"":6,""searchVolume"":20},{""year"":2026,""month"":5,""searchVolume"":10},{""year"":2026,""month"":4,""searchVolume"":10},{""year"":2026,""month"":3,""searchVolume"":20},{""year"":2026,""month"":2,""searchVolume"":10},{""year"":2026,""month"":1,""searchVolume"":20},{""year"":2025,""month"":12,""searchVolume"":10},{""year"":2025,""month"":11,""searchVolume"":10},{""year"":2025,""month"":10,""searchVolume"":20},{""year"":2025,""month"":9,""searchVolume"":10},{""year"":2025,""month"":8,""searchVolume"":10},{""year"":2025,""month"":7,""searchVolume"":20}]"
construction jobs for foreigners,2124,en,10,,,informational,"[{""year"":2026,""month"":7,""searchVolume"":0},{""year"":2026,""month"":6,""searchVolume"":0},{""year"":2026,""month"":5,""searchVolume"":10},{""year"":2026,""month"":4,""searchVolume"":0},{""year"":2026,""month"":3,""searchVolume"":0},{""year"":2026,""month"":2,""searchVolume"":0},{""year"":2026,""month"":1,""searchVolume"":0},{""year"":2025,""month"":12,""searchVolume"":10},{""year"":2025,""month"":11,""searchVolume"":10},{""year"":2025,""month"":10,""searchVolume"":10},{""year"":2025,""month"":9,""searchVolume"":0},{""year"":2025,""month"":8,""searchVolume"":10}]"
entry level construction project manager salary,2124,en,10,,,informational,"[{""year"":2026,""month"":7,""searchVolume"":10},{""year"":2026,""month"":6,""searchVolume"":10},{""year"":2026,""month"":5,""searchVolume"":10},{""year"":2026,""month"":4,""searchVolume"":10},{""year"":2026,""month"":3,""searchVolume"":10},{""year"":2026,""month"":2,""searchVolume"":10},{""year"":2026,""month"":1,""searchVolume"":10},{""year"":2025,""month"":12,""searchVolume"":10},{""year"":2025,""month"":11,""searchVolume"":10},{""year"":2025,""month"":10,""searchVolume"":10},{""year"":2025,""month"":9,""searchVolume"":10},{""year"":2025,""month"":8,""searchVolume"":10}]"
senior construction project manager salary toronto,2124,en,10,,,informational,"[{""year"":2026,""month"":7,""searchVolume"":10},{""year"":2026,""month"":6,""searchVolume"":10},{""year"":2026,""month"":5,""searchVolume"":10},{""year"":2026,""month"":4,""searchVolume"":10},{""year"":2026,""month"":3,""searchVolume"":10},{""year"":2026,""month"":2,""searchVolume"":10},{""year"":2026,""month"":1,""searchVolume"":10},{""year"":2025,""month"":12,""searchVolume"":10},{""year"":2025,""month"":11,""searchVolume"":10},{""year"":2025,""month"":10,""searchVolume"":10},{""year"":2025,""month"":9,""searchVolume"":10},{""year"":2025,""month"":8,""searchVolume"":10}]"
construction project manager salary montreal,2124,en,10,42,,informational,"[{""year"":2026,""month"":7,""searchVolume"":10},{""year"":2026,""month"":6,""searchVolume"":10},{""year"":2026,""month"":5,""searchVolume"":10},{""year"":2026,""month"":4,""searchVolume"":10},{""year"":2026,""month"":3,""searchVolume"":10},{""year"":2026,""month"":2,""searchVolume"":10},{""year"":2026,""month"":1,""searchVolume"":10},{""year"":2025,""month"":12,""searchVolume"":10},{""year"":2025,""month"":11,""searchVolume"":10},{""year"":2025,""month"":10,""searchVolume"":10},{""year"":2025,""month"":9,""searchVolume"":10},{""year"":2025,""month"":8,""searchVolume"":10}]"
construction project manager hourly rate,2124,en,10,,6.57,informational,"[{""year"":2026,""month"":7,""searchVolume"":10},{""year"":2026,""month"":6,""searchVolume"":0},{""year"":2026,""month"":5,""searchVolume"":10},{""year"":2026,""month"":4,""searchVolume"":10},{""year"":2026,""month"":3,""searchVolume"":10},{""year"":2026,""month"":2,""searchVolume"":10},{""year"":2026,""month"":1,""searchVolume"":10},{""year"":2025,""month"":12,""searchVolume"":10},{""year"":2025,""month"":11,""searchVolume"":10},{""year"":2025,""month"":10,""searchVolume"":10},{""year"":2025,""month"":9,""searchVolume"":10},{""year"":2025,""month"":8,""searchVolume"":10}]"
construction project manager jobs remote,2124,en,10,,,informational,"[{""year"":2026,""month"":7,""searchVolume"":10},{""year"":2026,""month"":6,""searchVolume"":10},{""year"":2026,""month"":5,""searchVolume"":0},{""year"":2026,""month"":4,""searchVolume"":10},{""year"":2026,""month"":3,""searchVolume"":10},{""year"":2026,""month"":2,""searchVolume"":10},{""year"":2026,""month"":1,""searchVolume"":10},{""year"":2025,""month"":12,""searchVolume"":10},{""year"":2025,""month"":11,""searchVolume"":0},{""year"":2025,""month"":10,""searchVolume"":10},{""year"":2025,""month"":9,""searchVolume"":10},{""year"":2025,""month"":8,""searchVolume"":10}]"
construction project manager jobs salary,2124,en,10,,,informational,"[{""year"":2026,""month"":6,""searchVolume"":10},{""year"":2026,""month"":5,""searchVolume"":10},{""year"":2026,""month"":4,""searchVolume"":10},{""year"":2026,""month"":3,""searchVolume"":10},{""year"":2026,""month"":2,""searchVolume"":10},{""year"":2026,""month"":1,""searchVolume"":10},{""year"":2025,""month"":12,""searchVolume"":0},{""year"":2025,""month"":11,""searchVolume"":10},{""year"":2025,""month"":10,""searchVolume"":10},{""year"":2025,""month"":9,""searchVolume"":10},{""year"":2025,""month"":8,""searchVolume"":10},{""year"":2025,""month"":7,""searchVolume"":10}]"
construction project manager jobs no experience,2124,en,10,,,commercial,"[{""year"":2026,""month"":6,""searchVolume"":0},{""year"":2026,""month"":5,""searchVolume"":0},{""year"":2026,""month"":4,""searchVolume"":0},{""year"":2026,""month"":3,""searchVolume"":10},{""year"":2026,""month"":2,""searchVolume"":0},{""year"":2026,""month"":1,""searchVolume"":0},{""year"":2025,""month"":12,""searchVolume"":10},{""year"":2025,""month"":11,""searchVolume"":0},{""year"":2025,""month"":10,""searchVolume"":10},{""year"":2025,""month"":9,""searchVolume"":10},{""year"":2025,""month"":8,""searchVolume"":0},{""year"":2025,""month"":7,""searchVolume"":0}]"
construction project manager jobs in ontario,2124,en,10,0,,navigational,"[{""year"":2026,""month"":7,""searchVolume"":10},{""year"":2026,""month"":6,""searchVolume"":0},{""year"":2026,""month"":5,""searchVolume"":10},{""year"":2026,""month"":4,""searchVolume"":10},{""year"":2026,""month"":3,""searchVolume"":10},{""year"":2026,""month"":2,""searchVolume"":10},{""year"":2026,""month"":1,""searchVolume"":10},{""year"":2025,""month"":12,""searchVolume"":10},{""year"":2025,""month"":11,""searchVolume"":10},{""year"":2025,""month"":10,""searchVolume"":10},{""year"":2025,""month"":9,""searchVolume"":10},{""year"":2025,""month"":8,""searchVolume"":10}]"
construction management courses toronto,2124,en,10,1,3.67,informational,"[{""year"":2026,""month"":6,""searchVolume"":10},{""year"":2026,""month"":5,""searchVolume"":10},{""year"":2026,""month"":4,""searchVolume"":10},{""year"":2026,""month"":3,""searchVolume"":10},{""year"":2026,""month"":2,""searchVolume"":20},{""year"":2026,""month"":1,""searchVolume"":10},{""year"":2025,""month"":12,""searchVolume"":10},{""year"":2025,""month"":11,""searchVolume"":10},{""year"":2025,""month"":10,""searchVolume"":10},{""year"":2025,""month"":9,""searchVolume"":10},{""year"":2025,""month"":8,""searchVolume"":10},{""year"":2025,""month"":7,""searchVolume"":20}]"
post graduate diploma in construction project management in canada,2124,en,10,,,commercial,"[{""year"":2026,""month"":7,""searchVolume"":0},{""year"":2026,""month"":6,""searchVolume"":0},{""year"":2026,""month"":5,""searchVolume"":0},{""year"":2026,""month"":4,""searchVolume"":0},{""year"":2026,""month"":3,""searchVolume"":0},{""year"":2026,""month"":2,""searchVolume"":0},{""year"":2026,""month"":1,""searchVolume"":10},{""year"":2025,""month"":12,""searchVolume"":0},{""year"":2025,""month"":11,""searchVolume"":10},{""year"":2025,""month"":10,""searchVolume"":0},{""year"":2025,""month"":9,""searchVolume"":0},{""year"":2025,""month"":8,""searchVolume"":10}]"
construction project management college,2124,en,,,,informational,"[{""year"":2026,""month"":5,""searchVolume"":0},{""year"":2026,""month"":4,""searchVolume"":0},{""year"":2026,""month"":3,""searchVolume"":0},{""year"":2026,""month"":2,""searchVolume"":0},{""year"":2026,""month"":1,""searchVolume"":0},{""year"":2025,""month"":12,""searchVolume"":0},{""year"":2025,""month"":11,""searchVolume"":0},{""year"":2025,""month"":10,""searchVolume"":0},{""year"":2025,""month"":9,""searchVolume"":0},{""year"":2025,""month"":8,""searchVolume"":0},{""year"":2025,""month"":7,""searchVolume"":0},{""year"":2025,""month"":6,""searchVolume"":0}]"
algonquin college construction,2124,en,,,,navigational,"[{""year"":2026,""month"":5,""searchVolume"":0},{""year"":2026,""month"":4,""searchVolume"":0},{""year"":2026,""month"":3,""searchVolume"":0},{""year"":2026,""month"":2,""searchVolume"":0},{""year"":2026,""month"":1,""searchVolume"":0},{""year"":2025,""month"":12,""searchVolume"":0},{""year"":2025,""month"":11,""searchVolume"":0},{""year"":2025,""month"":10,""searchVolume"":0},{""year"":2025,""month"":9,""searchVolume"":0},{""year"":2025,""month"":8,""searchVolume"":0},{""year"":2025,""month"":7,""searchVolume"":0},{""year"":2025,""month"":6,""searchVolume"":0}]"
algonquin college project management,2124,en,,,,navigational,"[{""year"":2026,""month"":5,""searchVolume"":0},{""year"":2026,""month"":4,""searchVolume"":0},{""year"":2026,""month"":3,""searchVolume"":0},{""year"":2026,""month"":2,""searchVolume"":0},{""year"":2026,""month"":1,""searchVolume"":0},{""year"":2025,""month"":12,""searchVolume"":0},{""year"":2025,""month"":11,""searchVolume"":0},{""year"":2025,""month"":10,""searchVolume"":0},{""year"":2025,""month"":9,""searchVolume"":0},{""year"":2025,""month"":8,""searchVolume"":0},{""year"":2025,""month"":7,""searchVolume"":0},{""year"":2025,""month"":6,""searchVolume"":0}]"
fanshawe college construction project management,2124,en,,,,navigational,"[{""year"":2026,""month"":5,""searchVolume"":0},{""year"":2026,""month"":4,""searchVolume"":0},{""year"":2026,""month"":3,""searchVolume"":0},{""year"":2026,""month"":2,""searchVolume"":0},{""year"":2026,""month"":1,""searchVolume"":0},{""year"":2025,""month"":12,""searchVolume"":0},{""year"":2025,""month"":11,""searchVolume"":0},{""year"":2025,""month"":10,""searchVolume"":0},{""year"":2025,""month"":9,""searchVolume"":0},{""year"":2025,""month"":8,""searchVolume"":0},{""year"":2025,""month"":7,""searchVolume"":0},{""year"":2025,""month"":6,""searchVolume"":0}]"
senior construction project manager salary vancouver,2124,en,,,,informational,"[{""year"":2026,""month"":5,""searchVolume"":0},{""year"":2026,""month"":4,""searchVolume"":0},{""year"":2026,""month"":3,""searchVolume"":0},{""year"":2026,""month"":2,""searchVolume"":0},{""year"":2026,""month"":1,""searchVolume"":0},{""year"":2025,""month"":12,""searchVolume"":0},{""year"":2025,""month"":11,""searchVolume"":0},{""year"":2025,""month"":10,""searchVolume"":0},{""year"":2025,""month"":9,""searchVolume"":0},{""year"":2025,""month"":8,""searchVolume"":0},{""year"":2025,""month"":7,""searchVolume"":0},{""year"":2025,""month"":6,""searchVolume"":0}]"
construction management,2124,en,1817,6,5.32,informational,"[{""year"":2026,""month"":6,""searchVolume"":1530},{""year"":2026,""month"":5,""searchVolume"":1523},{""year"":2026,""month"":4,""searchVolume"":1799},{""year"":2026,""month"":3,""searchVolume"":2287},{""year"":2026,""month"":2,""searchVolume"":1808},{""year"":2026,""month"":1,""searchVolume"":2341},{""year"":2025,""month"":12,""searchVolume"":1558},{""year"":2025,""month"":11,""searchVolume"":1850},{""year"":2025,""month"":10,""searchVolume"":1847},{""year"":2025,""month"":9,""searchVolume"":2825},{""year"":2025,""month"":8,""searchVolume"":1847},{""year"":2025,""month"":7,""searchVolume"":1548},{""year"":2025,""month"":6,""searchVolume"":1893},{""year"":2025,""month"":5,""searchVolume"":1893},{""year"":2025,""month"":4,""searchVolume"":2392},{""year"":2025,""month"":3,""searchVolume"":2390},{""year"":2025,""month"":2,""searchVolume"":2392},{""year"":2025,""month"":1,""searchVolume"":2341},{""year"":2024,""month"":12,""searchVolume"":1852},{""year"":2024,""month"":11,""searchVolume"":2335},{""year"":2024,""month"":10,""searchVolume"":2340},{""year"":2024,""month"":9,""searchVolume"":2340},{""year"":2024,""month"":8,""searchVolume"":2336},{""year"":2024,""month"":7,""searchVolume"":2400},{""year"":2024,""month"":6,""searchVolume"":2400},{""year"":2024,""month"":5,""searchVolume"":2400},{""year"":2024,""month"":4,""searchVolume"":2400},{""year"":2024,""month"":3,""searchVolume"":2400},{""year"":2024,""month"":2,""searchVolume"":2900},{""year"":2024,""month"":1,""searchVolume"":2900},{""year"":2023,""month"":12,""searchVolume"":2400},{""year"":2023,""month"":11,""searchVolume"":2900},{""year"":2023,""month"":10,""searchVolume"":2900},{""year"":2023,""month"":9,""searchVolume"":2400},{""year"":2023,""month"":8,""searchVolume"":2400},{""year"":2023,""month"":7,""searchVolume"":1900}]"
manitoba companies office,2124,en,1478,9,6.12,navigational,"[{""year"":2026,""month"":6,""searchVolume"":1478},{""year"":2026,""month"":5,""searchVolume"":1515},{""year"":2026,""month"":4,""searchVolume"":1515},{""year"":2026,""month"":3,""searchVolume"":1519},{""year"":2026,""month"":2,""searchVolume"":1554},{""year"":2026,""month"":1,""searchVolume"":1898},{""year"":2025,""month"":12,""searchVolume"":1599},{""year"":2025,""month"":11,""searchVolume"":1299},{""year"":2025,""month"":10,""searchVolume"":1599},{""year"":2025,""month"":9,""searchVolume"":1299},{""year"":2025,""month"":8,""searchVolume"":1299},{""year"":2025,""month"":7,""searchVolume"":1299},{""year"":2025,""month"":6,""searchVolume"":1299},{""year"":2025,""month"":5,""searchVolume"":1298},{""year"":2025,""month"":4,""searchVolume"":1598},{""year"":2025,""month"":3,""searchVolume"":1598},{""year"":2025,""month"":2,""searchVolume"":1598},{""year"":2025,""month"":1,""searchVolume"":1599},{""year"":2024,""month"":12,""searchVolume"":1300},{""year"":2024,""month"":11,""searchVolume"":1300},{""year"":2024,""month"":10,""searchVolume"":1300},{""year"":2024,""month"":9,""searchVolume"":1300},{""year"":2024,""month"":8,""searchVolume"":1300},{""year"":2024,""month"":7,""searchVolume"":1300},{""year"":2024,""month"":6,""searchVolume"":1300},{""year"":2024,""month"":5,""searchVolume"":1300},{""year"":2024,""month"":4,""searchVolume"":1300},{""year"":2024,""month"":3,""searchVolume"":1300},{""year"":2024,""month"":2,""searchVolume"":1300},{""year"":2024,""month"":1,""searchVolume"":1600},{""year"":2023,""month"":12,""searchVolume"":1000},{""year"":2023,""month"":11,""searchVolume"":1300},{""year"":2023,""month"":10,""searchVolume"":1000},{""year"":2023,""month"":9,""searchVolume"":1300},{""year"":2023,""month"":8,""searchVolume"":1000},{""year"":2023,""month"":7,""searchVolume"":880}]"
companies office manitoba,2124,en,1520,9,7.92,navigational,"[{""year"":2026,""month"":6,""searchVolume"":1920},{""year"":2026,""month"":5,""searchVolume"":1946},{""year"":2026,""month"":4,""searchVolume"":1906},{""year"":2026,""month"":3,""searchVolume"":1867},{""year"":2026,""month"":2,""searchVolume"":1482},{""year"":2026,""month"":1,""searchVolume"":2010},{""year"":2025,""month"":12,""searchVolume"":1453},{""year"":2025,""month"":11,""searchVolume"":1398},{""year"":2025,""month"":10,""searchVolume"":1370},{""year"":2025,""month"":9,""searchVolume"":1410},{""year"":2025,""month"":8,""searchVolume"":1382},{""year"":2025,""month"":7,""searchVolume"":1584},{""year"":2025,""month"":6,""searchVolume"":1314},{""year"":2025,""month"":5,""searchVolume"":1520},{""year"":2025,""month"":4,""searchVolume"":1940},{""year"":2025,""month"":3,""searchVolume"":1753},{""year"":2025,""month"":2,""searchVolume"":1542},{""year"":2025,""month"":1,""searchVolume"":2430},{""year"":2024,""month"":12,""searchVolume"":1628},{""year"":2024,""month"":11,""searchVolume"":1628},{""year"":2024,""month"":10,""searchVolume"":2117},{""year"":2024,""month"":9,""searchVolume"":1609},{""year"":2024,""month"":8,""searchVolume"":1384},{""year"":2024,""month"":7,""searchVolume"":1561},{""year"":2024,""month"":6,""searchVolume"":1535},{""year"":2024,""month"":5,""searchVolume"":1292},{""year"":2024,""month"":4,""searchVolume"":1056},{""year"":2024,""month"":3,""searchVolume"":1055},{""year"":2024,""month"":2,""searchVolume"":1055},{""year"":2024,""month"":1,""searchVolume"":1055},{""year"":2023,""month"":12,""searchVolume"":889},{""year"":2023,""month"":11,""searchVolume"":888},{""year"":2023,""month"":10,""searchVolume"":1000},{""year"":2023,""month"":9,""searchVolume"":941},{""year"":2023,""month"":8,""searchVolume"":941},{""year"":2023,""month"":7,""searchVolume"":764}]"
humber construction project management,2124,en,30,12,3.18,informational,"[{""year"":2026,""month"":6,""searchVolume"":20},{""year"":2026,""month"":5,""searchVolume"":20},{""year"":2026,""month"":4,""searchVolume"":20},{""year"":2026,""month"":3,""searchVolume"":30},{""year"":2026,""month"":2,""searchVolume"":30},{""year"":2026,""month"":1,""searchVolume"":30},{""year"":2025,""month"":12,""searchVolume"":20},{""year"":2025,""month"":11,""searchVolume"":27},{""year"":2025,""month"":10,""searchVolume"":27},{""year"":2025,""month"":9,""searchVolume"":27},{""year"":2025,""month"":8,""searchVolume"":18},{""year"":2025,""month"":7,""searchVolume"":18},{""year"":2025,""month"":6,""searchVolume"":26},{""year"":2025,""month"":5,""searchVolume"":17},{""year"":2025,""month"":4,""searchVolume"":34},{""year"":2025,""month"":3,""searchVolume"":26},{""year"":2025,""month"":2,""searchVolume"":17},{""year"":2025,""month"":1,""searchVolume"":20},{""year"":2024,""month"":12,""searchVolume"":18},{""year"":2024,""month"":11,""searchVolume"":36},{""year"":2024,""month"":10,""searchVolume"":36},{""year"":2024,""month"":9,""searchVolume"":27},{""year"":2024,""month"":8,""searchVolume"":44},{""year"":2024,""month"":7,""searchVolume"":17},{""year"":2024,""month"":6,""searchVolume"":25},{""year"":2024,""month"":5,""searchVolume"":43},{""year"":2024,""month"":4,""searchVolume"":33},{""year"":2024,""month"":3,""searchVolume"":33},{""year"":2024,""month"":2,""searchVolume"":33},{""year"":2024,""month"":1,""searchVolume"":33},{""year"":2023,""month"":12,""searchVolume"":33},{""year"":2023,""month"":11,""searchVolume"":46},{""year"":2023,""month"":10,""searchVolume"":28},{""year"":2023,""month"":9,""searchVolume"":40},{""year"":2023,""month"":8,""searchVolume"":20},{""year"":2023,""month"":7,""searchVolume"":20}]"
construction project management sait,2124,en,109,0,,navigational,"[{""year"":2026,""month"":6,""searchVolume"":139},{""year"":2026,""month"":5,""searchVolume"":89},{""year"":2026,""month"":4,""searchVolume"":55},{""year"":2026,""month"":3,""searchVolume"":70},{""year"":2026,""month"":2,""searchVolume"":55},{""year"":2026,""month"":1,""searchVolume"":70},{""year"":2025,""month"":12,""searchVolume"":55},{""year"":2025,""month"":11,""searchVolume"":55},{""year"":2025,""month"":10,""searchVolume"":70},{""year"":2025,""month"":9,""searchVolume"":55},{""year"":2025,""month"":8,""searchVolume"":45},{""year"":2025,""month"":7,""searchVolume"":35},{""year"":2025,""month"":6,""searchVolume"":45},{""year"":2025,""month"":5,""searchVolume"":35},{""year"":2025,""month"":4,""searchVolume"":45},{""year"":2025,""month"":3,""searchVolume"":35},{""year"":2025,""month"":2,""searchVolume"":35},{""year"":2025,""month"":1,""searchVolume"":70}]"
construction management companies,2124,en,46,40,7.23,commercial,"[{""year"":2026,""month"":6,""searchVolume"":20},{""year"":2026,""month"":5,""searchVolume"":404},{""year"":2026,""month"":4,""searchVolume"":606},{""year"":2026,""month"":3,""searchVolume"":274},{""year"":2026,""month"":2,""searchVolume"":181},{""year"":2026,""month"":1,""searchVolume"":181},{""year"":2025,""month"":12,""searchVolume"":70},{""year"":2025,""month"":11,""searchVolume"":166},{""year"":2025,""month"":10,""searchVolume"":108},{""year"":2025,""month"":9,""searchVolume"":191},{""year"":2025,""month"":8,""searchVolume"":68},{""year"":2025,""month"":7,""searchVolume"":103},{""year"":2025,""month"":6,""searchVolume"":102},{""year"":2025,""month"":5,""searchVolume"":83},{""year"":2025,""month"":4,""searchVolume"":125},{""year"":2025,""month"":3,""searchVolume"":181},{""year"":2025,""month"":2,""searchVolume"":150},{""year"":2025,""month"":1,""searchVolume"":122},{""year"":2024,""month"":12,""searchVolume"":140},{""year"":2024,""month"":11,""searchVolume"":213},{""year"":2024,""month"":10,""searchVolume"":105},{""year"":2024,""month"":9,""searchVolume"":105},{""year"":2024,""month"":8,""searchVolume"":85},{""year"":2024,""month"":7,""searchVolume"":160},{""year"":2024,""month"":6,""searchVolume"":70},{""year"":2024,""month"":5,""searchVolume"":86},{""year"":2024,""month"":4,""searchVolume"":0},{""year"":2024,""month"":3,""searchVolume"":0},{""year"":2024,""month"":2,""searchVolume"":0},{""year"":2024,""month"":1,""searchVolume"":0},{""year"":2023,""month"":12,""searchVolume"":0},{""year"":2023,""month"":11,""searchVolume"":0},{""year"":2023,""month"":10,""searchVolume"":0},{""year"":2023,""month"":9,""searchVolume"":0},{""year"":2023,""month"":8,""searchVolume"":0},{""year"":2023,""month"":7,""searchVolume"":0}]"
construction project management companies toronto,2124,en,38,12,8.85,commercial,"[{""year"":2026,""month"":6,""searchVolume"":29},{""year"":2026,""month"":5,""searchVolume"":29},{""year"":2026,""month"":4,""searchVolume"":29},{""year"":2026,""month"":3,""searchVolume"":48},{""year"":2026,""month"":2,""searchVolume"":38},{""year"":2026,""month"":1,""searchVolume"":28},{""year"":2025,""month"":12,""searchVolume"":19},{""year"":2025,""month"":11,""searchVolume"":28},{""year"":2025,""month"":10,""searchVolume"":38},{""year"":2025,""month"":9,""searchVolume"":104},{""year"":2025,""month"":8,""searchVolume"":85},{""year"":2025,""month"":7,""searchVolume"":7},{""year"":2025,""month"":6,""searchVolume"":23},{""year"":2025,""month"":5,""searchVolume"":17},{""year"":2025,""month"":4,""searchVolume"":30},{""year"":2025,""month"":3,""searchVolume"":23},{""year"":2025,""month"":2,""searchVolume"":2},{""year"":2025,""month"":1,""searchVolume"":86},{""year"":2024,""month"":12,""searchVolume"":70},{""year"":2024,""month"":11,""searchVolume"":70},{""year"":2024,""month"":10,""searchVolume"":90},{""year"":2024,""month"":9,""searchVolume"":260},{""year"":2024,""month"":8,""searchVolume"":25},{""year"":2024,""month"":7,""searchVolume"":70},{""year"":2024,""month"":6,""searchVolume"":35},{""year"":2024,""month"":5,""searchVolume"":85},{""year"":2024,""month"":4,""searchVolume"":55},{""year"":2024,""month"":3,""searchVolume"":70},{""year"":2024,""month"":2,""searchVolume"":45},{""year"":2024,""month"":1,""searchVolume"":35},{""year"":2023,""month"":12,""searchVolume"":35},{""year"":2023,""month"":11,""searchVolume"":45},{""year"":2023,""month"":10,""searchVolume"":55},{""year"":2023,""month"":9,""searchVolume"":35},{""year"":2023,""month"":8,""searchVolume"":35},{""year"":2023,""month"":7,""searchVolume"":55}]"
construction project management books,2124,en,16,45,1.26,informational,"[{""year"":2026,""month"":6,""searchVolume"":16},{""year"":2026,""month"":5,""searchVolume"":16},{""year"":2026,""month"":4,""searchVolume"":8},{""year"":2026,""month"":3,""searchVolume"":24},{""year"":2026,""month"":2,""searchVolume"":16},{""year"":2026,""month"":1,""searchVolume"":2},{""year"":2025,""month"":12,""searchVolume"":2},{""year"":2025,""month"":11,""searchVolume"":2},{""year"":2025,""month"":10,""searchVolume"":1},{""year"":2025,""month"":9,""searchVolume"":3},{""year"":2025,""month"":8,""searchVolume"":2},{""year"":2025,""month"":7,""searchVolume"":1},{""year"":2025,""month"":6,""searchVolume"":3},{""year"":2025,""month"":5,""searchVolume"":3},{""year"":2025,""month"":4,""searchVolume"":2},{""year"":2025,""month"":3,""searchVolume"":2},{""year"":2025,""month"":2,""searchVolume"":1},{""year"":2025,""month"":1,""searchVolume"":6}]"
project management companies,2124,en,28,0,12.59,commercial,"[{""year"":2026,""month"":6,""searchVolume"":18},{""year"":2026,""month"":5,""searchVolume"":22},{""year"":2026,""month"":4,""searchVolume"":14},{""year"":2026,""month"":3,""searchVolume"":22},{""year"":2026,""month"":2,""searchVolume"":14},{""year"":2026,""month"":1,""searchVolume"":28},{""year"":2025,""month"":12,""searchVolume"":18},{""year"":2025,""month"":11,""searchVolume"":2},{""year"":2025,""month"":10,""searchVolume"":53},{""year"":2025,""month"":9,""searchVolume"":153},{""year"":2025,""month"":8,""searchVolume"":43},{""year"":2025,""month"":7,""searchVolume"":100},{""year"":2025,""month"":6,""searchVolume"":53},{""year"":2025,""month"":5,""searchVolume"":81},{""year"":2025,""month"":4,""searchVolume"":85},{""year"":2025,""month"":3,""searchVolume"":85},{""year"":2025,""month"":2,""searchVolume"":69},{""year"":2025,""month"":1,""searchVolume"":42},{""year"":2024,""month"":12,""searchVolume"":0},{""year"":2024,""month"":11,""searchVolume"":85},{""year"":2024,""month"":10,""searchVolume"":105},{""year"":2024,""month"":9,""searchVolume"":105},{""year"":2024,""month"":8,""searchVolume"":85},{""year"":2024,""month"":7,""searchVolume"":105},{""year"":2024,""month"":6,""searchVolume"":106},{""year"":2024,""month"":5,""searchVolume"":70},{""year"":2024,""month"":4,""searchVolume"":130},{""year"":2024,""month"":3,""searchVolume"":85},{""year"":2024,""month"":2,""searchVolume"":105},{""year"":2024,""month"":1,""searchVolume"":195},{""year"":2023,""month"":12,""searchVolume"":130},{""year"":2023,""month"":11,""searchVolume"":85},{""year"":2023,""month"":10,""searchVolume"":130},{""year"":2023,""month"":9,""searchVolume"":56},{""year"":2023,""month"":8,""searchVolume"":46},{""year"":2023,""month"":7,""searchVolume"":56}]"
aecon construction,2124,en,757,17,,navigational,"[{""year"":2026,""month"":6,""searchVolume"":757},{""year"":2026,""month"":5,""searchVolume"":878},{""year"":2026,""month"":4,""searchVolume"":837},{""year"":2026,""month"":3,""searchVolume"":860},{""year"":2026,""month"":2,""searchVolume"":757},{""year"":2026,""month"":1,""searchVolume"":716},{""year"":2025,""month"":12,""searchVolume"":587},{""year"":2025,""month"":11,""searchVolume"":716},{""year"":2025,""month"":10,""searchVolume"":716},{""year"":2025,""month"":9,""searchVolume"":876},{""year"":2025,""month"":8,""searchVolume"":876},{""year"":2025,""month"":7,""searchVolume"":877},{""year"":2025,""month"":6,""searchVolume"":877},{""year"":2025,""month"":5,""searchVolume"":877},{""year"":2025,""month"":4,""searchVolume"":877},{""year"":2025,""month"":3,""searchVolume"":997},{""year"":2025,""month"":2,""searchVolume"":718},{""year"":2025,""month"":1,""searchVolume"":876},{""year"":2024,""month"":12,""searchVolume"":720},{""year"":2024,""month"":11,""searchVolume"":880}]"
project management construction companies,2124,en,6,2,11.81,commercial,"[{""year"":2026,""month"":6,""searchVolume"":4},{""year"":2026,""month"":5,""searchVolume"":4},{""year"":2026,""month"":4,""searchVolume"":6},{""year"":2026,""month"":3,""searchVolume"":10},{""year"":2026,""month"":2,""searchVolume"":8},{""year"":2026,""month"":1,""searchVolume"":6},{""year"":2025,""month"":12,""searchVolume"":3},{""year"":2025,""month"":11,""searchVolume"":2},{""year"":2025,""month"":10,""searchVolume"":3},{""year"":2025,""month"":9,""searchVolume"":12},{""year"":2025,""month"":8,""searchVolume"":2},{""year"":2025,""month"":7,""searchVolume"":3},{""year"":2025,""month"":6,""searchVolume"":4},{""year"":2025,""month"":5,""searchVolume"":10},{""year"":2025,""month"":4,""searchVolume"":12},{""year"":2025,""month"":3,""searchVolume"":16},{""year"":2025,""month"":2,""searchVolume"":12},{""year"":2025,""month"":1,""searchVolume"":6}]"
centennial project management,2124,en,24,0,,informational,"[{""year"":2026,""month"":6,""searchVolume"":8},{""year"":2026,""month"":5,""searchVolume"":17},{""year"":2026,""month"":4,""searchVolume"":26},{""year"":2026,""month"":3,""searchVolume"":26},{""year"":2026,""month"":2,""searchVolume"":18},{""year"":2026,""month"":1,""searchVolume"":27},{""year"":2025,""month"":12,""searchVolume"":18},{""year"":2025,""month"":11,""searchVolume"":27},{""year"":2025,""month"":10,""searchVolume"":18},{""year"":2025,""month"":9,""searchVolume"":36},{""year"":2025,""month"":8,""searchVolume"":61},{""year"":2025,""month"":7,""searchVolume"":50},{""year"":2025,""month"":6,""searchVolume"":40},{""year"":2025,""month"":5,""searchVolume"":40},{""year"":2025,""month"":4,""searchVolume"":32},{""year"":2025,""month"":3,""searchVolume"":24},{""year"":2025,""month"":2,""searchVolume"":18},{""year"":2025,""month"":1,""searchVolume"":62},{""year"":2024,""month"":12,""searchVolume"":45},{""year"":2024,""month"":11,""searchVolume"":62},{""year"":2024,""month"":10,""searchVolume"":62},{""year"":2024,""month"":9,""searchVolume"":122},{""year"":2024,""month"":8,""searchVolume"":78},{""year"":2024,""month"":7,""searchVolume"":110},{""year"":2024,""month"":6,""searchVolume"":71},{""year"":2024,""month"":5,""searchVolume"":87},{""year"":2024,""month"":4,""searchVolume"":35},{""year"":2024,""month"":3,""searchVolume"":27},{""year"":2024,""month"":2,""searchVolume"":34},{""year"":2024,""month"":1,""searchVolume"":52},{""year"":2023,""month"":12,""searchVolume"":42},{""year"":2023,""month"":11,""searchVolume"":34},{""year"":2023,""month"":10,""searchVolume"":42},{""year"":2023,""month"":9,""searchVolume"":42},{""year"":2023,""month"":8,""searchVolume"":42},{""year"":2023,""month"":7,""searchVolume"":35}]"
construction project management companies,2124,en,6,2,11.81,commercial,"[{""year"":2026,""month"":6,""searchVolume"":4},{""year"":2026,""month"":5,""searchVolume"":4},{""year"":2026,""month"":4,""searchVolume"":6},{""year"":2026,""month"":3,""searchVolume"":10},{""year"":2026,""month"":2,""searchVolume"":8},{""year"":2026,""month"":1,""searchVolume"":6},{""year"":2025,""month"":12,""searchVolume"":3},{""year"":2025,""month"":11,""searchVolume"":2},{""year"":2025,""month"":10,""searchVolume"":3},{""year"":2025,""month"":9,""searchVolume"":12},{""year"":2025,""month"":8,""searchVolume"":2},{""year"":2025,""month"":7,""searchVolume"":3},{""year"":2025,""month"":6,""searchVolume"":4},{""year"":2025,""month"":5,""searchVolume"":10},{""year"":2025,""month"":4,""searchVolume"":12},{""year"":2025,""month"":3,""searchVolume"":16},{""year"":2025,""month"":2,""searchVolume"":12},{""year"":2025,""month"":1,""searchVolume"":6}]"
construction project management vs project management,2124,en,10,0,,commercial,"[{""year"":2026,""month"":6,""searchVolume"":0},{""year"":2026,""month"":5,""searchVolume"":10},{""year"":2026,""month"":4,""searchVolume"":0},{""year"":2026,""month"":3,""searchVolume"":0},{""year"":2026,""month"":2,""searchVolume"":0},{""year"":2026,""month"":1,""searchVolume"":0},{""year"":2025,""month"":12,""searchVolume"":0},{""year"":2025,""month"":11,""searchVolume"":0},{""year"":2025,""month"":10,""searchVolume"":0},{""year"":2025,""month"":9,""searchVolume"":0},{""year"":2025,""month"":8,""searchVolume"":0},{""year"":2025,""month"":7,""searchVolume"":0}]"
elevate construction management,2124,en,138,0,,navigational,"[{""year"":2026,""month"":6,""searchVolume"":256},{""year"":2026,""month"":5,""searchVolume"":207},{""year"":2026,""month"":4,""searchVolume"":167},{""year"":2026,""month"":3,""searchVolume"":167},{""year"":2026,""month"":2,""searchVolume"":138},{""year"":2026,""month"":1,""searchVolume"":108},{""year"":2025,""month"":12,""searchVolume"":69},{""year"":2025,""month"":11,""searchVolume"":69},{""year"":2025,""month"":10,""searchVolume"":69},{""year"":2025,""month"":9,""searchVolume"":108},{""year"":2025,""month"":8,""searchVolume"":45},{""year"":2025,""month"":7,""searchVolume"":55},{""year"":2025,""month"":6,""searchVolume"":35},{""year"":2025,""month"":5,""searchVolume"":35},{""year"":2025,""month"":4,""searchVolume"":45},{""year"":2025,""month"":3,""searchVolume"":70}]"
project management for construction,2124,en,20,12,1.06,informational,"[{""year"":2026,""month"":7,""searchVolume"":20},{""year"":2026,""month"":6,""searchVolume"":30},{""year"":2026,""month"":5,""searchVolume"":20},{""year"":2026,""month"":4,""searchVolume"":10},{""year"":2026,""month"":3,""searchVolume"":10},{""year"":2026,""month"":2,""searchVolume"":20},{""year"":2026,""month"":1,""searchVolume"":20},{""year"":2025,""month"":12,""searchVolume"":10},{""year"":2025,""month"":11,""searchVolume"":20},{""year"":2025,""month"":10,""searchVolume"":10},{""year"":2025,""month"":9,""searchVolume"":30},{""year"":2025,""month"":8,""searchVolume"":20}]"
construction project management services,2124,en,22,0,,commercial,"[{""year"":2026,""month"":6,""searchVolume"":8},{""year"":2026,""month"":5,""searchVolume"":10},{""year"":2026,""month"":4,""searchVolume"":18},{""year"":2026,""month"":3,""searchVolume"":10},{""year"":2026,""month"":2,""searchVolume"":12},{""year"":2026,""month"":1,""searchVolume"":8},{""year"":2025,""month"":12,""searchVolume"":8},{""year"":2025,""month"":11,""searchVolume"":5},{""year"":2025,""month"":10,""searchVolume"":10},{""year"":2025,""month"":9,""searchVolume"":148},{""year"":2025,""month"":8,""searchVolume"":2},{""year"":2025,""month"":7,""searchVolume"":2},{""year"":2025,""month"":6,""searchVolume"":2},{""year"":2025,""month"":5,""searchVolume"":8},{""year"":2025,""month"":4,""searchVolume"":8},{""year"":2025,""month"":3,""searchVolume"":5},{""year"":2025,""month"":2,""searchVolume"":2},{""year"":2025,""month"":1,""searchVolume"":3}]"
construction project management centennial,2124,en,10,10,,informational,"[{""year"":2026,""month"":7,""searchVolume"":10},{""year"":2026,""month"":6,""searchVolume"":10},{""year"":2026,""month"":5,""searchVolume"":10},{""year"":2026,""month"":4,""searchVolume"":10},{""year"":2026,""month"":3,""searchVolume"":10},{""year"":2026,""month"":2,""searchVolume"":10},{""year"":2026,""month"":1,""searchVolume"":20},{""year"":2025,""month"":12,""searchVolume"":10},{""year"":2025,""month"":11,""searchVolume"":20},{""year"":2025,""month"":10,""searchVolume"":10},{""year"":2025,""month"":9,""searchVolume"":20},{""year"":2025,""month"":8,""searchVolume"":20}]"
construction project management reddit,2124,en,10,,,navigational,"[{""year"":2026,""month"":7,""searchVolume"":10},{""year"":2026,""month"":6,""searchVolume"":10},{""year"":2026,""month"":5,""searchVolume"":10},{""year"":2026,""month"":4,""searchVolume"":10},{""year"":2026,""month"":3,""searchVolume"":10},{""year"":2026,""month"":2,""searchVolume"":10},{""year"":2026,""month"":1,""searchVolume"":10},{""year"":2025,""month"":12,""searchVolume"":10},{""year"":2025,""month"":11,""searchVolume"":10},{""year"":2025,""month"":10,""searchVolume"":10},{""year"":2025,""month"":9,""searchVolume"":10},{""year"":2025,""month"":8,""searchVolume"":10}]"
construction project management pmi,2124,en,10,,1.97,informational,"[{""year"":2026,""month"":7,""searchVolume"":10},{""year"":2026,""month"":6,""searchVolume"":10},{""year"":2026,""month"":5,""searchVolume"":10},{""year"":2026,""month"":4,""searchVolume"":10},{""year"":2026,""month"":3,""searchVolume"":10},{""year"":2026,""month"":2,""searchVolume"":10},{""year"":2026,""month"":1,""searchVolume"":10},{""year"":2025,""month"":12,""searchVolume"":10},{""year"":2025,""month"":11,""searchVolume"":10},{""year"":2025,""month"":10,""searchVolume"":20},{""year"":2025,""month"":9,""searchVolume"":10},{""year"":2025,""month"":8,""searchVolume"":10}]"
construction management sait,2124,en,167,0,1.91,navigational,"[{""year"":2026,""month"":6,""searchVolume"":108},{""year"":2026,""month"":5,""searchVolume"":138},{""year"":2026,""month"":4,""searchVolume"":138},{""year"":2026,""month"":3,""searchVolume"":167},{""year"":2026,""month"":2,""searchVolume"":136},{""year"":2026,""month"":1,""searchVolume"":6},{""year"":2025,""month"":12,""searchVolume"":4},{""year"":2025,""month"":11,""searchVolume"":5},{""year"":2025,""month"":10,""searchVolume"":6},{""year"":2025,""month"":9,""searchVolume"":4},{""year"":2025,""month"":8,""searchVolume"":4},{""year"":2025,""month"":7,""searchVolume"":4},{""year"":2025,""month"":6,""searchVolume"":5},{""year"":2025,""month"":5,""searchVolume"":7},{""year"":2025,""month"":4,""searchVolume"":5},{""year"":2025,""month"":3,""searchVolume"":6},{""year"":2025,""month"":2,""searchVolume"":165},{""year"":2025,""month"":1,""searchVolume"":170},{""year"":2024,""month"":12,""searchVolume"":0},{""year"":2024,""month"":11,""searchVolume"":0},{""year"":2024,""month"":10,""searchVolume"":0},{""year"":2024,""month"":9,""searchVolume"":0},{""year"":2024,""month"":8,""searchVolume"":0},{""year"":2024,""month"":7,""searchVolume"":0},{""year"":2024,""month"":6,""searchVolume"":0},{""year"":2024,""month"":5,""searchVolume"":0},{""year"":2024,""month"":4,""searchVolume"":105},{""year"":2024,""month"":3,""searchVolume"":105},{""year"":2024,""month"":2,""searchVolume"":130},{""year"":2024,""month"":1,""searchVolume"":105},{""year"":2023,""month"":12,""searchVolume"":85},{""year"":2023,""month"":11,""searchVolume"":85},{""year"":2023,""month"":10,""searchVolume"":70},{""year"":2023,""month"":9,""searchVolume"":85},{""year"":2023,""month"":8,""searchVolume"":85},{""year"":2023,""month"":7,""searchVolume"":68}]"
sage construction management,2124,en,204,2,64.74,navigational,"[{""year"":2026,""month"":6,""searchVolume"":204},{""year"":2026,""month"":5,""searchVolume"":165},{""year"":2026,""month"":4,""searchVolume"":204},{""year"":2026,""month"":3,""searchVolume"":207},{""year"":2026,""month"":2,""searchVolume"":207},{""year"":2026,""month"":1,""searchVolume"":207},{""year"":2025,""month"":12,""searchVolume"":139},{""year"":2025,""month"":11,""searchVolume"":168},{""year"":2025,""month"":10,""searchVolume"":208},{""year"":2025,""month"":9,""searchVolume"":139},{""year"":2025,""month"":8,""searchVolume"":169},{""year"":2025,""month"":7,""searchVolume"":259},{""year"":2025,""month"":6,""searchVolume"":209},{""year"":2025,""month"":5,""searchVolume"":259},{""year"":2025,""month"":4,""searchVolume"":209},{""year"":2025,""month"":3,""searchVolume"":209},{""year"":2025,""month"":2,""searchVolume"":169},{""year"":2025,""month"":1,""searchVolume"":207},{""year"":2024,""month"":12,""searchVolume"":140},{""year"":2024,""month"":11,""searchVolume"":210},{""year"":2024,""month"":10,""searchVolume"":210},{""year"":2024,""month"":9,""searchVolume"":260},{""year"":2024,""month"":8,""searchVolume"":260},{""year"":2024,""month"":7,""searchVolume"":260},{""year"":2024,""month"":6,""searchVolume"":210},{""year"":2024,""month"":5,""searchVolume"":320},{""year"":2024,""month"":4,""searchVolume"":110},{""year"":2024,""month"":3,""searchVolume"":140},{""year"":2024,""month"":2,""searchVolume"":110},{""year"":2024,""month"":1,""searchVolume"":110},{""year"":2023,""month"":12,""searchVolume"":40},{""year"":2023,""month"":11,""searchVolume"":20},{""year"":2023,""month"":10,""searchVolume"":40},{""year"":2023,""month"":9,""searchVolume"":10},{""year"":2023,""month"":8,""searchVolume"":10},{""year"":2023,""month"":7,""searchVolume"":0}]"
construction and project management companies,2124,en,6,31,,commercial,"[{""year"":2026,""month"":6,""searchVolume"":4},{""year"":2026,""month"":5,""searchVolume"":4},{""year"":2026,""month"":4,""searchVolume"":6},{""year"":2026,""month"":3,""searchVolume"":10},{""year"":2026,""month"":2,""searchVolume"":8},{""year"":2026,""month"":1,""searchVolume"":6},{""year"":2025,""month"":12,""searchVolume"":3},{""year"":2025,""month"":11,""searchVolume"":2},{""year"":2025,""month"":10,""searchVolume"":3},{""year"":2025,""month"":9,""searchVolume"":12},{""year"":2025,""month"":8,""searchVolume"":2},{""year"":2025,""month"":7,""searchVolume"":3},{""year"":2025,""month"":6,""searchVolume"":4},{""year"":2025,""month"":5,""searchVolume"":10},{""year"":2025,""month"":4,""searchVolume"":12},{""year"":2025,""month"":3,""searchVolume"":16},{""year"":2025,""month"":2,""searchVolume"":12},{""year"":2025,""month"":1,""searchVolume"":6}]"
construction management firm,2124,en,46,2,7.23,commercial,"[{""year"":2026,""month"":6,""searchVolume"":20},{""year"":2026,""month"":5,""searchVolume"":13},{""year"":2026,""month"":4,""searchVolume"":19},{""year"":2026,""month"":3,""searchVolume"":9},{""year"":2026,""month"":2,""searchVolume"":6},{""year"":2026,""month"":1,""searchVolume"":6},{""year"":2025,""month"":12,""searchVolume"":1},{""year"":2025,""month"":11,""searchVolume"":3},{""year"":2025,""month"":10,""searchVolume"":2},{""year"":2025,""month"":9,""searchVolume"":3},{""year"":2025,""month"":8,""searchVolume"":1},{""year"":2025,""month"":7,""searchVolume"":2},{""year"":2025,""month"":6,""searchVolume"":2},{""year"":2025,""month"":5,""searchVolume"":3},{""year"":2025,""month"":4,""searchVolume"":4},{""year"":2025,""month"":3,""searchVolume"":6},{""year"":2025,""month"":2,""searchVolume"":4},{""year"":2025,""month"":1,""searchVolume"":3},{""year"":2024,""month"":12,""searchVolume"":0},{""year"":2024,""month"":11,""searchVolume"":0},{""year"":2024,""month"":10,""searchVolume"":0},{""year"":2024,""month"":9,""searchVolume"":0},{""year"":2024,""month"":8,""searchVolume"":0},{""year"":2024,""month"":7,""searchVolume"":0},{""year"":2024,""month"":6,""searchVolume"":0},{""year"":2024,""month"":5,""searchVolume"":0},{""year"":2024,""month"":4,""searchVolume"":0},{""year"":2024,""month"":3,""searchVolume"":0},{""year"":2024,""month"":2,""searchVolume"":0},{""year"":2024,""month"":1,""searchVolume"":0},{""year"":2023,""month"":12,""searchVolume"":0},{""year"":2023,""month"":11,""searchVolume"":0},{""year"":2023,""month"":10,""searchVolume"":0},{""year"":2023,""month"":9,""searchVolume"":0},{""year"":2023,""month"":8,""searchVolume"":0},{""year"":2023,""month"":7,""searchVolume"":0}]"
project management firms,2124,en,38,0,7.89,commercial,"[{""year"":2026,""month"":6,""searchVolume"":48},{""year"":2026,""month"":5,""searchVolume"":38},{""year"":2026,""month"":4,""searchVolume"":38},{""year"":2026,""month"":3,""searchVolume"":67},{""year"":2026,""month"":2,""searchVolume"":29},{""year"":2026,""month"":1,""searchVolume"":48},{""year"":2025,""month"":12,""searchVolume"":38},{""year"":2025,""month"":11,""searchVolume"":8},{""year"":2025,""month"":10,""searchVolume"":10},{""year"":2025,""month"":9,""searchVolume"":37},{""year"":2025,""month"":8,""searchVolume"":46},{""year"":2025,""month"":7,""searchVolume"":37},{""year"":2025,""month"":6,""searchVolume"":64},{""year"":2025,""month"":5,""searchVolume"":64},{""year"":2025,""month"":4,""searchVolume"":46},{""year"":2025,""month"":3,""searchVolume"":64},{""year"":2025,""month"":2,""searchVolume"":46},{""year"":2025,""month"":1,""searchVolume"":135},{""year"":2024,""month"":12,""searchVolume"":50},{""year"":2024,""month"":11,""searchVolume"":70},{""year"":2024,""month"":10,""searchVolume"":70},{""year"":2024,""month"":9,""searchVolume"":90},{""year"":2024,""month"":8,""searchVolume"":40},{""year"":2024,""month"":7,""searchVolume"":70},{""year"":2024,""month"":6,""searchVolume"":140},{""year"":2024,""month"":5,""searchVolume"":70},{""year"":2024,""month"":4,""searchVolume"":90},{""year"":2024,""month"":3,""searchVolume"":70},{""year"":2024,""month"":2,""searchVolume"":90},{""year"":2024,""month"":1,""searchVolume"":70},{""year"":2023,""month"":12,""searchVolume"":40},{""year"":2023,""month"":11,""searchVolume"":70}]"
top construction companies,2124,en,82,0,11.32,commercial,"[{""year"":2026,""month"":6,""searchVolume"":52},{""year"":2026,""month"":5,""searchVolume"":52},{""year"":2026,""month"":4,""searchVolume"":67},{""year"":2026,""month"":3,""searchVolume"":67},{""year"":2026,""month"":2,""searchVolume"":67},{""year"":2026,""month"":1,""searchVolume"":104},{""year"":2025,""month"":12,""searchVolume"":37},{""year"":2025,""month"":11,""searchVolume"":94},{""year"":2025,""month"":10,""searchVolume"":180},{""year"":2025,""month"":9,""searchVolume"":189},{""year"":2025,""month"":8,""searchVolume"":81},{""year"":2025,""month"":7,""searchVolume"":60},{""year"":2025,""month"":6,""searchVolume"":77},{""year"":2025,""month"":5,""searchVolume"":119},{""year"":2025,""month"":4,""searchVolume"":145},{""year"":2025,""month"":3,""searchVolume"":180},{""year"":2025,""month"":2,""searchVolume"":149},{""year"":2025,""month"":1,""searchVolume"":109},{""year"":2024,""month"":12,""searchVolume"":110},{""year"":2024,""month"":11,""searchVolume"":140},{""year"":2024,""month"":10,""searchVolume"":170},{""year"":2024,""month"":9,""searchVolume"":170},{""year"":2024,""month"":8,""searchVolume"":170},{""year"":2024,""month"":7,""searchVolume"":90},{""year"":2024,""month"":6,""searchVolume"":140},{""year"":2024,""month"":5,""searchVolume"":90},{""year"":2024,""month"":4,""searchVolume"":110},{""year"":2024,""month"":3,""searchVolume"":90},{""year"":2024,""month"":2,""searchVolume"":110},{""year"":2024,""month"":1,""searchVolume"":110},{""year"":2023,""month"":12,""searchVolume"":140},{""year"":2023,""month"":11,""searchVolume"":110},{""year"":2023,""month"":10,""searchVolume"":110},{""year"":2023,""month"":9,""searchVolume"":90},{""year"":2023,""month"":8,""searchVolume"":140},{""year"":2023,""month"":7,""searchVolume"":90}]"
lean construction institute,2124,en,70,61,12.03,navigational,"[{""year"":2026,""month"":6,""searchVolume"":109},{""year"":2026,""month"":5,""searchVolume"":70},{""year"":2026,""month"":4,""searchVolume"":70},{""year"":2026,""month"":3,""searchVolume"":89},{""year"":2026,""month"":2,""searchVolume"":50},{""year"":2026,""month"":1,""searchVolume"":60},{""year"":2025,""month"":12,""searchVolume"":44},{""year"":2025,""month"":11,""searchVolume"":56},{""year"":2025,""month"":10,""searchVolume"":56},{""year"":2025,""month"":9,""searchVolume"":56},{""year"":2025,""month"":8,""searchVolume"":40},{""year"":2025,""month"":7,""searchVolume"":88},{""year"":2025,""month"":6,""searchVolume"":56},{""year"":2025,""month"":5,""searchVolume"":56},{""year"":2025,""month"":4,""searchVolume"":72},{""year"":2025,""month"":3,""searchVolume"":72},{""year"":2025,""month"":2,""searchVolume"":88},{""year"":2025,""month"":1,""searchVolume"":72},{""year"":2024,""month"":12,""searchVolume"":56},{""year"":2024,""month"":11,""searchVolume"":72},{""year"":2024,""month"":10,""searchVolume"":88},{""year"":2024,""month"":9,""searchVolume"":72},{""year"":2024,""month"":8,""searchVolume"":56},{""year"":2024,""month"":7,""searchVolume"":56},{""year"":2024,""month"":6,""searchVolume"":88},{""year"":2024,""month"":5,""searchVolume"":88}]"
project management companies in vancouver,2124,en,10,45,,commercial,"[{""year"":2026,""month"":7,""searchVolume"":10},{""year"":2026,""month"":6,""searchVolume"":10},{""year"":2026,""month"":5,""searchVolume"":0},{""year"":2026,""month"":4,""searchVolume"":10},{""year"":2026,""month"":3,""searchVolume"":0},{""year"":2026,""month"":2,""searchVolume"":10},{""year"":2026,""month"":1,""searchVolume"":10},{""year"":2025,""month"":12,""searchVolume"":10},{""year"":2025,""month"":11,""searchVolume"":10},{""year"":2025,""month"":10,""searchVolume"":10},{""year"":2025,""month"":9,""searchVolume"":0},{""year"":2025,""month"":8,""searchVolume"":10}]"
difference between project management and construction management,2124,en,20,,,informational,"[{""year"":2026,""month"":7,""searchVolume"":10},{""year"":2026,""month"":6,""searchVolume"":10},{""year"":2026,""month"":5,""searchVolume"":10},{""year"":2026,""month"":4,""searchVolume"":20},{""year"":2026,""month"":3,""searchVolume"":10},{""year"":2026,""month"":2,""searchVolume"":10},{""year"":2026,""month"":1,""searchVolume"":30},{""year"":2025,""month"":12,""searchVolume"":10},{""year"":2025,""month"":11,""searchVolume"":10},{""year"":2025,""month"":10,""searchVolume"":10},{""year"":2025,""month"":9,""searchVolume"":20},{""year"":2025,""month"":8,""searchVolume"":10}]"
construction management company,2124,en,46,40,7.23,commercial,"[{""year"":2026,""month"":6,""searchVolume"":20},{""year"":2026,""month"":5,""searchVolume"":13},{""year"":2026,""month"":4,""searchVolume"":19},{""year"":2026,""month"":3,""searchVolume"":9},{""year"":2026,""month"":2,""searchVolume"":6},{""year"":2026,""month"":1,""searchVolume"":6},{""year"":2025,""month"":12,""searchVolume"":1},{""year"":2025,""month"":11,""searchVolume"":3},{""year"":2025,""month"":10,""searchVolume"":2},{""year"":2025,""month"":9,""searchVolume"":94},{""year"":2025,""month"":8,""searchVolume"":34},{""year"":2025,""month"":7,""searchVolume"":51},{""year"":2025,""month"":6,""searchVolume"":51},{""year"":2025,""month"":5,""searchVolume"":83},{""year"":2025,""month"":4,""searchVolume"":125},{""year"":2025,""month"":3,""searchVolume"":181},{""year"":2025,""month"":2,""searchVolume"":150},{""year"":2025,""month"":1,""searchVolume"":3},{""year"":2024,""month"":12,""searchVolume"":0},{""year"":2024,""month"":11,""searchVolume"":0},{""year"":2024,""month"":10,""searchVolume"":52},{""year"":2024,""month"":9,""searchVolume"":52},{""year"":2024,""month"":8,""searchVolume"":42},{""year"":2024,""month"":7,""searchVolume"":79},{""year"":2024,""month"":6,""searchVolume"":70},{""year"":2024,""month"":5,""searchVolume"":86},{""year"":2024,""month"":4,""searchVolume"":210},{""year"":2024,""month"":3,""searchVolume"":260},{""year"":2024,""month"":2,""searchVolume"":260},{""year"":2024,""month"":1,""searchVolume"":210},{""year"":2023,""month"":12,""searchVolume"":260},{""year"":2023,""month"":11,""searchVolume"":320},{""year"":2023,""month"":10,""searchVolume"":210},{""year"":2023,""month"":9,""searchVolume"":210},{""year"":2023,""month"":8,""searchVolume"":170},{""year"":2023,""month"":7,""searchVolume"":140}]"
commercial construction,2124,en,678,0,9.36,commercial,"[{""year"":2026,""month"":6,""searchVolume"":688},{""year"":2026,""month"":5,""searchVolume"":699},{""year"":2026,""month"":4,""searchVolume"":572},{""year"":2026,""month"":3,""searchVolume"":699},{""year"":2026,""month"":2,""searchVolume"":699},{""year"":2026,""month"":1,""searchVolume"":854},{""year"":2025,""month"":12,""searchVolume"":375},{""year"":2025,""month"":11,""searchVolume"":567},{""year"":2025,""month"":10,""searchVolume"":699},{""year"":2025,""month"":9,""searchVolume"":1553},{""year"":2025,""month"":8,""searchVolume"":845},{""year"":2025,""month"":7,""searchVolume"":567},{""year"":2025,""month"":6,""searchVolume"":845},{""year"":2025,""month"":5,""searchVolume"":1260},{""year"":2025,""month"":4,""searchVolume"":1551},{""year"":2025,""month"":3,""searchVolume"":1552},{""year"":2025,""month"":2,""searchVolume"":1569},{""year"":2025,""month"":1,""searchVolume"":975},{""year"":2024,""month"":12,""searchVolume"":880},{""year"":2024,""month"":11,""searchVolume"":720},{""year"":2024,""month"":10,""searchVolume"":1300},{""year"":2024,""month"":9,""searchVolume"":880},{""year"":2024,""month"":8,""searchVolume"":1000},{""year"":2024,""month"":7,""searchVolume"":1000},{""year"":2024,""month"":6,""searchVolume"":880},{""year"":2024,""month"":5,""searchVolume"":1300},{""year"":2024,""month"":4,""searchVolume"":857},{""year"":2024,""month"":3,""searchVolume"":858},{""year"":2024,""month"":2,""searchVolume"":755},{""year"":2024,""month"":1,""searchVolume"":858},{""year"":2023,""month"":12,""searchVolume"":617},{""year"":2023,""month"":11,""searchVolume"":752},{""year"":2023,""month"":10,""searchVolume"":800},{""year"":2023,""month"":9,""searchVolume"":800},{""year"":2023,""month"":8,""searchVolume"":654},{""year"":2023,""month"":7,""searchVolume"":536}]"
project management strategies in construction,2124,en,10,,,informational,"[{""year"":2026,""month"":7,""searchVolume"":0},{""year"":2026,""month"":6,""searchVolume"":0},{""year"":2026,""month"":5,""searchVolume"":0},{""year"":2026,""month"":4,""searchVolume"":0},{""year"":2026,""month"":3,""searchVolume"":0},{""year"":2026,""month"":2,""searchVolume"":0},{""year"":2026,""month"":1,""searchVolume"":10},{""year"":2025,""month"":12,""searchVolume"":0},{""year"":2025,""month"":11,""searchVolume"":0},{""year"":2025,""month"":10,""searchVolume"":0},{""year"":2025,""month"":9,""searchVolume"":0},{""year"":2025,""month"":8,""searchVolume"":0}]"
construction business,2124,en,302,44,8.69,commercial,"[{""year"":2026,""month"":6,""searchVolume"":245},{""year"":2026,""month"":5,""searchVolume"":245},{""year"":2026,""month"":4,""searchVolume"":293},{""year"":2026,""month"":3,""searchVolume"":439},{""year"":2026,""month"":2,""searchVolume"":192},{""year"":2026,""month"":1,""searchVolume"":166},{""year"":2025,""month"":12,""searchVolume"":108},{""year"":2025,""month"":11,""searchVolume"":204},{""year"":2025,""month"":10,""searchVolume"":376},{""year"":2025,""month"":9,""searchVolume"":249},{""year"":2025,""month"":8,""searchVolume"":166},{""year"":2025,""month"":7,""searchVolume"":134},{""year"":2025,""month"":6,""searchVolume"":148},{""year"":2025,""month"":5,""searchVolume"":407},{""year"":2025,""month"":4,""searchVolume"":181},{""year"":2025,""month"":3,""searchVolume"":249},{""year"":2025,""month"":2,""searchVolume"":250},{""year"":2025,""month"":1,""searchVolume"":205},{""year"":2024,""month"":12,""searchVolume"":214},{""year"":2024,""month"":11,""searchVolume"":173},{""year"":2024,""month"":10,""searchVolume"":174},{""year"":2024,""month"":9,""searchVolume"":261},{""year"":2024,""month"":8,""searchVolume"":214},{""year"":2024,""month"":7,""searchVolume"":160},{""year"":2024,""month"":6,""searchVolume"":160},{""year"":2024,""month"":5,""searchVolume"":240},{""year"":2024,""month"":4,""searchVolume"":390},{""year"":2024,""month"":3,""searchVolume"":390},{""year"":2024,""month"":2,""searchVolume"":320},{""year"":2024,""month"":1,""searchVolume"":390},{""year"":2023,""month"":12,""searchVolume"":260},{""year"":2023,""month"":11,""searchVolume"":390},{""year"":2023,""month"":10,""searchVolume"":260},{""year"":2023,""month"":9,""searchVolume"":320},{""year"":2023,""month"":8,""searchVolume"":320},{""year"":2023,""month"":7,""searchVolume"":260}]"
construction association,2124,en,255,69,21.9,navigational,"[{""year"":2026,""month"":6,""searchVolume"":255},{""year"":2026,""month"":5,""searchVolume"":206},{""year"":2026,""month"":4,""searchVolume"":314},{""year"":2026,""month"":3,""searchVolume"":314},{""year"":2026,""month"":2,""searchVolume"":255},{""year"":2026,""month"":1,""searchVolume"":255},{""year"":2025,""month"":12,""searchVolume"":198},{""year"":2025,""month"":11,""searchVolume"":301},{""year"":2025,""month"":10,""searchVolume"":245},{""year"":2025,""month"":9,""searchVolume"":245},{""year"":2025,""month"":8,""searchVolume"":198},{""year"":2025,""month"":7,""searchVolume"":245},{""year"":2025,""month"":6,""searchVolume"":301},{""year"":2025,""month"":5,""searchVolume"":301},{""year"":2025,""month"":4,""searchVolume"":301},{""year"":2025,""month"":3,""searchVolume"":466},{""year"":2025,""month"":2,""searchVolume"":380},{""year"":2025,""month"":1,""searchVolume"":383},{""year"":2024,""month"":12,""searchVolume"":320},{""year"":2024,""month"":11,""searchVolume"":320},{""year"":2024,""month"":10,""searchVolume"":320},{""year"":2024,""month"":9,""searchVolume"":320},{""year"":2024,""month"":8,""searchVolume"":260},{""year"":2024,""month"":7,""searchVolume"":320},{""year"":2024,""month"":6,""searchVolume"":320},{""year"":2024,""month"":5,""searchVolume"":390},{""year"":2024,""month"":4,""searchVolume"":390},{""year"":2024,""month"":3,""searchVolume"":320},{""year"":2024,""month"":2,""searchVolume"":390},{""year"":2024,""month"":1,""searchVolume"":480},{""year"":2023,""month"":12,""searchVolume"":210},{""year"":2023,""month"":11,""searchVolume"":320},{""year"":2023,""month"":10,""searchVolume"":260},{""year"":2023,""month"":9,""searchVolume"":260},{""year"":2023,""month"":8,""searchVolume"":320},{""year"":2023,""month"":7,""searchVolume"":260}]"
project management companies construction,2124,en,10,2,,informational,"[{""year"":2026,""month"":7,""searchVolume"":0},{""year"":2026,""month"":6,""searchVolume"":0},{""year"":2026,""month"":5,""searchVolume"":0},{""year"":2026,""month"":4,""searchVolume"":0},{""year"":2026,""month"":3,""searchVolume"":0},{""year"":2026,""month"":2,""searchVolume"":10},{""year"":2026,""month"":1,""searchVolume"":0},{""year"":2025,""month"":12,""searchVolume"":0},{""year"":2025,""month"":11,""searchVolume"":0},{""year"":2025,""month"":10,""searchVolume"":0},{""year"":2025,""month"":9,""searchVolume"":0},{""year"":2025,""month"":8,""searchVolume"":0}]"
construction management books,2124,en,25,43,1.93,informational,"[{""year"":2026,""month"":6,""searchVolume"":16},{""year"":2026,""month"":5,""searchVolume"":16},{""year"":2026,""month"":4,""searchVolume"":16},{""year"":2026,""month"":3,""searchVolume"":25},{""year"":2026,""month"":2,""searchVolume"":25},{""year"":2026,""month"":1,""searchVolume"":4},{""year"":2025,""month"":12,""searchVolume"":2},{""year"":2025,""month"":11,""searchVolume"":4},{""year"":2025,""month"":10,""searchVolume"":4},{""year"":2025,""month"":9,""searchVolume"":5},{""year"":2025,""month"":8,""searchVolume"":4},{""year"":2025,""month"":7,""searchVolume"":2},{""year"":2025,""month"":6,""searchVolume"":2},{""year"":2025,""month"":5,""searchVolume"":4},{""year"":2025,""month"":4,""searchVolume"":4},{""year"":2025,""month"":3,""searchVolume"":4},{""year"":2025,""month"":2,""searchVolume"":5},{""year"":2025,""month"":1,""searchVolume"":6}]"
construction management contract,2124,en,44,0,,commercial,"[{""year"":2026,""month"":6,""searchVolume"":44},{""year"":2026,""month"":5,""searchVolume"":26},{""year"":2026,""month"":4,""searchVolume"":44},{""year"":2026,""month"":3,""searchVolume"":61},{""year"":2026,""month"":2,""searchVolume"":61},{""year"":2026,""month"":1,""searchVolume"":44},{""year"":2025,""month"":12,""searchVolume"":44},{""year"":2025,""month"":11,""searchVolume"":61},{""year"":2025,""month"":10,""searchVolume"":61},{""year"":2025,""month"":9,""searchVolume"":61},{""year"":2025,""month"":8,""searchVolume"":61},{""year"":2025,""month"":7,""searchVolume"":55},{""year"":2025,""month"":6,""searchVolume"":5},{""year"":2025,""month"":5,""searchVolume"":9},{""year"":2025,""month"":4,""searchVolume"":9},{""year"":2025,""month"":3,""searchVolume"":9},{""year"":2025,""month"":2,""searchVolume"":64},{""year"":2025,""month"":1,""searchVolume"":81},{""year"":2024,""month"":12,""searchVolume"":70},{""year"":2024,""month"":11,""searchVolume"":90},{""year"":2024,""month"":10,""searchVolume"":90},{""year"":2024,""month"":9,""searchVolume"":110},{""year"":2024,""month"":8,""searchVolume"":70},{""year"":2024,""month"":7,""searchVolume"":70},{""year"":2024,""month"":6,""searchVolume"":110},{""year"":2024,""month"":5,""searchVolume"":140},{""year"":2024,""month"":4,""searchVolume"":110},{""year"":2024,""month"":3,""searchVolume"":110},{""year"":2024,""month"":2,""searchVolume"":110},{""year"":2024,""month"":1,""searchVolume"":140},{""year"":2023,""month"":12,""searchVolume"":70},{""year"":2023,""month"":11,""searchVolume"":90},{""year"":2023,""month"":10,""searchVolume"":110},{""year"":2023,""month"":9,""searchVolume"":90},{""year"":2023,""month"":8,""searchVolume"":90},{""year"":2023,""month"":7,""searchVolume"":90}]"
staging companies,2124,en,152,5,,commercial,"[{""year"":2026,""month"":6,""searchVolume"":101},{""year"":2026,""month"":5,""searchVolume"":152},{""year"":2026,""month"":4,""searchVolume"":187},{""year"":2026,""month"":3,""searchVolume"":228},{""year"":2026,""month"":2,""searchVolume"":187},{""year"":2026,""month"":1,""searchVolume"":7},{""year"":2025,""month"":12,""searchVolume"":7},{""year"":2025,""month"":11,""searchVolume"":219},{""year"":2025,""month"":10,""searchVolume"":187},{""year"":2025,""month"":9,""searchVolume"":187},{""year"":2025,""month"":8,""searchVolume"":146},{""year"":2025,""month"":7,""searchVolume"":219},{""year"":2025,""month"":6,""searchVolume"":245},{""year"":2025,""month"":5,""searchVolume"":451},{""year"":2025,""month"":4,""searchVolume"":554},{""year"":2025,""month"":3,""searchVolume"":678},{""year"":2025,""month"":2,""searchVolume"":456},{""year"":2025,""month"":1,""searchVolume"":15},{""year"":2024,""month"":12,""searchVolume"":106},{""year"":2024,""month"":11,""searchVolume"":160},{""year"":2024,""month"":10,""searchVolume"":196},{""year"":2024,""month"":9,""searchVolume"":360},{""year"":2024,""month"":8,""searchVolume"":295},{""year"":2024,""month"":7,""searchVolume"":295},{""year"":2024,""month"":6,""searchVolume"":360},{""year"":2024,""month"":5,""searchVolume"":360}]"
construction business management,2124,en,39,0,10.64,informational,"[{""year"":2026,""month"":6,""searchVolume"":29},{""year"":2026,""month"":5,""searchVolume"":29},{""year"":2026,""month"":4,""searchVolume"":29},{""year"":2026,""month"":3,""searchVolume"":39},{""year"":2026,""month"":2,""searchVolume"":48},{""year"":2026,""month"":1,""searchVolume"":29},{""year"":2025,""month"":12,""searchVolume"":48},{""year"":2025,""month"":11,""searchVolume"":39},{""year"":2025,""month"":10,""searchVolume"":48},{""year"":2025,""month"":9,""searchVolume"":48},{""year"":2025,""month"":8,""searchVolume"":39},{""year"":2025,""month"":7,""searchVolume"":20},{""year"":2025,""month"":6,""searchVolume"":25},{""year"":2025,""month"":5,""searchVolume"":35},{""year"":2025,""month"":4,""searchVolume"":35},{""year"":2025,""month"":3,""searchVolume"":35},{""year"":2025,""month"":2,""searchVolume"":25},{""year"":2025,""month"":1,""searchVolume"":88},{""year"":2024,""month"":12,""searchVolume"":70},{""year"":2024,""month"":11,""searchVolume"":50},{""year"":2024,""month"":10,""searchVolume"":40},{""year"":2024,""month"":9,""searchVolume"":50},{""year"":2024,""month"":8,""searchVolume"":70},{""year"":2024,""month"":7,""searchVolume"":50},{""year"":2024,""month"":6,""searchVolume"":50},{""year"":2024,""month"":5,""searchVolume"":40},{""year"":2024,""month"":4,""searchVolume"":50},{""year"":2024,""month"":3,""searchVolume"":30},{""year"":2024,""month"":2,""searchVolume"":70},{""year"":2024,""month"":1,""searchVolume"":70},{""year"":2023,""month"":12,""searchVolume"":50},{""year"":2023,""month"":11,""searchVolume"":90}]"
fortitude construction management,2124,en,30,,,navigational,"[{""year"":2026,""month"":7,""searchVolume"":10},{""year"":2026,""month"":6,""searchVolume"":10},{""year"":2026,""month"":5,""searchVolume"":10},{""year"":2026,""month"":4,""searchVolume"":10},{""year"":2026,""month"":3,""searchVolume"":40},{""year"":2026,""month"":2,""searchVolume"":70},{""year"":2026,""month"":1,""searchVolume"":30},{""year"":2025,""month"":12,""searchVolume"":20},{""year"":2025,""month"":11,""searchVolume"":20},{""year"":2025,""month"":10,""searchVolume"":40},{""year"":2025,""month"":9,""searchVolume"":40},{""year"":2025,""month"":8,""searchVolume"":20}]"
construction divisions,2124,en,249,6,14.53,navigational,"[{""year"":2026,""month"":6,""searchVolume"":204},{""year"":2026,""month"":5,""searchVolume"":204},{""year"":2026,""month"":4,""searchVolume"":255},{""year"":2026,""month"":3,""searchVolume"":314},{""year"":2026,""month"":2,""searchVolume"":255},{""year"":2026,""month"":1,""searchVolume"":255},{""year"":2025,""month"":12,""searchVolume"":167},{""year"":2025,""month"":11,""searchVolume"":255},{""year"":2025,""month"":10,""searchVolume"":252},{""year"":2025,""month"":9,""searchVolume"":252},{""year"":2025,""month"":8,""searchVolume"":252},{""year"":2025,""month"":7,""searchVolume"":310},{""year"":2025,""month"":6,""searchVolume"":252},{""year"":2025,""month"":5,""searchVolume"":310},{""year"":2025,""month"":4,""searchVolume"":292},{""year"":2025,""month"":3,""searchVolume"":306},{""year"":2025,""month"":2,""searchVolume"":312},{""year"":2025,""month"":1,""searchVolume"":315},{""year"":2024,""month"":12,""searchVolume"":210},{""year"":2024,""month"":11,""searchVolume"":320},{""year"":2024,""month"":10,""searchVolume"":320},{""year"":2024,""month"":9,""searchVolume"":320},{""year"":2024,""month"":8,""searchVolume"":320},{""year"":2024,""month"":7,""searchVolume"":320},{""year"":2024,""month"":6,""searchVolume"":320},{""year"":2024,""month"":5,""searchVolume"":390},{""year"":2024,""month"":4,""searchVolume"":260},{""year"":2024,""month"":3,""searchVolume"":213},{""year"":2024,""month"":2,""searchVolume"":213},{""year"":2024,""month"":1,""searchVolume"":213},{""year"":2023,""month"":12,""searchVolume"":140},{""year"":2023,""month"":11,""searchVolume"":215},{""year"":2023,""month"":10,""searchVolume"":195},{""year"":2023,""month"":9,""searchVolume"":240},{""year"":2023,""month"":8,""searchVolume"":240}]"
commercial project management,2124,en,15,50,5.58,informational,"[{""year"":2026,""month"":6,""searchVolume"":10},{""year"":2026,""month"":5,""searchVolume"":10},{""year"":2026,""month"":4,""searchVolume"":37},{""year"":2026,""month"":3,""searchVolume"":27},{""year"":2026,""month"":2,""searchVolume"":27},{""year"":2026,""month"":1,""searchVolume"":27},{""year"":2025,""month"":12,""searchVolume"":5},{""year"":2025,""month"":11,""searchVolume"":2},{""year"":2025,""month"":10,""searchVolume"":8},{""year"":2025,""month"":9,""searchVolume"":28},{""year"":2025,""month"":8,""searchVolume"":8},{""year"":2025,""month"":7,""searchVolume"":5},{""year"":2025,""month"":6,""searchVolume"":5},{""year"":2025,""month"":5,""searchVolume"":12},{""year"":2025,""month"":4,""searchVolume"":30},{""year"":2025,""month"":3,""searchVolume"":23},{""year"":2025,""month"":2,""searchVolume"":18},{""year"":2025,""month"":1,""searchVolume"":37}]"
acc construction management,2124,en,10,,,navigational,"[{""year"":2026,""month"":7,""searchVolume"":10},{""year"":2026,""month"":6,""searchVolume"":10},{""year"":2026,""month"":5,""searchVolume"":0},{""year"":2026,""month"":4,""searchVolume"":0},{""year"":2026,""month"":3,""searchVolume"":10},{""year"":2026,""month"":2,""searchVolume"":10},{""year"":2026,""month"":1,""searchVolume"":10},{""year"":2025,""month"":12,""searchVolume"":10},{""year"":2025,""month"":11,""searchVolume"":0},{""year"":2025,""month"":10,""searchVolume"":10},{""year"":2025,""month"":9,""searchVolume"":10},{""year"":2025,""month"":8,""searchVolume"":10}]"
construction services,2124,en,148,0,5.98,commercial,"[{""year"":2026,""month"":6,""searchVolume"":120},{""year"":2026,""month"":5,""searchVolume"":148},{""year"":2026,""month"":4,""searchVolume"":148},{""year"":2026,""month"":3,""searchVolume"":148},{""year"":2026,""month"":2,""searchVolume"":180},{""year"":2026,""month"":1,""searchVolume"":120},{""year"":2025,""month"":12,""searchVolume"":120},{""year"":2025,""month"":11,""searchVolume"":148},{""year"":2025,""month"":10,""searchVolume"":148},{""year"":2025,""month"":9,""searchVolume"":180},{""year"":2025,""month"":8,""searchVolume"":80},{""year"":2025,""month"":7,""searchVolume"":80},{""year"":2025,""month"":6,""searchVolume"":98},{""year"":2025,""month"":5,""searchVolume"":148},{""year"":2025,""month"":4,""searchVolume"":687},{""year"":2025,""month"":3,""searchVolume"":688},{""year"":2025,""month"":2,""searchVolume"":693},{""year"":2025,""month"":1,""searchVolume"":220},{""year"":2024,""month"":12,""searchVolume"":390},{""year"":2024,""month"":11,""searchVolume"":390},{""year"":2024,""month"":10,""searchVolume"":390},{""year"":2024,""month"":9,""searchVolume"":320},{""year"":2024,""month"":8,""searchVolume"":320},{""year"":2024,""month"":7,""searchVolume"":320},{""year"":2024,""month"":6,""searchVolume"":320},{""year"":2024,""month"":5,""searchVolume"":590},{""year"":2024,""month"":4,""searchVolume"":590},{""year"":2024,""month"":3,""searchVolume"":480},{""year"":2024,""month"":2,""searchVolume"":390},{""year"":2024,""month"":1,""searchVolume"":390},{""year"":2023,""month"":12,""searchVolume"":210},{""year"":2023,""month"":11,""searchVolume"":210},{""year"":2023,""month"":10,""searchVolume"":210},{""year"":2023,""month"":9,""searchVolume"":170},{""year"":2023,""month"":8,""searchVolume"":210},{""year"":2023,""month"":7,""searchVolume"":260}]"
project management contracts,2124,en,76,1,3.6,informational,"[{""year"":2026,""month"":6,""searchVolume"":61},{""year"":2026,""month"":5,""searchVolume"":43},{""year"":2026,""month"":4,""searchVolume"":59},{""year"":2026,""month"":3,""searchVolume"":93},{""year"":2026,""month"":2,""searchVolume"":42},{""year"":2026,""month"":1,""searchVolume"":42},{""year"":2025,""month"":12,""searchVolume"":32},{""year"":2025,""month"":11,""searchVolume"":32},{""year"":2025,""month"":10,""searchVolume"":51},{""year"":2025,""month"":9,""searchVolume"":51},{""year"":2025,""month"":8,""searchVolume"":2},{""year"":2025,""month"":7,""searchVolume"":2},{""year"":2025,""month"":6,""searchVolume"":2},{""year"":2025,""month"":5,""searchVolume"":3},{""year"":2025,""month"":4,""searchVolume"":2},{""year"":2025,""month"":3,""searchVolume"":2},{""year"":2025,""month"":2,""searchVolume"":2},{""year"":2025,""month"":1,""searchVolume"":52},{""year"":2024,""month"":12,""searchVolume"":45},{""year"":2024,""month"":11,""searchVolume"":70},{""year"":2024,""month"":10,""searchVolume"":55},{""year"":2024,""month"":9,""searchVolume"":0},{""year"":2024,""month"":8,""searchVolume"":0},{""year"":2024,""month"":7,""searchVolume"":0},{""year"":2024,""month"":6,""searchVolume"":0},{""year"":2024,""month"":5,""searchVolume"":0},{""year"":2024,""month"":4,""searchVolume"":0},{""year"":2024,""month"":3,""searchVolume"":0},{""year"":2024,""month"":2,""searchVolume"":0},{""year"":2024,""month"":1,""searchVolume"":0},{""year"":2023,""month"":12,""searchVolume"":0},{""year"":2023,""month"":11,""searchVolume"":0},{""year"":2023,""month"":10,""searchVolume"":0},{""year"":2023,""month"":9,""searchVolume"":0},{""year"":2023,""month"":8,""searchVolume"":0},{""year"":2023,""month"":7,""searchVolume"":0}]"
construction project manager companies,2124,en,6,2,11.81,commercial,"[{""year"":2026,""month"":6,""searchVolume"":4},{""year"":2026,""month"":5,""searchVolume"":4},{""year"":2026,""month"":4,""searchVolume"":6},{""year"":2026,""month"":3,""searchVolume"":10},{""year"":2026,""month"":2,""searchVolume"":8},{""year"":2026,""month"":1,""searchVolume"":6},{""year"":2025,""month"":12,""searchVolume"":3},{""year"":2025,""month"":11,""searchVolume"":2},{""year"":2025,""month"":10,""searchVolume"":3},{""year"":2025,""month"":9,""searchVolume"":12},{""year"":2025,""month"":8,""searchVolume"":2},{""year"":2025,""month"":7,""searchVolume"":3},{""year"":2025,""month"":6,""searchVolume"":4},{""year"":2025,""month"":5,""searchVolume"":10},{""year"":2025,""month"":4,""searchVolume"":12},{""year"":2025,""month"":3,""searchVolume"":16},{""year"":2025,""month"":2,""searchVolume"":12},{""year"":2025,""month"":1,""searchVolume"":6}]"
construction administration,2124,en,169,0,2.82,informational,"[{""year"":2026,""month"":6,""searchVolume"":91},{""year"":2026,""month"":5,""searchVolume"":136},{""year"":2026,""month"":4,""searchVolume"":136},{""year"":2026,""month"":3,""searchVolume"":208},{""year"":2026,""month"":2,""searchVolume"":254},{""year"":2026,""month"":1,""searchVolume"":42},{""year"":2025,""month"":12,""searchVolume"":42},{""year"":2025,""month"":11,""searchVolume"":52},{""year"":2025,""month"":10,""searchVolume"":52},{""year"":2025,""month"":9,""searchVolume"":96},{""year"":2025,""month"":8,""searchVolume"":34},{""year"":2025,""month"":7,""searchVolume"":34},{""year"":2025,""month"":6,""searchVolume"":34},{""year"":2025,""month"":5,""searchVolume"":186},{""year"":2025,""month"":4,""searchVolume"":231},{""year"":2025,""month"":3,""searchVolume"":284},{""year"":2025,""month"":2,""searchVolume"":290},{""year"":2025,""month"":1,""searchVolume"":52},{""year"":2024,""month"":12,""searchVolume"":170},{""year"":2024,""month"":11,""searchVolume"":170},{""year"":2024,""month"":10,""searchVolume"":170},{""year"":2024,""month"":9,""searchVolume"":210},{""year"":2024,""month"":8,""searchVolume"":170},{""year"":2024,""month"":7,""searchVolume"":210},{""year"":2024,""month"":6,""searchVolume"":210},{""year"":2024,""month"":5,""searchVolume"":260},{""year"":2024,""month"":4,""searchVolume"":260},{""year"":2024,""month"":3,""searchVolume"":210},{""year"":2024,""month"":2,""searchVolume"":210},{""year"":2024,""month"":1,""searchVolume"":260},{""year"":2023,""month"":12,""searchVolume"":170},{""year"":2023,""month"":11,""searchVolume"":210},{""year"":2023,""month"":10,""searchVolume"":210},{""year"":2023,""month"":9,""searchVolume"":260},{""year"":2023,""month"":8,""searchVolume"":210},{""year"":2023,""month"":7,""searchVolume"":170}]"
construction commercial management,2124,en,10,,,informational,"[{""year"":2026,""month"":7,""searchVolume"":10},{""year"":2026,""month"":6,""searchVolume"":10},{""year"":2026,""month"":5,""searchVolume"":10},{""year"":2026,""month"":4,""searchVolume"":10},{""year"":2026,""month"":3,""searchVolume"":10},{""year"":2026,""month"":2,""searchVolume"":10},{""year"":2026,""month"":1,""searchVolume"":10},{""year"":2025,""month"":12,""searchVolume"":0},{""year"":2025,""month"":11,""searchVolume"":10},{""year"":2025,""month"":10,""searchVolume"":10},{""year"":2025,""month"":9,""searchVolume"":10},{""year"":2025,""month"":8,""searchVolume"":10}]"
construction project administration,2124,en,19,,0.96,informational,"[{""year"":2026,""month"":6,""searchVolume"":10},{""year"":2026,""month"":5,""searchVolume"":19},{""year"":2026,""month"":4,""searchVolume"":10},{""year"":2026,""month"":3,""searchVolume"":10},{""year"":2026,""month"":2,""searchVolume"":19},{""year"":2026,""month"":1,""searchVolume"":19},{""year"":2025,""month"":12,""searchVolume"":19},{""year"":2025,""month"":11,""searchVolume"":19},{""year"":2025,""month"":10,""searchVolume"":5},{""year"":2025,""month"":9,""searchVolume"":15},{""year"":2025,""month"":8,""searchVolume"":5},{""year"":2025,""month"":7,""searchVolume"":10},{""year"":2025,""month"":6,""searchVolume"":5},{""year"":2025,""month"":5,""searchVolume"":10},{""year"":2025,""month"":4,""searchVolume"":10},{""year"":2025,""month"":3,""searchVolume"":10},{""year"":2025,""month"":2,""searchVolume"":15},{""year"":2025,""month"":1,""searchVolume"":29}]"
project management residential construction,2124,en,8,,2.54,informational,"[{""year"":2026,""month"":6,""searchVolume"":10},{""year"":2026,""month"":5,""searchVolume"":10},{""year"":2026,""month"":4,""searchVolume"":8},{""year"":2026,""month"":3,""searchVolume"":8},{""year"":2026,""month"":2,""searchVolume"":44},{""year"":2026,""month"":1,""searchVolume"":27},{""year"":2025,""month"":12,""searchVolume"":36},{""year"":2025,""month"":11,""searchVolume"":62},{""year"":2025,""month"":10,""searchVolume"":36},{""year"":2025,""month"":9,""searchVolume"":18},{""year"":2025,""month"":8,""searchVolume"":27},{""year"":2025,""month"":7,""searchVolume"":18},{""year"":2025,""month"":6,""searchVolume"":18},{""year"":2025,""month"":5,""searchVolume"":18},{""year"":2025,""month"":4,""searchVolume"":27},{""year"":2025,""month"":3,""searchVolume"":27},{""year"":2025,""month"":2,""searchVolume"":8},{""year"":2025,""month"":1,""searchVolume"":27},{""year"":2024,""month"":12,""searchVolume"":20},{""year"":2024,""month"":11,""searchVolume"":40},{""year"":2024,""month"":10,""searchVolume"":30},{""year"":2024,""month"":9,""searchVolume"":40},{""year"":2024,""month"":8,""searchVolume"":40},{""year"":2024,""month"":7,""searchVolume"":10},{""year"":2024,""month"":6,""searchVolume"":50},{""year"":2024,""month"":5,""searchVolume"":10}]"
pec construction management,2124,en,20,,,navigational,"[{""year"":2026,""month"":7,""searchVolume"":20},{""year"":2026,""month"":6,""searchVolume"":10},{""year"":2026,""month"":5,""searchVolume"":50},{""year"":2026,""month"":4,""searchVolume"":10},{""year"":2026,""month"":3,""searchVolume"":10},{""year"":2026,""month"":2,""searchVolume"":10},{""year"":2026,""month"":1,""searchVolume"":10},{""year"":2025,""month"":12,""searchVolume"":20},{""year"":2025,""month"":11,""searchVolume"":10},{""year"":2025,""month"":10,""searchVolume"":20},{""year"":2025,""month"":9,""searchVolume"":10},{""year"":2025,""month"":8,""searchVolume"":10}]"
construction project management solutions,2124,en,10,,,informational,"[{""year"":2026,""month"":7,""searchVolume"":0},{""year"":2026,""month"":6,""searchVolume"":0},{""year"":2026,""month"":5,""searchVolume"":0},{""year"":2026,""month"":4,""searchVolume"":10},{""year"":2026,""month"":3,""searchVolume"":10},{""year"":2026,""month"":2,""searchVolume"":10},{""year"":2026,""month"":1,""searchVolume"":10},{""year"":2025,""month"":12,""searchVolume"":10},{""year"":2025,""month"":11,""searchVolume"":10},{""year"":2025,""month"":10,""searchVolume"":10},{""year"":2025,""month"":9,""searchVolume"":0},{""year"":2025,""month"":8,""searchVolume"":0}]"
construction business review,2124,en,50,,,informational,"[{""year"":2026,""month"":7,""searchVolume"":70},{""year"":2026,""month"":6,""searchVolume"":110},{""year"":2026,""month"":5,""searchVolume"":50},{""year"":2026,""month"":4,""searchVolume"":40},{""year"":2026,""month"":3,""searchVolume"":30},{""year"":2026,""month"":2,""searchVolume"":40},{""year"":2026,""month"":1,""searchVolume"":50},{""year"":2025,""month"":12,""searchVolume"":70},{""year"":2025,""month"":11,""searchVolume"":50},{""year"":2025,""month"":10,""searchVolume"":30},{""year"":2025,""month"":9,""searchVolume"":10},{""year"":2025,""month"":8,""searchVolume"":20}]"
residential construction project management,2124,en,8,45,2.54,informational,"[{""year"":2026,""month"":6,""searchVolume"":10},{""year"":2026,""month"":5,""searchVolume"":10},{""year"":2026,""month"":4,""searchVolume"":8},{""year"":2026,""month"":3,""searchVolume"":8},{""year"":2026,""month"":2,""searchVolume"":1},{""year"":2026,""month"":1,""searchVolume"":1},{""year"":2025,""month"":12,""searchVolume"":1},{""year"":2025,""month"":11,""searchVolume"":2},{""year"":2025,""month"":10,""searchVolume"":1},{""year"":2025,""month"":9,""searchVolume"":1},{""year"":2025,""month"":8,""searchVolume"":1},{""year"":2025,""month"":7,""searchVolume"":1},{""year"":2025,""month"":6,""searchVolume"":1},{""year"":2025,""month"":5,""searchVolume"":1},{""year"":2025,""month"":4,""searchVolume"":1},{""year"":2025,""month"":3,""searchVolume"":1},{""year"":2025,""month"":2,""searchVolume"":8},{""year"":2025,""month"":1,""searchVolume"":1},{""year"":2024,""month"":12,""searchVolume"":0},{""year"":2024,""month"":11,""searchVolume"":0},{""year"":2024,""month"":10,""searchVolume"":0},{""year"":2024,""month"":9,""searchVolume"":0},{""year"":2024,""month"":8,""searchVolume"":0},{""year"":2024,""month"":7,""searchVolume"":0},{""year"":2024,""month"":6,""searchVolume"":0},{""year"":2024,""month"":5,""searchVolume"":0}]"
building project management companies,2124,en,6,7,11.81,commercial,"[{""year"":2026,""month"":6,""searchVolume"":4},{""year"":2026,""month"":5,""searchVolume"":4},{""year"":2026,""month"":4,""searchVolume"":6},{""year"":2026,""month"":3,""searchVolume"":10},{""year"":2026,""month"":2,""searchVolume"":8},{""year"":2026,""month"":1,""searchVolume"":6},{""year"":2025,""month"":12,""searchVolume"":3},{""year"":2025,""month"":11,""searchVolume"":2},{""year"":2025,""month"":10,""searchVolume"":3},{""year"":2025,""month"":9,""searchVolume"":12},{""year"":2025,""month"":8,""searchVolume"":2},{""year"":2025,""month"":7,""searchVolume"":3},{""year"":2025,""month"":6,""searchVolume"":4},{""year"":2025,""month"":5,""searchVolume"":10},{""year"":2025,""month"":4,""searchVolume"":12},{""year"":2025,""month"":3,""searchVolume"":16},{""year"":2025,""month"":2,""searchVolume"":12},{""year"":2025,""month"":1,""searchVolume"":6}]"
construction project management company,2124,en,6,2,11.81,commercial,"[{""year"":2026,""month"":6,""searchVolume"":4},{""year"":2026,""month"":5,""searchVolume"":4},{""year"":2026,""month"":4,""searchVolume"":6},{""year"":2026,""month"":3,""searchVolume"":10},{""year"":2026,""month"":2,""searchVolume"":8},{""year"":2026,""month"":1,""searchVolume"":6},{""year"":2025,""month"":12,""searchVolume"":3},{""year"":2025,""month"":11,""searchVolume"":2},{""year"":2025,""month"":10,""searchVolume"":3},{""year"":2025,""month"":9,""searchVolume"":12},{""year"":2025,""month"":8,""searchVolume"":2},{""year"":2025,""month"":7,""searchVolume"":3},{""year"":2025,""month"":6,""searchVolume"":4},{""year"":2025,""month"":5,""searchVolume"":10},{""year"":2025,""month"":4,""searchVolume"":12},{""year"":2025,""month"":3,""searchVolume"":16},{""year"":2025,""month"":2,""searchVolume"":12},{""year"":2025,""month"":1,""searchVolume"":6}]"
construction project management firms,2124,en,6,20,11.81,commercial,"[{""year"":2026,""month"":6,""searchVolume"":4},{""year"":2026,""month"":5,""searchVolume"":4},{""year"":2026,""month"":4,""searchVolume"":6},{""year"":2026,""month"":3,""searchVolume"":10},{""year"":2026,""month"":2,""searchVolume"":8},{""year"":2026,""month"":1,""searchVolume"":6},{""year"":2025,""month"":12,""searchVolume"":3},{""year"":2025,""month"":11,""searchVolume"":2},{""year"":2025,""month"":10,""searchVolume"":3},{""year"":2025,""month"":9,""searchVolume"":12},{""year"":2025,""month"":8,""searchVolume"":2},{""year"":2025,""month"":7,""searchVolume"":3},{""year"":2025,""month"":6,""searchVolume"":4},{""year"":2025,""month"":5,""searchVolume"":10},{""year"":2025,""month"":4,""searchVolume"":12},{""year"":2025,""month"":3,""searchVolume"":16},{""year"":2025,""month"":2,""searchVolume"":12},{""year"":2025,""month"":1,""searchVolume"":6}]"
construction project management consultants,2124,en,5,11,9.92,commercial,"[{""year"":2026,""month"":6,""searchVolume"":2},{""year"":2026,""month"":5,""searchVolume"":4},{""year"":2026,""month"":4,""searchVolume"":3},{""year"":2026,""month"":3,""searchVolume"":7},{""year"":2026,""month"":2,""searchVolume"":1},{""year"":2026,""month"":1,""searchVolume"":2},{""year"":2025,""month"":12,""searchVolume"":2},{""year"":2025,""month"":11,""searchVolume"":0},{""year"":2025,""month"":10,""searchVolume"":0},{""year"":2025,""month"":9,""searchVolume"":1},{""year"":2025,""month"":8,""searchVolume"":1},{""year"":2025,""month"":7,""searchVolume"":1},{""year"":2025,""month"":6,""searchVolume"":1},{""year"":2025,""month"":5,""searchVolume"":2},{""year"":2025,""month"":4,""searchVolume"":3},{""year"":2025,""month"":3,""searchVolume"":3},{""year"":2025,""month"":2,""searchVolume"":21},{""year"":2025,""month"":1,""searchVolume"":11},{""year"":2024,""month"":12,""searchVolume"":0},{""year"":2024,""month"":11,""searchVolume"":0},{""year"":2024,""month"":10,""searchVolume"":0},{""year"":2024,""month"":9,""searchVolume"":0},{""year"":2024,""month"":8,""searchVolume"":0},{""year"":2024,""month"":7,""searchVolume"":0},{""year"":2024,""month"":6,""searchVolume"":0},{""year"":2024,""month"":5,""searchVolume"":0},{""year"":2024,""month"":4,""searchVolume"":0},{""year"":2024,""month"":3,""searchVolume"":0},{""year"":2024,""month"":2,""searchVolume"":0},{""year"":2024,""month"":1,""searchVolume"":0},{""year"":2023,""month"":12,""searchVolume"":0},{""year"":2023,""month"":11,""searchVolume"":0},{""year"":2023,""month"":10,""searchVolume"":0},{""year"":2023,""month"":9,""searchVolume"":0},{""year"":2023,""month"":8,""searchVolume"":0},{""year"":2023,""month"":7,""searchVolume"":0}]"
tru construction management,2124,en,,,,navigational,"[{""year"":2026,""month"":5,""searchVolume"":0},{""year"":2026,""month"":4,""searchVolume"":0},{""year"":2026,""month"":3,""searchVolume"":0},{""year"":2026,""month"":2,""searchVolume"":0},{""year"":2026,""month"":1,""searchVolume"":0},{""year"":2025,""month"":12,""searchVolume"":0},{""year"":2025,""month"":11,""searchVolume"":0},{""year"":2025,""month"":10,""searchVolume"":0},{""year"":2025,""month"":9,""searchVolume"":0},{""year"":2025,""month"":8,""searchVolume"":0},{""year"":2025,""month"":7,""searchVolume"":0},{""year"":2025,""month"":6,""searchVolume"":0}]"
project management construction company,2124,en,6,31,8.29,navigational,"[{""year"":2026,""month"":6,""searchVolume"":4},{""year"":2026,""month"":5,""searchVolume"":4},{""year"":2026,""month"":4,""searchVolume"":6},{""year"":2026,""month"":3,""searchVolume"":10},{""year"":2026,""month"":2,""searchVolume"":8},{""year"":2026,""month"":1,""searchVolume"":6},{""year"":2025,""month"":12,""searchVolume"":3},{""year"":2025,""month"":11,""searchVolume"":2},{""year"":2025,""month"":10,""searchVolume"":3},{""year"":2025,""month"":9,""searchVolume"":12},{""year"":2025,""month"":8,""searchVolume"":2},{""year"":2025,""month"":7,""searchVolume"":3},{""year"":2025,""month"":6,""searchVolume"":4},{""year"":2025,""month"":5,""searchVolume"":10},{""year"":2025,""month"":4,""searchVolume"":12},{""year"":2025,""month"":3,""searchVolume"":16},{""year"":2025,""month"":2,""searchVolume"":12},{""year"":2025,""month"":1,""searchVolume"":6}]"
construction mgp,2124,en,210,0,,navigational,"[{""year"":2026,""month"":7,""searchVolume"":260},{""year"":2026,""month"":6,""searchVolume"":260},{""year"":2026,""month"":5,""searchVolume"":260},{""year"":2026,""month"":4,""searchVolume"":210},{""year"":2026,""month"":3,""searchVolume"":260},{""year"":2026,""month"":2,""searchVolume"":170},{""year"":2026,""month"":1,""searchVolume"":210},{""year"":2025,""month"":12,""searchVolume"":210},{""year"":2025,""month"":11,""searchVolume"":140},{""year"":2025,""month"":10,""searchVolume"":210},{""year"":2025,""month"":9,""searchVolume"":260},{""year"":2025,""month"":8,""searchVolume"":210}]"
construction project management firm,2124,en,6,20,8.29,commercial,"[{""year"":2026,""month"":6,""searchVolume"":4},{""year"":2026,""month"":5,""searchVolume"":4},{""year"":2026,""month"":4,""searchVolume"":6},{""year"":2026,""month"":3,""searchVolume"":10},{""year"":2026,""month"":2,""searchVolume"":8},{""year"":2026,""month"":1,""searchVolume"":6},{""year"":2025,""month"":12,""searchVolume"":3},{""year"":2025,""month"":11,""searchVolume"":2},{""year"":2025,""month"":10,""searchVolume"":3},{""year"":2025,""month"":9,""searchVolume"":12},{""year"":2025,""month"":8,""searchVolume"":2},{""year"":2025,""month"":7,""searchVolume"":3},{""year"":2025,""month"":6,""searchVolume"":4},{""year"":2025,""month"":5,""searchVolume"":10},{""year"":2025,""month"":4,""searchVolume"":12},{""year"":2025,""month"":3,""searchVolume"":16},{""year"":2025,""month"":2,""searchVolume"":12},{""year"":2025,""month"":1,""searchVolume"":6}]"
ecnomus construction,2124,en,90,0,,navigational,"[{""year"":2026,""month"":7,""searchVolume"":90},{""year"":2026,""month"":6,""searchVolume"":110},{""year"":2026,""month"":5,""searchVolume"":110},{""year"":2026,""month"":4,""searchVolume"":90},{""year"":2026,""month"":3,""searchVolume"":90},{""year"":2026,""month"":2,""searchVolume"":70},{""year"":2026,""month"":1,""searchVolume"":110},{""year"":2025,""month"":12,""searchVolume"":70},{""year"":2025,""month"":11,""searchVolume"":90},{""year"":2025,""month"":10,""searchVolume"":90},{""year"":2025,""month"":9,""searchVolume"":90},{""year"":2025,""month"":8,""searchVolume"":90}]"
overview of construction management,2124,en,10,,,informational,"[{""year"":2026,""month"":7,""searchVolume"":0},{""year"":2026,""month"":6,""searchVolume"":0},{""year"":2026,""month"":5,""searchVolume"":0},{""year"":2026,""month"":4,""searchVolume"":0},{""year"":2026,""month"":3,""searchVolume"":10},{""year"":2026,""month"":2,""searchVolume"":0},{""year"":2026,""month"":1,""searchVolume"":0},{""year"":2025,""month"":12,""searchVolume"":0},{""year"":2025,""month"":11,""searchVolume"":0},{""year"":2025,""month"":10,""searchVolume"":0},{""year"":2025,""month"":9,""searchVolume"":0},{""year"":2025,""month"":8,""searchVolume"":0}]"
construction project management framework,2124,en,10,,,informational,"[{""year"":2026,""month"":7,""searchVolume"":0},{""year"":2026,""month"":6,""searchVolume"":10},{""year"":2026,""month"":5,""searchVolume"":10},{""year"":2026,""month"":4,""searchVolume"":10},{""year"":2026,""month"":3,""searchVolume"":10},{""year"":2026,""month"":2,""searchVolume"":0},{""year"":2026,""month"":1,""searchVolume"":0},{""year"":2025,""month"":12,""searchVolume"":0},{""year"":2025,""month"":11,""searchVolume"":0},{""year"":2025,""month"":10,""searchVolume"":0},{""year"":2025,""month"":9,""searchVolume"":0},{""year"":2025,""month"":8,""searchVolume"":10}]"
construction management services,2124,en,55,11,5.63,commercial,"[{""year"":2026,""month"":6,""searchVolume"":85},{""year"":2026,""month"":5,""searchVolume"":70},{""year"":2026,""month"":4,""searchVolume"":105},{""year"":2026,""month"":3,""searchVolume"":105},{""year"":2026,""month"":2,""searchVolume"":70},{""year"":2026,""month"":1,""searchVolume"":70},{""year"":2025,""month"":12,""searchVolume"":35},{""year"":2025,""month"":11,""searchVolume"":25},{""year"":2025,""month"":10,""searchVolume"":25},{""year"":2025,""month"":9,""searchVolume"":55},{""year"":2025,""month"":8,""searchVolume"":15},{""year"":2025,""month"":7,""searchVolume"":35},{""year"":2025,""month"":6,""searchVolume"":25},{""year"":2025,""month"":5,""searchVolume"":45},{""year"":2025,""month"":4,""searchVolume"":70},{""year"":2025,""month"":3,""searchVolume"":85},{""year"":2025,""month"":2,""searchVolume"":55},{""year"":2025,""month"":1,""searchVolume"":35}]"
construction company commercial,2124,en,390,0,7.2,commercial,"[{""year"":2026,""month"":6,""searchVolume"":260},{""year"":2026,""month"":5,""searchVolume"":390},{""year"":2026,""month"":4,""searchVolume"":720},{""year"":2026,""month"":3,""searchVolume"":720},{""year"":2026,""month"":2,""searchVolume"":390},{""year"":2026,""month"":1,""searchVolume"":210},{""year"":2025,""month"":12,""searchVolume"":140},{""year"":2025,""month"":11,""searchVolume"":170},{""year"":2025,""month"":10,""searchVolume"":210},{""year"":2025,""month"":9,""searchVolume"":390},{""year"":2025,""month"":8,""searchVolume"":210},{""year"":2025,""month"":7,""searchVolume"":210}]"
citi-core construction management,2124,en,20,,,commercial,"[{""year"":2026,""month"":7,""searchVolume"":20},{""year"":2026,""month"":6,""searchVolume"":10},{""year"":2026,""month"":5,""searchVolume"":70},{""year"":2026,""month"":4,""searchVolume"":50},{""year"":2026,""month"":3,""searchVolume"":30},{""year"":2026,""month"":2,""searchVolume"":10},{""year"":2026,""month"":1,""searchVolume"":10},{""year"":2025,""month"":12,""searchVolume"":10},{""year"":2025,""month"":11,""searchVolume"":10},{""year"":2025,""month"":10,""searchVolume"":10},{""year"":2025,""month"":9,""searchVolume"":10},{""year"":2025,""month"":8,""searchVolume"":10}]"
construction project management processes,2124,en,10,,,informational,"[{""year"":2026,""month"":6,""searchVolume"":10},{""year"":2026,""month"":5,""searchVolume"":10},{""year"":2026,""month"":4,""searchVolume"":10},{""year"":2026,""month"":3,""searchVolume"":10},{""year"":2026,""month"":2,""searchVolume"":10},{""year"":2026,""month"":1,""searchVolume"":10},{""year"":2025,""month"":12,""searchVolume"":20},{""year"":2025,""month"":11,""searchVolume"":10},{""year"":2025,""month"":10,""searchVolume"":10},{""year"":2025,""month"":9,""searchVolume"":10},{""year"":2025,""month"":8,""searchVolume"":10},{""year"":2025,""month"":7,""searchVolume"":10}]"
construction management project delivery,2124,en,10,,7.53,informational,"[{""year"":2026,""month"":7,""searchVolume"":10},{""year"":2026,""month"":6,""searchVolume"":10},{""year"":2026,""month"":5,""searchVolume"":10},{""year"":2026,""month"":4,""searchVolume"":10},{""year"":2026,""month"":3,""searchVolume"":10},{""year"":2026,""month"":2,""searchVolume"":10},{""year"":2026,""month"":1,""searchVolume"":20},{""year"":2025,""month"":12,""searchVolume"":10},{""year"":2025,""month"":11,""searchVolume"":10},{""year"":2025,""month"":10,""searchVolume"":10},{""year"":2025,""month"":9,""searchVolume"":10},{""year"":2025,""month"":8,""searchVolume"":10}]"
business plan for construction company,2124,en,109,0,4.74,informational,"[{""year"":2026,""month"":6,""searchVolume"":109},{""year"":2026,""month"":5,""searchVolume"":6},{""year"":2026,""month"":4,""searchVolume"":8},{""year"":2026,""month"":3,""searchVolume"":6},{""year"":2026,""month"":2,""searchVolume"":5},{""year"":2026,""month"":1,""searchVolume"":5},{""year"":2025,""month"":12,""searchVolume"":3},{""year"":2025,""month"":11,""searchVolume"":3},{""year"":2025,""month"":10,""searchVolume"":2},{""year"":2025,""month"":9,""searchVolume"":0},{""year"":2025,""month"":8,""searchVolume"":0},{""year"":2025,""month"":7,""searchVolume"":0},{""year"":2025,""month"":6,""searchVolume"":10},{""year"":2025,""month"":5,""searchVolume"":10},{""year"":2025,""month"":4,""searchVolume"":0},{""year"":2025,""month"":3,""searchVolume"":1},{""year"":2025,""month"":2,""searchVolume"":0},{""year"":2025,""month"":1,""searchVolume"":1},{""year"":2024,""month"":12,""searchVolume"":0},{""year"":2024,""month"":11,""searchVolume"":0},{""year"":2024,""month"":10,""searchVolume"":0},{""year"":2024,""month"":9,""searchVolume"":0},{""year"":2024,""month"":8,""searchVolume"":0},{""year"":2024,""month"":7,""searchVolume"":0},{""year"":2024,""month"":6,""searchVolume"":0},{""year"":2024,""month"":5,""searchVolume"":0},{""year"":2024,""month"":4,""searchVolume"":0},{""year"":2024,""month"":3,""searchVolume"":0},{""year"":2024,""month"":2,""searchVolume"":0}]"
construction project management plan,2124,en,10,,,informational,"[{""year"":2026,""month"":6,""searchVolume"":10},{""year"":2026,""month"":5,""searchVolume"":10},{""year"":2026,""month"":4,""searchVolume"":10},{""year"":2026,""month"":3,""searchVolume"":10},{""year"":2026,""month"":2,""searchVolume"":10},{""year"":2026,""month"":1,""searchVolume"":10},{""year"":2025,""month"":12,""searchVolume"":10},{""year"":2025,""month"":11,""searchVolume"":20},{""year"":2025,""month"":10,""searchVolume"":10},{""year"":2025,""month"":9,""searchVolume"":10},{""year"":2025,""month"":8,""searchVolume"":10},{""year"":2025,""month"":7,""searchVolume"":10}]"
construction project management companies uk,2124,en,10,,,commercial,"[{""year"":2026,""month"":7,""searchVolume"":0},{""year"":2026,""month"":6,""searchVolume"":0},{""year"":2026,""month"":5,""searchVolume"":0},{""year"":2026,""month"":4,""searchVolume"":0},{""year"":2026,""month"":3,""searchVolume"":0},{""year"":2026,""month"":2,""searchVolume"":0},{""year"":2026,""month"":1,""searchVolume"":0},{""year"":2025,""month"":12,""searchVolume"":0},{""year"":2025,""month"":11,""searchVolume"":0},{""year"":2025,""month"":10,""searchVolume"":0},{""year"":2025,""month"":9,""searchVolume"":0},{""year"":2025,""month"":8,""searchVolume"":10}]"
bay construction management,2124,en,90,0,,commercial,"[{""year"":2026,""month"":7,""searchVolume"":110},{""year"":2026,""month"":6,""searchVolume"":70},{""year"":2026,""month"":5,""searchVolume"":110},{""year"":2026,""month"":4,""searchVolume"":110},{""year"":2026,""month"":3,""searchVolume"":110},{""year"":2026,""month"":2,""searchVolume"":140},{""year"":2026,""month"":1,""searchVolume"":70},{""year"":2025,""month"":12,""searchVolume"":110},{""year"":2025,""month"":11,""searchVolume"":110},{""year"":2025,""month"":10,""searchVolume"":90},{""year"":2025,""month"":9,""searchVolume"":70},{""year"":2025,""month"":8,""searchVolume"":70}]"
bim management,2124,en,49,0,,informational,"[{""year"":2026,""month"":6,""searchVolume"":39},{""year"":2026,""month"":5,""searchVolume"":39},{""year"":2026,""month"":4,""searchVolume"":49},{""year"":2026,""month"":3,""searchVolume"":69},{""year"":2026,""month"":2,""searchVolume"":69},{""year"":2026,""month"":1,""searchVolume"":69},{""year"":2025,""month"":12,""searchVolume"":39},{""year"":2025,""month"":11,""searchVolume"":30},{""year"":2025,""month"":10,""searchVolume"":49},{""year"":2025,""month"":9,""searchVolume"":138},{""year"":2025,""month"":8,""searchVolume"":39},{""year"":2025,""month"":7,""searchVolume"":15},{""year"":2025,""month"":6,""searchVolume"":20},{""year"":2025,""month"":5,""searchVolume"":35},{""year"":2025,""month"":4,""searchVolume"":45},{""year"":2025,""month"":3,""searchVolume"":45},{""year"":2025,""month"":2,""searchVolume"":35},{""year"":2025,""month"":1,""searchVolume"":69},{""year"":2024,""month"":12,""searchVolume"":40},{""year"":2024,""month"":11,""searchVolume"":70},{""year"":2024,""month"":10,""searchVolume"":90},{""year"":2024,""month"":9,""searchVolume"":50},{""year"":2024,""month"":8,""searchVolume"":70}]"
construction services companies,2124,en,23,0,,commercial,"[{""year"":2026,""month"":6,""searchVolume"":130},{""year"":2026,""month"":5,""searchVolume"":70},{""year"":2026,""month"":4,""searchVolume"":17},{""year"":2026,""month"":3,""searchVolume"":7},{""year"":2026,""month"":2,""searchVolume"":13},{""year"":2026,""month"":1,""searchVolume"":10},{""year"":2025,""month"":12,""searchVolume"":10},{""year"":2025,""month"":11,""searchVolume"":7},{""year"":2025,""month"":10,""searchVolume"":3},{""year"":2025,""month"":9,""searchVolume"":3},{""year"":2025,""month"":8,""searchVolume"":7},{""year"":2025,""month"":7,""searchVolume"":3},{""year"":2025,""month"":6,""searchVolume"":7},{""year"":2025,""month"":5,""searchVolume"":7},{""year"":2025,""month"":4,""searchVolume"":7},{""year"":2025,""month"":3,""searchVolume"":7},{""year"":2025,""month"":2,""searchVolume"":5},{""year"":2025,""month"":1,""searchVolume"":3}]"
construction business cards,2124,en,81,0,0.92,informational,"[{""year"":2026,""month"":6,""searchVolume"":81},{""year"":2026,""month"":5,""searchVolume"":66},{""year"":2026,""month"":4,""searchVolume"":123},{""year"":2026,""month"":3,""searchVolume"":159},{""year"":2026,""month"":2,""searchVolume"":148},{""year"":2026,""month"":1,""searchVolume"":148},{""year"":2025,""month"":12,""searchVolume"":120},{""year"":2025,""month"":11,""searchVolume"":58},{""year"":2025,""month"":10,""searchVolume"":103},{""year"":2025,""month"":9,""searchVolume"":156},{""year"":2025,""month"":8,""searchVolume"":103},{""year"":2025,""month"":7,""searchVolume"":156},{""year"":2025,""month"":6,""searchVolume"":142},{""year"":2025,""month"":5,""searchVolume"":142},{""year"":2025,""month"":4,""searchVolume"":173},{""year"":2025,""month"":3,""searchVolume"":196},{""year"":2025,""month"":2,""searchVolume"":114},{""year"":2025,""month"":1,""searchVolume"":277},{""year"":2024,""month"":12,""searchVolume"":60},{""year"":2024,""month"":11,""searchVolume"":160},{""year"":2024,""month"":10,""searchVolume"":160},{""year"":2024,""month"":9,""searchVolume"":195},{""year"":2024,""month"":8,""searchVolume"":195},{""year"":2024,""month"":7,""searchVolume"":177},{""year"":2024,""month"":6,""searchVolume"":176},{""year"":2024,""month"":5,""searchVolume"":176},{""year"":2024,""month"":4,""searchVolume"":59},{""year"":2024,""month"":3,""searchVolume"":73},{""year"":2024,""month"":2,""searchVolume"":73},{""year"":2024,""month"":1,""searchVolume"":59},{""year"":2023,""month"":12,""searchVolume"":39},{""year"":2023,""month"":11,""searchVolume"":60},{""year"":2023,""month"":10,""searchVolume"":78},{""year"":2023,""month"":9,""searchVolume"":78},{""year"":2023,""month"":8,""searchVolume"":96},{""year"":2023,""month"":7,""searchVolume"":64}]"
companies office winnipeg,2124,en,87,22,5.96,navigational,"[{""year"":2026,""month"":6,""searchVolume"":87},{""year"":2026,""month"":5,""searchVolume"":87},{""year"":2026,""month"":4,""searchVolume"":87},{""year"":2026,""month"":3,""searchVolume"":87},{""year"":2026,""month"":2,""searchVolume"":87},{""year"":2026,""month"":1,""searchVolume"":107},{""year"":2025,""month"":12,""searchVolume"":70},{""year"":2025,""month"":11,""searchVolume"":87},{""year"":2025,""month"":10,""searchVolume"":87},{""year"":2025,""month"":9,""searchVolume"":70},{""year"":2025,""month"":8,""searchVolume"":70},{""year"":2025,""month"":7,""searchVolume"":87},{""year"":2025,""month"":6,""searchVolume"":87},{""year"":2025,""month"":5,""searchVolume"":87},{""year"":2025,""month"":4,""searchVolume"":87},{""year"":2025,""month"":3,""searchVolume"":87},{""year"":2025,""month"":2,""searchVolume"":87},{""year"":2025,""month"":1,""searchVolume"":107},{""year"":2024,""month"":12,""searchVolume"":0},{""year"":2024,""month"":11,""searchVolume"":0},{""year"":2024,""month"":10,""searchVolume"":0},{""year"":2024,""month"":9,""searchVolume"":0},{""year"":2024,""month"":8,""searchVolume"":0},{""year"":2024,""month"":7,""searchVolume"":0},{""year"":2024,""month"":6,""searchVolume"":0},{""year"":2024,""month"":5,""searchVolume"":0},{""year"":2024,""month"":4,""searchVolume"":0},{""year"":2024,""month"":3,""searchVolume"":0},{""year"":2024,""month"":2,""searchVolume"":0},{""year"":2024,""month"":1,""searchVolume"":0},{""year"":2023,""month"":12,""searchVolume"":0},{""year"":2023,""month"":11,""searchVolume"":0},{""year"":2023,""month"":10,""searchVolume"":0},{""year"":2023,""month"":9,""searchVolume"":0},{""year"":2023,""month"":8,""searchVolume"":0},{""year"":2023,""month"":7,""searchVolume"":0}]"
construction project companies,2124,en,10,,,commercial,"[{""year"":2026,""month"":7,""searchVolume"":10},{""year"":2026,""month"":6,""searchVolume"":10},{""year"":2026,""month"":5,""searchVolume"":10},{""year"":2026,""month"":4,""searchVolume"":10},{""year"":2026,""month"":3,""searchVolume"":10},{""year"":2026,""month"":2,""searchVolume"":10},{""year"":2026,""month"":1,""searchVolume"":10},{""year"":2025,""month"":12,""searchVolume"":10},{""year"":2025,""month"":11,""searchVolume"":10},{""year"":2025,""month"":10,""searchVolume"":10},{""year"":2025,""month"":9,""searchVolume"":20},{""year"":2025,""month"":8,""searchVolume"":10}]"
construction project management companies in dubai,2124,en,10,,,commercial,"[{""year"":2026,""month"":7,""searchVolume"":0},{""year"":2026,""month"":6,""searchVolume"":0},{""year"":2026,""month"":5,""searchVolume"":0},{""year"":2026,""month"":4,""searchVolume"":10},{""year"":2026,""month"":3,""searchVolume"":0},{""year"":2026,""month"":2,""searchVolume"":0},{""year"":2026,""month"":1,""searchVolume"":0},{""year"":2025,""month"":12,""searchVolume"":0},{""year"":2025,""month"":11,""searchVolume"":0},{""year"":2025,""month"":10,""searchVolume"":0},{""year"":2025,""month"":9,""searchVolume"":0},{""year"":2025,""month"":8,""searchVolume"":0}]"
construction tenders,2124,en,77,28,8.77,commercial,"[{""year"":2026,""month"":6,""searchVolume"":64},{""year"":2026,""month"":5,""searchVolume"":50},{""year"":2026,""month"":4,""searchVolume"":4},{""year"":2026,""month"":3,""searchVolume"":5},{""year"":2026,""month"":2,""searchVolume"":4},{""year"":2026,""month"":1,""searchVolume"":3},{""year"":2025,""month"":12,""searchVolume"":3},{""year"":2025,""month"":11,""searchVolume"":21},{""year"":2025,""month"":10,""searchVolume"":21},{""year"":2025,""month"":9,""searchVolume"":60},{""year"":2025,""month"":8,""searchVolume"":14},{""year"":2025,""month"":7,""searchVolume"":16},{""year"":2025,""month"":6,""searchVolume"":4},{""year"":2025,""month"":5,""searchVolume"":5},{""year"":2025,""month"":4,""searchVolume"":5},{""year"":2025,""month"":3,""searchVolume"":4},{""year"":2025,""month"":2,""searchVolume"":2},{""year"":2025,""month"":1,""searchVolume"":35},{""year"":2024,""month"":12,""searchVolume"":0},{""year"":2024,""month"":11,""searchVolume"":0},{""year"":2024,""month"":10,""searchVolume"":0},{""year"":2024,""month"":9,""searchVolume"":0},{""year"":2024,""month"":8,""searchVolume"":0},{""year"":2024,""month"":7,""searchVolume"":0},{""year"":2024,""month"":6,""searchVolume"":0},{""year"":2024,""month"":5,""searchVolume"":0},{""year"":2024,""month"":4,""searchVolume"":0},{""year"":2024,""month"":3,""searchVolume"":0},{""year"":2024,""month"":2,""searchVolume"":0},{""year"":2024,""month"":1,""searchVolume"":0},{""year"":2023,""month"":12,""searchVolume"":0},{""year"":2023,""month"":11,""searchVolume"":0},{""year"":2023,""month"":10,""searchVolume"":0},{""year"":2023,""month"":9,""searchVolume"":0},{""year"":2023,""month"":8,""searchVolume"":0},{""year"":2023,""month"":7,""searchVolume"":0}]"
construction management plan,2124,en,23,0,3.53,informational,"[{""year"":2026,""month"":6,""searchVolume"":30},{""year"":2026,""month"":5,""searchVolume"":17},{""year"":2026,""month"":4,""searchVolume"":23},{""year"":2026,""month"":3,""searchVolume"":23},{""year"":2026,""month"":2,""searchVolume"":13},{""year"":2026,""month"":1,""searchVolume"":17},{""year"":2025,""month"":12,""searchVolume"":17},{""year"":2025,""month"":11,""searchVolume"":17},{""year"":2025,""month"":10,""searchVolume"":68},{""year"":2025,""month"":9,""searchVolume"":69},{""year"":2025,""month"":8,""searchVolume"":69},{""year"":2025,""month"":7,""searchVolume"":49},{""year"":2025,""month"":6,""searchVolume"":49},{""year"":2025,""month"":5,""searchVolume"":69},{""year"":2025,""month"":4,""searchVolume"":49},{""year"":2025,""month"":3,""searchVolume"":69},{""year"":2025,""month"":2,""searchVolume"":89},{""year"":2025,""month"":1,""searchVolume"":30},{""year"":2024,""month"":12,""searchVolume"":70},{""year"":2024,""month"":11,""searchVolume"":70},{""year"":2024,""month"":10,""searchVolume"":110},{""year"":2024,""month"":9,""searchVolume"":70},{""year"":2024,""month"":8,""searchVolume"":90},{""year"":2024,""month"":7,""searchVolume"":70},{""year"":2024,""month"":6,""searchVolume"":70},{""year"":2024,""month"":5,""searchVolume"":90},{""year"":2024,""month"":4,""searchVolume"":90},{""year"":2024,""month"":3,""searchVolume"":70},{""year"":2024,""month"":2,""searchVolume"":110},{""year"":2024,""month"":1,""searchVolume"":90},{""year"":2023,""month"":12,""searchVolume"":30},{""year"":2023,""month"":11,""searchVolume"":70},{""year"":2023,""month"":10,""searchVolume"":90},{""year"":2023,""month"":9,""searchVolume"":50},{""year"":2023,""month"":8,""searchVolume"":50},{""year"":2023,""month"":7,""searchVolume"":50}]"
commercial construction contractor,2124,en,65,1,9.78,commercial,"[{""year"":2026,""month"":6,""searchVolume"":52},{""year"":2026,""month"":5,""searchVolume"":78},{""year"":2026,""month"":4,""searchVolume"":11},{""year"":2026,""month"":3,""searchVolume"":16},{""year"":2026,""month"":2,""searchVolume"":11},{""year"":2026,""month"":1,""searchVolume"":9},{""year"":2025,""month"":12,""searchVolume"":7},{""year"":2025,""month"":11,""searchVolume"":9},{""year"":2025,""month"":10,""searchVolume"":13},{""year"":2025,""month"":9,""searchVolume"":27},{""year"":2025,""month"":8,""searchVolume"":11},{""year"":2025,""month"":7,""searchVolume"":11},{""year"":2025,""month"":6,""searchVolume"":11},{""year"":2025,""month"":5,""searchVolume"":16},{""year"":2025,""month"":4,""searchVolume"":167},{""year"":2025,""month"":3,""searchVolume"":167},{""year"":2025,""month"":2,""searchVolume"":147},{""year"":2025,""month"":1,""searchVolume"":17},{""year"":2024,""month"":12,""searchVolume"":0},{""year"":2024,""month"":11,""searchVolume"":0},{""year"":2024,""month"":10,""searchVolume"":0},{""year"":2024,""month"":9,""searchVolume"":0},{""year"":2024,""month"":8,""searchVolume"":0},{""year"":2024,""month"":7,""searchVolume"":0},{""year"":2024,""month"":6,""searchVolume"":0},{""year"":2024,""month"":5,""searchVolume"":0},{""year"":2024,""month"":4,""searchVolume"":0},{""year"":2024,""month"":3,""searchVolume"":0},{""year"":2024,""month"":2,""searchVolume"":0},{""year"":2024,""month"":1,""searchVolume"":0},{""year"":2023,""month"":12,""searchVolume"":0},{""year"":2023,""month"":11,""searchVolume"":0},{""year"":2023,""month"":10,""searchVolume"":0},{""year"":2023,""month"":9,""searchVolume"":0},{""year"":2023,""month"":8,""searchVolume"":0},{""year"":2023,""month"":7,""searchVolume"":0}]"
civil companies,2124,en,37,26,,navigational,"[{""year"":2026,""month"":6,""searchVolume"":27},{""year"":2026,""month"":5,""searchVolume"":27},{""year"":2026,""month"":4,""searchVolume"":37},{""year"":2026,""month"":3,""searchVolume"":46},{""year"":2026,""month"":2,""searchVolume"":8},{""year"":2026,""month"":1,""searchVolume"":12},{""year"":2025,""month"":12,""searchVolume"":18},{""year"":2025,""month"":11,""searchVolume"":12},{""year"":2025,""month"":10,""searchVolume"":8},{""year"":2025,""month"":9,""searchVolume"":18},{""year"":2025,""month"":8,""searchVolume"":18},{""year"":2025,""month"":7,""searchVolume"":8},{""year"":2025,""month"":6,""searchVolume"":12},{""year"":2025,""month"":5,""searchVolume"":18},{""year"":2025,""month"":4,""searchVolume"":12},{""year"":2025,""month"":3,""searchVolume"":18},{""year"":2025,""month"":2,""searchVolume"":8},{""year"":2025,""month"":1,""searchVolume"":12}]"
integrated project delivery alliance,2124,en,10,,,informational,"[{""year"":2026,""month"":7,""searchVolume"":20},{""year"":2026,""month"":6,""searchVolume"":10},{""year"":2026,""month"":5,""searchVolume"":10},{""year"":2026,""month"":4,""searchVolume"":10},{""year"":2026,""month"":3,""searchVolume"":10},{""year"":2026,""month"":2,""searchVolume"":10},{""year"":2026,""month"":1,""searchVolume"":10},{""year"":2025,""month"":12,""searchVolume"":30},{""year"":2025,""month"":11,""searchVolume"":20},{""year"":2025,""month"":10,""searchVolume"":10},{""year"":2025,""month"":9,""searchVolume"":10},{""year"":2025,""month"":8,""searchVolume"":10}]"
construction consultants,2124,en,155,0,4.64,commercial,"[{""year"":2026,""month"":6,""searchVolume"":104},{""year"":2026,""month"":5,""searchVolume"":245},{""year"":2026,""month"":4,""searchVolume"":57},{""year"":2026,""month"":3,""searchVolume"":70},{""year"":2026,""month"":2,""searchVolume"":57},{""year"":2026,""month"":1,""searchVolume"":70},{""year"":2025,""month"":12,""searchVolume"":37},{""year"":2025,""month"":11,""searchVolume"":57},{""year"":2025,""month"":10,""searchVolume"":5},{""year"":2025,""month"":9,""searchVolume"":5},{""year"":2025,""month"":8,""searchVolume"":2},{""year"":2025,""month"":7,""searchVolume"":2},{""year"":2025,""month"":6,""searchVolume"":3},{""year"":2025,""month"":5,""searchVolume"":4},{""year"":2025,""month"":4,""searchVolume"":6},{""year"":2025,""month"":3,""searchVolume"":6},{""year"":2025,""month"":2,""searchVolume"":4},{""year"":2025,""month"":1,""searchVolume"":87},{""year"":2024,""month"":12,""searchVolume"":0},{""year"":2024,""month"":11,""searchVolume"":0},{""year"":2024,""month"":10,""searchVolume"":0},{""year"":2024,""month"":9,""searchVolume"":0},{""year"":2024,""month"":8,""searchVolume"":0},{""year"":2024,""month"":7,""searchVolume"":0},{""year"":2024,""month"":6,""searchVolume"":0},{""year"":2024,""month"":5,""searchVolume"":0},{""year"":2024,""month"":4,""searchVolume"":0},{""year"":2024,""month"":3,""searchVolume"":0},{""year"":2024,""month"":2,""searchVolume"":0},{""year"":2024,""month"":1,""searchVolume"":0},{""year"":2023,""month"":12,""searchVolume"":0},{""year"":2023,""month"":11,""searchVolume"":0},{""year"":2023,""month"":10,""searchVolume"":43},{""year"":2023,""month"":9,""searchVolume"":35},{""year"":2023,""month"":8,""searchVolume"":53},{""year"":2023,""month"":7,""searchVolume"":43}]"
project management companies toronto,2124,en,10,20,,commercial,"[{""year"":2026,""month"":6,""searchVolume"":5},{""year"":2026,""month"":5,""searchVolume"":15},{""year"":2026,""month"":4,""searchVolume"":5},{""year"":2026,""month"":3,""searchVolume"":10},{""year"":2026,""month"":2,""searchVolume"":10},{""year"":2026,""month"":1,""searchVolume"":5},{""year"":2025,""month"":12,""searchVolume"":5},{""year"":2025,""month"":11,""searchVolume"":10},{""year"":2025,""month"":10,""searchVolume"":10},{""year"":2025,""month"":9,""searchVolume"":5},{""year"":2025,""month"":8,""searchVolume"":20},{""year"":2025,""month"":7,""searchVolume"":20},{""year"":2025,""month"":6,""searchVolume"":10},{""year"":2025,""month"":5,""searchVolume"":15},{""year"":2025,""month"":4,""searchVolume"":20},{""year"":2025,""month"":3,""searchVolume"":20},{""year"":2025,""month"":2,""searchVolume"":10},{""year"":2025,""month"":1,""searchVolume"":20},{""year"":2024,""month"":12,""searchVolume"":0},{""year"":2024,""month"":11,""searchVolume"":0},{""year"":2024,""month"":10,""searchVolume"":0},{""year"":2024,""month"":9,""searchVolume"":0},{""year"":2024,""month"":8,""searchVolume"":0},{""year"":2024,""month"":7,""searchVolume"":0},{""year"":2024,""month"":6,""searchVolume"":0},{""year"":2024,""month"":5,""searchVolume"":0},{""year"":2024,""month"":4,""searchVolume"":0},{""year"":2024,""month"":3,""searchVolume"":0},{""year"":2024,""month"":2,""searchVolume"":0},{""year"":2024,""month"":1,""searchVolume"":0},{""year"":2023,""month"":12,""searchVolume"":0},{""year"":2023,""month"":11,""searchVolume"":0},{""year"":2023,""month"":10,""searchVolume"":0},{""year"":2023,""month"":9,""searchVolume"":0},{""year"":2023,""month"":8,""searchVolume"":0},{""year"":2023,""month"":7,""searchVolume"":0}]"
construction pbm,2124,en,70,0,,navigational,"[{""year"":2026,""month"":7,""searchVolume"":50},{""year"":2026,""month"":6,""searchVolume"":70},{""year"":2026,""month"":5,""searchVolume"":70},{""year"":2026,""month"":4,""searchVolume"":70},{""year"":2026,""month"":3,""searchVolume"":90},{""year"":2026,""month"":2,""searchVolume"":90},{""year"":2026,""month"":1,""searchVolume"":70},{""year"":2025,""month"":12,""searchVolume"":40},{""year"":2025,""month"":11,""searchVolume"":70},{""year"":2025,""month"":10,""searchVolume"":140},{""year"":2025,""month"":9,""searchVolume"":70},{""year"":2025,""month"":8,""searchVolume"":70}]"
construction offices,2124,en,107,8,7.03,navigational,"[{""year"":2026,""month"":6,""searchVolume"":107},{""year"":2026,""month"":5,""searchVolume"":107},{""year"":2026,""month"":4,""searchVolume"":204},{""year"":2026,""month"":3,""searchVolume"":107},{""year"":2026,""month"":2,""searchVolume"":107},{""year"":2026,""month"":1,""searchVolume"":136},{""year"":2025,""month"":12,""searchVolume"":107},{""year"":2025,""month"":11,""searchVolume"":107},{""year"":2025,""month"":10,""searchVolume"":107},{""year"":2025,""month"":9,""searchVolume"":35},{""year"":2025,""month"":8,""searchVolume"":45},{""year"":2025,""month"":7,""searchVolume"":55},{""year"":2025,""month"":6,""searchVolume"":55},{""year"":2025,""month"":5,""searchVolume"":70},{""year"":2025,""month"":4,""searchVolume"":70},{""year"":2025,""month"":3,""searchVolume"":70},{""year"":2025,""month"":2,""searchVolume"":55},{""year"":2025,""month"":1,""searchVolume"":107},{""year"":2024,""month"":12,""searchVolume"":70},{""year"":2024,""month"":11,""searchVolume"":110}]"
construction erp,2124,en,61,7,25.85,navigational,"[{""year"":2026,""month"":6,""searchVolume"":43},{""year"":2026,""month"":5,""searchVolume"":78},{""year"":2026,""month"":4,""searchVolume"":78},{""year"":2026,""month"":3,""searchVolume"":78},{""year"":2026,""month"":2,""searchVolume"":78},{""year"":2026,""month"":1,""searchVolume"":61},{""year"":2025,""month"":12,""searchVolume"":43},{""year"":2025,""month"":11,""searchVolume"":7},{""year"":2025,""month"":10,""searchVolume"":7},{""year"":2025,""month"":9,""searchVolume"":7},{""year"":2025,""month"":8,""searchVolume"":5},{""year"":2025,""month"":7,""searchVolume"":8},{""year"":2025,""month"":6,""searchVolume"":7},{""year"":2025,""month"":5,""searchVolume"":12},{""year"":2025,""month"":4,""searchVolume"":7},{""year"":2025,""month"":3,""searchVolume"":12},{""year"":2025,""month"":2,""searchVolume"":8},{""year"":2025,""month"":1,""searchVolume"":62}]"
project management plan for construction,2124,en,10,,,informational,"[{""year"":2026,""month"":7,""searchVolume"":10},{""year"":2026,""month"":6,""searchVolume"":10},{""year"":2026,""month"":5,""searchVolume"":10},{""year"":2026,""month"":4,""searchVolume"":10},{""year"":2026,""month"":3,""searchVolume"":10},{""year"":2026,""month"":2,""searchVolume"":10},{""year"":2026,""month"":1,""searchVolume"":10},{""year"":2025,""month"":12,""searchVolume"":10},{""year"":2025,""month"":11,""searchVolume"":20},{""year"":2025,""month"":10,""searchVolume"":10},{""year"":2025,""month"":9,""searchVolume"":10},{""year"":2025,""month"":8,""searchVolume"":10}]"
how to start a construction company,2124,en,144,0,,informational,"[{""year"":2026,""month"":6,""searchVolume"":76},{""year"":2026,""month"":5,""searchVolume"":93},{""year"":2026,""month"":4,""searchVolume"":118},{""year"":2026,""month"":3,""searchVolume"":80},{""year"":2026,""month"":2,""searchVolume"":20},{""year"":2026,""month"":1,""searchVolume"":25},{""year"":2025,""month"":12,""searchVolume"":2},{""year"":2025,""month"":11,""searchVolume"":3},{""year"":2025,""month"":10,""searchVolume"":3},{""year"":2025,""month"":9,""searchVolume"":3},{""year"":2025,""month"":8,""searchVolume"":3},{""year"":2025,""month"":7,""searchVolume"":73},{""year"":2025,""month"":6,""searchVolume"":73},{""year"":2025,""month"":5,""searchVolume"":111},{""year"":2025,""month"":4,""searchVolume"":111},{""year"":2025,""month"":3,""searchVolume"":137},{""year"":2025,""month"":2,""searchVolume"":93},{""year"":2025,""month"":1,""searchVolume"":22},{""year"":2024,""month"":12,""searchVolume"":0},{""year"":2024,""month"":11,""searchVolume"":0},{""year"":2024,""month"":10,""searchVolume"":0},{""year"":2024,""month"":9,""searchVolume"":0},{""year"":2024,""month"":8,""searchVolume"":0},{""year"":2024,""month"":7,""searchVolume"":160},{""year"":2024,""month"":6,""searchVolume"":130},{""year"":2024,""month"":5,""searchVolume"":195},{""year"":2024,""month"":4,""searchVolume"":320},{""year"":2024,""month"":3,""searchVolume"":320},{""year"":2024,""month"":2,""searchVolume"":260},{""year"":2024,""month"":1,""searchVolume"":320},{""year"":2023,""month"":12,""searchVolume"":260},{""year"":2023,""month"":11,""searchVolume"":210}]"
building construction companies,2124,en,7,7,,commercial,"[{""year"":2026,""month"":6,""searchVolume"":3},{""year"":2026,""month"":5,""searchVolume"":10},{""year"":2026,""month"":4,""searchVolume"":7},{""year"":2026,""month"":3,""searchVolume"":13},{""year"":2026,""month"":2,""searchVolume"":6},{""year"":2026,""month"":1,""searchVolume"":3},{""year"":2025,""month"":12,""searchVolume"":3},{""year"":2025,""month"":11,""searchVolume"":1},{""year"":2025,""month"":10,""searchVolume"":10},{""year"":2025,""month"":9,""searchVolume"":30},{""year"":2025,""month"":8,""searchVolume"":4},{""year"":2025,""month"":7,""searchVolume"":6},{""year"":2025,""month"":6,""searchVolume"":6},{""year"":2025,""month"":5,""searchVolume"":8},{""year"":2025,""month"":4,""searchVolume"":6},{""year"":2025,""month"":3,""searchVolume"":6},{""year"":2025,""month"":2,""searchVolume"":10},{""year"":2025,""month"":1,""searchVolume"":13}]"
ebs construction management,2124,en,70,3,,navigational,"[{""year"":2026,""month"":7,""searchVolume"":70},{""year"":2026,""month"":6,""searchVolume"":170},{""year"":2026,""month"":5,""searchVolume"":70},{""year"":2026,""month"":4,""searchVolume"":50},{""year"":2026,""month"":3,""searchVolume"":90},{""year"":2026,""month"":2,""searchVolume"":50},{""year"":2026,""month"":1,""searchVolume"":90},{""year"":2025,""month"":12,""searchVolume"":70},{""year"":2025,""month"":11,""searchVolume"":70},{""year"":2025,""month"":10,""searchVolume"":110},{""year"":2025,""month"":9,""searchVolume"":50},{""year"":2025,""month"":8,""searchVolume"":70}]"
construction and engineering companies,2124,en,8,20,,commercial,"[{""year"":2026,""month"":6,""searchVolume"":8},{""year"":2026,""month"":5,""searchVolume"":14},{""year"":2026,""month"":4,""searchVolume"":14},{""year"":2026,""month"":3,""searchVolume"":22},{""year"":2026,""month"":2,""searchVolume"":2},{""year"":2026,""month"":1,""searchVolume"":2},{""year"":2025,""month"":12,""searchVolume"":2},{""year"":2025,""month"":11,""searchVolume"":3},{""year"":2025,""month"":10,""searchVolume"":2},{""year"":2025,""month"":9,""searchVolume"":8},{""year"":2025,""month"":8,""searchVolume"":4},{""year"":2025,""month"":7,""searchVolume"":8},{""year"":2025,""month"":6,""searchVolume"":3},{""year"":2025,""month"":5,""searchVolume"":6},{""year"":2025,""month"":4,""searchVolume"":35},{""year"":2025,""month"":3,""searchVolume"":25},{""year"":2025,""month"":2,""searchVolume"":9},{""year"":2025,""month"":1,""searchVolume"":6}]"
conestoga project management,2124,en,45,0,,navigational,"[{""year"":2026,""month"":6,""searchVolume"":25},{""year"":2026,""month"":5,""searchVolume"":35},{""year"":2026,""month"":4,""searchVolume"":35},{""year"":2026,""month"":3,""searchVolume"":45},{""year"":2026,""month"":2,""searchVolume"":35},{""year"":2026,""month"":1,""searchVolume"":55},{""year"":2025,""month"":12,""searchVolume"":35},{""year"":2025,""month"":11,""searchVolume"":35},{""year"":2025,""month"":10,""searchVolume"":1},{""year"":2025,""month"":9,""searchVolume"":1},{""year"":2025,""month"":8,""searchVolume"":1},{""year"":2025,""month"":7,""searchVolume"":1},{""year"":2025,""month"":6,""searchVolume"":1},{""year"":2025,""month"":5,""searchVolume"":1},{""year"":2025,""month"":4,""searchVolume"":1},{""year"":2025,""month"":3,""searchVolume"":1},{""year"":2025,""month"":2,""searchVolume"":1},{""year"":2025,""month"":1,""searchVolume"":210},{""year"":2024,""month"":12,""searchVolume"":0},{""year"":2024,""month"":11,""searchVolume"":0},{""year"":2024,""month"":10,""searchVolume"":0},{""year"":2024,""month"":9,""searchVolume"":0},{""year"":2024,""month"":8,""searchVolume"":0},{""year"":2024,""month"":7,""searchVolume"":0},{""year"":2024,""month"":6,""searchVolume"":0},{""year"":2024,""month"":5,""searchVolume"":0},{""year"":2024,""month"":4,""searchVolume"":80},{""year"":2024,""month"":3,""searchVolume"":79},{""year"":2024,""month"":2,""searchVolume"":79},{""year"":2024,""month"":1,""searchVolume"":145},{""year"":2023,""month"":12,""searchVolume"":98},{""year"":2023,""month"":11,""searchVolume"":79},{""year"":2023,""month"":10,""searchVolume"":218},{""year"":2023,""month"":9,""searchVolume"":327},{""year"":2023,""month"":8,""searchVolume"":276},{""year"":2023,""month"":7,""searchVolume"":226}]"
construction crm,2124,en,18,2,35.98,navigational,"[{""year"":2026,""month"":6,""searchVolume"":12},{""year"":2026,""month"":5,""searchVolume"":12},{""year"":2026,""month"":4,""searchVolume"":12},{""year"":2026,""month"":3,""searchVolume"":28},{""year"":2026,""month"":2,""searchVolume"":18},{""year"":2026,""month"":1,""searchVolume"":22},{""year"":2025,""month"":12,""searchVolume"":37},{""year"":2025,""month"":11,""searchVolume"":37},{""year"":2025,""month"":10,""searchVolume"":46},{""year"":2025,""month"":9,""searchVolume"":128},{""year"":2025,""month"":8,""searchVolume"":46},{""year"":2025,""month"":7,""searchVolume"":64},{""year"":2025,""month"":6,""searchVolume"":64},{""year"":2025,""month"":5,""searchVolume"":64},{""year"":2025,""month"":4,""searchVolume"":128},{""year"":2025,""month"":3,""searchVolume"":82},{""year"":2025,""month"":2,""searchVolume"":65},{""year"":2025,""month"":1,""searchVolume"":18},{""year"":2024,""month"":12,""searchVolume"":90},{""year"":2024,""month"":11,""searchVolume"":110},{""year"":2024,""month"":10,""searchVolume"":140},{""year"":2024,""month"":9,""searchVolume"":140},{""year"":2024,""month"":8,""searchVolume"":90},{""year"":2024,""month"":7,""searchVolume"":110},{""year"":2024,""month"":6,""searchVolume"":90},{""year"":2024,""month"":5,""searchVolume"":110}]"
construction development companies,2124,en,15,43,,commercial,"[{""year"":2026,""month"":6,""searchVolume"":10},{""year"":2026,""month"":5,""searchVolume"":10},{""year"":2026,""month"":4,""searchVolume"":10},{""year"":2026,""month"":3,""searchVolume"":10},{""year"":2026,""month"":2,""searchVolume"":5},{""year"":2026,""month"":1,""searchVolume"":10},{""year"":2025,""month"":12,""searchVolume"":10},{""year"":2025,""month"":11,""searchVolume"":15},{""year"":2025,""month"":10,""searchVolume"":25},{""year"":2025,""month"":9,""searchVolume"":55},{""year"":2025,""month"":8,""searchVolume"":10},{""year"":2025,""month"":7,""searchVolume"":15},{""year"":2025,""month"":6,""searchVolume"":8},{""year"":2025,""month"":5,""searchVolume"":20},{""year"":2025,""month"":4,""searchVolume"":14},{""year"":2025,""month"":3,""searchVolume"":22},{""year"":2025,""month"":2,""searchVolume"":14},{""year"":2025,""month"":1,""searchVolume"":14}]"
construction agency,2124,en,76,2,2.31,navigational,"[{""year"":2026,""month"":6,""searchVolume"":59},{""year"":2026,""month"":5,""searchVolume"":76},{""year"":2026,""month"":4,""searchVolume"":93},{""year"":2026,""month"":3,""searchVolume"":93},{""year"":2026,""month"":2,""searchVolume"":59},{""year"":2026,""month"":1,""searchVolume"":76},{""year"":2025,""month"":12,""searchVolume"":42},{""year"":2025,""month"":11,""searchVolume"":76},{""year"":2025,""month"":10,""searchVolume"":59},{""year"":2025,""month"":9,""searchVolume"":177},{""year"":2025,""month"":8,""searchVolume"":76},{""year"":2025,""month"":7,""searchVolume"":76},{""year"":2025,""month"":6,""searchVolume"":16},{""year"":2025,""month"":5,""searchVolume"":16},{""year"":2025,""month"":4,""searchVolume"":24},{""year"":2025,""month"":3,""searchVolume"":24},{""year"":2025,""month"":2,""searchVolume"":16},{""year"":2025,""month"":1,""searchVolume"":181},{""year"":2024,""month"":12,""searchVolume"":90},{""year"":2024,""month"":11,""searchVolume"":140},{""year"":2024,""month"":10,""searchVolume"":140},{""year"":2024,""month"":9,""searchVolume"":110},{""year"":2024,""month"":8,""searchVolume"":170}]"
infrastructure companies,2124,en,68,37,6.98,informational,"[{""year"":2026,""month"":6,""searchVolume"":34},{""year"":2026,""month"":5,""searchVolume"":36},{""year"":2026,""month"":4,""searchVolume"":23},{""year"":2026,""month"":3,""searchVolume"":36},{""year"":2026,""month"":2,""searchVolume"":2},{""year"":2026,""month"":1,""searchVolume"":2},{""year"":2025,""month"":12,""searchVolume"":2},{""year"":2025,""month"":11,""searchVolume"":1},{""year"":2025,""month"":10,""searchVolume"":2},{""year"":2025,""month"":9,""searchVolume"":9},{""year"":2025,""month"":8,""searchVolume"":1},{""year"":2025,""month"":7,""searchVolume"":2},{""year"":2025,""month"":6,""searchVolume"":2},{""year"":2025,""month"":5,""searchVolume"":57},{""year"":2025,""month"":4,""searchVolume"":80},{""year"":2025,""month"":3,""searchVolume"":98},{""year"":2025,""month"":2,""searchVolume"":0},{""year"":2025,""month"":1,""searchVolume"":0},{""year"":2024,""month"":12,""searchVolume"":0},{""year"":2024,""month"":11,""searchVolume"":0},{""year"":2024,""month"":10,""searchVolume"":0},{""year"":2024,""month"":9,""searchVolume"":0},{""year"":2024,""month"":8,""searchVolume"":0},{""year"":2024,""month"":7,""searchVolume"":0},{""year"":2024,""month"":6,""searchVolume"":0},{""year"":2024,""month"":5,""searchVolume"":0},{""year"":2024,""month"":4,""searchVolume"":0},{""year"":2024,""month"":3,""searchVolume"":0},{""year"":2024,""month"":2,""searchVolume"":0},{""year"":2024,""month"":1,""searchVolume"":0},{""year"":2023,""month"":12,""searchVolume"":0},{""year"":2023,""month"":11,""searchVolume"":0},{""year"":2023,""month"":10,""searchVolume"":0},{""year"":2023,""month"":9,""searchVolume"":0},{""year"":2023,""month"":8,""searchVolume"":0},{""year"":2023,""month"":7,""searchVolume"":0}]"
business point construction,2124,en,10,,,informational,"[{""year"":2026,""month"":7,""searchVolume"":10},{""year"":2026,""month"":6,""searchVolume"":10},{""year"":2026,""month"":5,""searchVolume"":10},{""year"":2026,""month"":4,""searchVolume"":10},{""year"":2026,""month"":3,""searchVolume"":10},{""year"":2026,""month"":2,""searchVolume"":20},{""year"":2026,""month"":1,""searchVolume"":20},{""year"":2025,""month"":12,""searchVolume"":30},{""year"":2025,""month"":11,""searchVolume"":0},{""year"":2025,""month"":10,""searchVolume"":0},{""year"":2025,""month"":9,""searchVolume"":0},{""year"":2025,""month"":8,""searchVolume"":0}]"
project management vs construction project management,2124,en,10,0,,informational,"[{""year"":2026,""month"":7,""searchVolume"":10},{""year"":2026,""month"":6,""searchVolume"":10},{""year"":2026,""month"":5,""searchVolume"":0},{""year"":2026,""month"":4,""searchVolume"":10},{""year"":2026,""month"":3,""searchVolume"":10},{""year"":2026,""month"":2,""searchVolume"":0},{""year"":2026,""month"":1,""searchVolume"":0},{""year"":2025,""month"":12,""searchVolume"":0},{""year"":2025,""month"":11,""searchVolume"":0},{""year"":2025,""month"":10,""searchVolume"":0},{""year"":2025,""month"":9,""searchVolume"":0},{""year"":2025,""month"":8,""searchVolume"":0}]"
quickbooks construction,2124,en,44,5,17.8,navigational,"[{""year"":2026,""month"":6,""searchVolume"":36},{""year"":2026,""month"":5,""searchVolume"":10},{""year"":2026,""month"":4,""searchVolume"":24},{""year"":2026,""month"":3,""searchVolume"":43},{""year"":2026,""month"":2,""searchVolume"":32},{""year"":2026,""month"":1,""searchVolume"":46},{""year"":2025,""month"":12,""searchVolume"":22},{""year"":2025,""month"":11,""searchVolume"":37},{""year"":2025,""month"":10,""searchVolume"":32},{""year"":2025,""month"":9,""searchVolume"":46},{""year"":2025,""month"":8,""searchVolume"":26},{""year"":2025,""month"":7,""searchVolume"":32},{""year"":2025,""month"":6,""searchVolume"":32},{""year"":2025,""month"":5,""searchVolume"":66},{""year"":2025,""month"":4,""searchVolume"":66},{""year"":2025,""month"":3,""searchVolume"":85},{""year"":2025,""month"":2,""searchVolume"":63},{""year"":2025,""month"":1,""searchVolume"":59},{""year"":2024,""month"":12,""searchVolume"":46},{""year"":2024,""month"":11,""searchVolume"":46},{""year"":2024,""month"":10,""searchVolume"":60},{""year"":2024,""month"":9,""searchVolume"":46},{""year"":2024,""month"":8,""searchVolume"":46},{""year"":2024,""month"":7,""searchVolume"":33},{""year"":2024,""month"":6,""searchVolume"":70},{""year"":2024,""month"":5,""searchVolume"":50}]"
project outsource,2124,en,90,0,,commercial,"[{""year"":2026,""month"":6,""searchVolume"":43},{""year"":2026,""month"":5,""searchVolume"":67},{""year"":2026,""month"":4,""searchVolume"":86},{""year"":2026,""month"":3,""searchVolume"":133},{""year"":2026,""month"":2,""searchVolume"":86},{""year"":2026,""month"":1,""searchVolume"":105},{""year"":2025,""month"":12,""searchVolume"":65},{""year"":2025,""month"":11,""searchVolume"":84},{""year"":2025,""month"":10,""searchVolume"":84},{""year"":2025,""month"":9,""searchVolume"":102},{""year"":2025,""month"":8,""searchVolume"":82},{""year"":2025,""month"":7,""searchVolume"":192},{""year"":2025,""month"":6,""searchVolume"":2191},{""year"":2025,""month"":5,""searchVolume"":1},{""year"":2025,""month"":4,""searchVolume"":1},{""year"":2025,""month"":3,""searchVolume"":1},{""year"":2025,""month"":2,""searchVolume"":1},{""year"":2025,""month"":1,""searchVolume"":10},{""year"":2024,""month"":12,""searchVolume"":10},{""year"":2024,""month"":11,""searchVolume"":10},{""year"":2024,""month"":10,""searchVolume"":10},{""year"":2024,""month"":9,""searchVolume"":20},{""year"":2024,""month"":8,""searchVolume"":10},{""year"":2024,""month"":7,""searchVolume"":10},{""year"":2024,""month"":6,""searchVolume"":15},{""year"":2024,""month"":5,""searchVolume"":5},{""year"":2024,""month"":4,""searchVolume"":10},{""year"":2024,""month"":3,""searchVolume"":10},{""year"":2024,""month"":2,""searchVolume"":10},{""year"":2024,""month"":1,""searchVolume"":25},{""year"":2023,""month"":12,""searchVolume"":5},{""year"":2023,""month"":11,""searchVolume"":5},{""year"":2023,""month"":10,""searchVolume"":15},{""year"":2023,""month"":9,""searchVolume"":25},{""year"":2023,""month"":8,""searchVolume"":6},{""year"":2023,""month"":7,""searchVolume"":3}]"
construction bidding process,2124,en,10,52,,informational,"[{""year"":2026,""month"":7,""searchVolume"":10},{""year"":2026,""month"":6,""searchVolume"":10},{""year"":2026,""month"":5,""searchVolume"":10},{""year"":2026,""month"":4,""searchVolume"":10},{""year"":2026,""month"":3,""searchVolume"":10},{""year"":2026,""month"":2,""searchVolume"":10},{""year"":2026,""month"":1,""searchVolume"":10},{""year"":2025,""month"":12,""searchVolume"":10},{""year"":2025,""month"":11,""searchVolume"":10},{""year"":2025,""month"":10,""searchVolume"":10},{""year"":2025,""month"":9,""searchVolume"":10},{""year"":2025,""month"":8,""searchVolume"":10}]"
types of contracts in project management,2124,en,10,3,,informational,"[{""year"":2026,""month"":6,""searchVolume"":10},{""year"":2026,""month"":5,""searchVolume"":10},{""year"":2026,""month"":4,""searchVolume"":15},{""year"":2026,""month"":3,""searchVolume"":15},{""year"":2026,""month"":2,""searchVolume"":5},{""year"":2026,""month"":1,""searchVolume"":10},{""year"":2025,""month"":12,""searchVolume"":19},{""year"":2025,""month"":11,""searchVolume"":37},{""year"":2025,""month"":10,""searchVolume"":26},{""year"":2025,""month"":9,""searchVolume"":28},{""year"":2025,""month"":8,""searchVolume"":19},{""year"":2025,""month"":7,""searchVolume"":28},{""year"":2025,""month"":6,""searchVolume"":28},{""year"":2025,""month"":5,""searchVolume"":34},{""year"":2025,""month"":4,""searchVolume"":35},{""year"":2025,""month"":3,""searchVolume"":61},{""year"":2025,""month"":2,""searchVolume"":67},{""year"":2025,""month"":1,""searchVolume"":35},{""year"":2024,""month"":12,""searchVolume"":40},{""year"":2024,""month"":11,""searchVolume"":50},{""year"":2024,""month"":10,""searchVolume"":70},{""year"":2024,""month"":9,""searchVolume"":50},{""year"":2024,""month"":8,""searchVolume"":40},{""year"":2024,""month"":7,""searchVolume"":70},{""year"":2024,""month"":6,""searchVolume"":110},{""year"":2024,""month"":5,""searchVolume"":90},{""year"":2024,""month"":4,""searchVolume"":110},{""year"":2024,""month"":3,""searchVolume"":90},{""year"":2024,""month"":2,""searchVolume"":90},{""year"":2024,""month"":1,""searchVolume"":70},{""year"":2023,""month"":12,""searchVolume"":50},{""year"":2023,""month"":11,""searchVolume"":110},{""year"":2023,""month"":10,""searchVolume"":82},{""year"":2023,""month"":9,""searchVolume"":37},{""year"":2023,""month"":8,""searchVolume"":37},{""year"":2023,""month"":7,""searchVolume"":67}]"
external dependency in project management,2124,en,10,,,informational,"[{""year"":2026,""month"":6,""searchVolume"":10},{""year"":2026,""month"":5,""searchVolume"":10},{""year"":2026,""month"":4,""searchVolume"":10},{""year"":2026,""month"":3,""searchVolume"":10},{""year"":2026,""month"":2,""searchVolume"":10},{""year"":2026,""month"":1,""searchVolume"":10},{""year"":2025,""month"":12,""searchVolume"":10},{""year"":2025,""month"":11,""searchVolume"":10},{""year"":2025,""month"":10,""searchVolume"":10},{""year"":2025,""month"":9,""searchVolume"":10},{""year"":2025,""month"":8,""searchVolume"":10},{""year"":2025,""month"":7,""searchVolume"":10}]"
ici construction industry,2124,en,10,40,,navigational,"[{""year"":2026,""month"":6,""searchVolume"":20},{""year"":2026,""month"":5,""searchVolume"":20},{""year"":2026,""month"":4,""searchVolume"":20},{""year"":2026,""month"":3,""searchVolume"":10},{""year"":2026,""month"":2,""searchVolume"":10},{""year"":2026,""month"":1,""searchVolume"":10},{""year"":2025,""month"":12,""searchVolume"":10},{""year"":2025,""month"":11,""searchVolume"":10},{""year"":2025,""month"":10,""searchVolume"":10},{""year"":2025,""month"":9,""searchVolume"":10},{""year"":2025,""month"":8,""searchVolume"":10},{""year"":2025,""month"":7,""searchVolume"":10}]"
engineering and construction companies,2124,en,8,31,2.42,commercial,"[{""year"":2026,""month"":6,""searchVolume"":8},{""year"":2026,""month"":5,""searchVolume"":14},{""year"":2026,""month"":4,""searchVolume"":14},{""year"":2026,""month"":3,""searchVolume"":22},{""year"":2026,""month"":2,""searchVolume"":2},{""year"":2026,""month"":1,""searchVolume"":2},{""year"":2025,""month"":12,""searchVolume"":2},{""year"":2025,""month"":11,""searchVolume"":3},{""year"":2025,""month"":10,""searchVolume"":2},{""year"":2025,""month"":9,""searchVolume"":8},{""year"":2025,""month"":8,""searchVolume"":4},{""year"":2025,""month"":7,""searchVolume"":8},{""year"":2025,""month"":6,""searchVolume"":3},{""year"":2025,""month"":5,""searchVolume"":6},{""year"":2025,""month"":4,""searchVolume"":6},{""year"":2025,""month"":3,""searchVolume"":4},{""year"":2025,""month"":2,""searchVolume"":9},{""year"":2025,""month"":1,""searchVolume"":6}]"
best management practices for construction activities,2124,en,10,,,informational,"[{""year"":2026,""month"":7,""searchVolume"":0},{""year"":2026,""month"":6,""searchVolume"":0},{""year"":2026,""month"":5,""searchVolume"":0},{""year"":2026,""month"":4,""searchVolume"":0},{""year"":2026,""month"":3,""searchVolume"":0},{""year"":2026,""month"":2,""searchVolume"":0},{""year"":2026,""month"":1,""searchVolume"":0},{""year"":2025,""month"":12,""searchVolume"":0},{""year"":2025,""month"":11,""searchVolume"":0},{""year"":2025,""month"":10,""searchVolume"":0},{""year"":2025,""month"":9,""searchVolume"":10},{""year"":2025,""month"":8,""searchVolume"":0}]"
construction business ideas,2124,en,10,38,,commercial,"[{""year"":2026,""month"":6,""searchVolume"":10},{""year"":2026,""month"":5,""searchVolume"":10},{""year"":2026,""month"":4,""searchVolume"":10},{""year"":2026,""month"":3,""searchVolume"":10},{""year"":2026,""month"":2,""searchVolume"":10},{""year"":2026,""month"":1,""searchVolume"":15},{""year"":2025,""month"":12,""searchVolume"":10},{""year"":2025,""month"":11,""searchVolume"":5},{""year"":2025,""month"":10,""searchVolume"":10},{""year"":2025,""month"":9,""searchVolume"":10},{""year"":2025,""month"":8,""searchVolume"":10},{""year"":2025,""month"":7,""searchVolume"":10},{""year"":2025,""month"":6,""searchVolume"":12},{""year"":2025,""month"":5,""searchVolume"":25},{""year"":2025,""month"":4,""searchVolume"":35},{""year"":2025,""month"":3,""searchVolume"":12},{""year"":2025,""month"":2,""searchVolume"":5},{""year"":2025,""month"":1,""searchVolume"":10},{""year"":2024,""month"":12,""searchVolume"":40},{""year"":2024,""month"":11,""searchVolume"":30},{""year"":2024,""month"":10,""searchVolume"":40},{""year"":2024,""month"":9,""searchVolume"":20},{""year"":2024,""month"":8,""searchVolume"":50},{""year"":2024,""month"":7,""searchVolume"":40},{""year"":2024,""month"":6,""searchVolume"":50},{""year"":2024,""month"":5,""searchVolume"":30},{""year"":2024,""month"":4,""searchVolume"":40},{""year"":2024,""month"":3,""searchVolume"":70},{""year"":2024,""month"":2,""searchVolume"":70},{""year"":2024,""month"":1,""searchVolume"":50},{""year"":2023,""month"":12,""searchVolume"":50},{""year"":2023,""month"":11,""searchVolume"":30}]"
building envelope companies,2124,en,20,38,5.3,commercial,"[{""year"":2026,""month"":6,""searchVolume"":30},{""year"":2026,""month"":5,""searchVolume"":30},{""year"":2026,""month"":4,""searchVolume"":20},{""year"":2026,""month"":3,""searchVolume"":69},{""year"":2026,""month"":2,""searchVolume"":20},{""year"":2026,""month"":1,""searchVolume"":19},{""year"":2025,""month"":12,""searchVolume"":5},{""year"":2025,""month"":11,""searchVolume"":10},{""year"":2025,""month"":10,""searchVolume"":15},{""year"":2025,""month"":9,""searchVolume"":5},{""year"":2025,""month"":8,""searchVolume"":5},{""year"":2025,""month"":7,""searchVolume"":5},{""year"":2025,""month"":6,""searchVolume"":10},{""year"":2025,""month"":5,""searchVolume"":25},{""year"":2025,""month"":4,""searchVolume"":25},{""year"":2025,""month"":3,""searchVolume"":35},{""year"":2025,""month"":2,""searchVolume"":39},{""year"":2025,""month"":1,""searchVolume"":39},{""year"":2024,""month"":10,""searchVolume"":20},{""year"":2024,""month"":9,""searchVolume"":30},{""year"":2024,""month"":8,""searchVolume"":20},{""year"":2024,""month"":7,""searchVolume"":40},{""year"":2024,""month"":6,""searchVolume"":40},{""year"":2024,""month"":5,""searchVolume"":20},{""year"":2024,""month"":4,""searchVolume"":30},{""year"":2024,""month"":3,""searchVolume"":10},{""year"":2024,""month"":2,""searchVolume"":40},{""year"":2024,""month"":1,""searchVolume"":40},{""year"":2023,""month"":12,""searchVolume"":30},{""year"":2023,""month"":11,""searchVolume"":10},{""year"":2023,""month"":10,""searchVolume"":20},{""year"":2023,""month"":9,""searchVolume"":20},{""year"":2023,""month"":8,""searchVolume"":10},{""year"":2023,""month"":7,""searchVolume"":20}]"
construction project management calgary,2124,en,10,39,1.96,navigational,"[{""year"":2026,""month"":7,""searchVolume"":20},{""year"":2026,""month"":6,""searchVolume"":20},{""year"":2026,""month"":5,""searchVolume"":10},{""year"":2026,""month"":4,""searchVolume"":20},{""year"":2026,""month"":3,""searchVolume"":20},{""year"":2026,""month"":2,""searchVolume"":20},{""year"":2026,""month"":1,""searchVolume"":10},{""year"":2025,""month"":12,""searchVolume"":10},{""year"":2025,""month"":11,""searchVolume"":10},{""year"":2025,""month"":10,""searchVolume"":10},{""year"":2025,""month"":9,""searchVolume"":10},{""year"":2025,""month"":8,""searchVolume"":10}]"
construction productivity,2124,en,40,9,1.6,informational,"[{""year"":2026,""month"":7,""searchVolume"":10},{""year"":2026,""month"":6,""searchVolume"":20},{""year"":2026,""month"":5,""searchVolume"":20},{""year"":2026,""month"":4,""searchVolume"":20},{""year"":2026,""month"":3,""searchVolume"":50},{""year"":2026,""month"":2,""searchVolume"":30},{""year"":2026,""month"":1,""searchVolume"":50},{""year"":2025,""month"":12,""searchVolume"":50},{""year"":2025,""month"":11,""searchVolume"":50},{""year"":2025,""month"":10,""searchVolume"":90},{""year"":2025,""month"":9,""searchVolume"":70},{""year"":2025,""month"":8,""searchVolume"":40}]"
why construction project management,2124,en,10,,,informational,"[{""year"":2026,""month"":7,""searchVolume"":0},{""year"":2026,""month"":6,""searchVolume"":0},{""year"":2026,""month"":5,""searchVolume"":0},{""year"":2026,""month"":4,""searchVolume"":0},{""year"":2026,""month"":3,""searchVolume"":0},{""year"":2026,""month"":2,""searchVolume"":0},{""year"":2026,""month"":1,""searchVolume"":0},{""year"":2025,""month"":12,""searchVolume"":0},{""year"":2025,""month"":11,""searchVolume"":10},{""year"":2025,""month"":10,""searchVolume"":0},{""year"":2025,""month"":9,""searchVolume"":0},{""year"":2025,""month"":8,""searchVolume"":0}]"
construction project management news,2124,en,10,,,informational,"[{""year"":2026,""month"":6,""searchVolume"":0},{""year"":2026,""month"":5,""searchVolume"":0},{""year"":2026,""month"":4,""searchVolume"":0},{""year"":2026,""month"":3,""searchVolume"":0},{""year"":2026,""month"":2,""searchVolume"":0},{""year"":2026,""month"":1,""searchVolume"":10},{""year"":2025,""month"":12,""searchVolume"":0},{""year"":2025,""month"":11,""searchVolume"":0},{""year"":2025,""month"":10,""searchVolume"":10},{""year"":2025,""month"":9,""searchVolume"":0},{""year"":2025,""month"":8,""searchVolume"":0},{""year"":2025,""month"":7,""searchVolume"":0}]"
in construction project management,2124,en,10,12,,informational,"[{""year"":2026,""month"":7,""searchVolume"":10},{""year"":2026,""month"":6,""searchVolume"":0},{""year"":2026,""month"":5,""searchVolume"":10},{""year"":2026,""month"":4,""searchVolume"":0},{""year"":2026,""month"":3,""searchVolume"":10},{""year"":2026,""month"":2,""searchVolume"":0},{""year"":2026,""month"":1,""searchVolume"":0},{""year"":2025,""month"":12,""searchVolume"":0},{""year"":2025,""month"":11,""searchVolume"":0},{""year"":2025,""month"":10,""searchVolume"":0},{""year"":2025,""month"":9,""searchVolume"":0},{""year"":2025,""month"":8,""searchVolume"":10}]"
construction portfolio,2124,en,18,6,7.17,informational,"[{""year"":2026,""month"":6,""searchVolume"":18},{""year"":2026,""month"":5,""searchVolume"":8},{""year"":2026,""month"":4,""searchVolume"":5},{""year"":2026,""month"":3,""searchVolume"":12},{""year"":2026,""month"":2,""searchVolume"":5},{""year"":2026,""month"":1,""searchVolume"":8},{""year"":2025,""month"":12,""searchVolume"":8},{""year"":2025,""month"":11,""searchVolume"":5},{""year"":2025,""month"":10,""searchVolume"":8},{""year"":2025,""month"":9,""searchVolume"":5},{""year"":2025,""month"":8,""searchVolume"":2},{""year"":2025,""month"":7,""searchVolume"":2},{""year"":2025,""month"":6,""searchVolume"":10},{""year"":2025,""month"":5,""searchVolume"":10},{""year"":2025,""month"":4,""searchVolume"":5},{""year"":2025,""month"":3,""searchVolume"":10},{""year"":2025,""month"":2,""searchVolume"":25},{""year"":2025,""month"":1,""searchVolume"":12}]"
construction conference,2124,en,39,,4.23,informational,"[{""year"":2026,""month"":6,""searchVolume"":29},{""year"":2026,""month"":5,""searchVolume"":29},{""year"":2026,""month"":4,""searchVolume"":29},{""year"":2026,""month"":3,""searchVolume"":39},{""year"":2026,""month"":2,""searchVolume"":48},{""year"":2026,""month"":1,""searchVolume"":20},{""year"":2025,""month"":12,""searchVolume"":15},{""year"":2025,""month"":11,""searchVolume"":20},{""year"":2025,""month"":10,""searchVolume"":35},{""year"":2025,""month"":9,""searchVolume"":20},{""year"":2025,""month"":8,""searchVolume"":15},{""year"":2025,""month"":7,""searchVolume"":15},{""year"":2025,""month"":6,""searchVolume"":25},{""year"":2025,""month"":5,""searchVolume"":25},{""year"":2025,""month"":4,""searchVolume"":25},{""year"":2025,""month"":3,""searchVolume"":25},{""year"":2025,""month"":2,""searchVolume"":20},{""year"":2025,""month"":1,""searchVolume"":35}]"
construction project management report,2124,en,10,,9.58,informational,"[{""year"":2026,""month"":6,""searchVolume"":10},{""year"":2026,""month"":5,""searchVolume"":0},{""year"":2026,""month"":4,""searchVolume"":10},{""year"":2026,""month"":3,""searchVolume"":0},{""year"":2026,""month"":2,""searchVolume"":0},{""year"":2026,""month"":1,""searchVolume"":0},{""year"":2025,""month"":12,""searchVolume"":0},{""year"":2025,""month"":11,""searchVolume"":0},{""year"":2025,""month"":10,""searchVolume"":10},{""year"":2025,""month"":9,""searchVolume"":0},{""year"":2025,""month"":8,""searchVolume"":0},{""year"":2025,""month"":7,""searchVolume"":0}]"
construction project management organogram,2124,en,10,,,navigational,"[{""year"":2026,""month"":7,""searchVolume"":0},{""year"":2026,""month"":6,""searchVolume"":0},{""year"":2026,""month"":5,""searchVolume"":0},{""year"":2026,""month"":4,""searchVolume"":0},{""year"":2026,""month"":3,""searchVolume"":0},{""year"":2026,""month"":2,""searchVolume"":0},{""year"":2026,""month"":1,""searchVolume"":0},{""year"":2025,""month"":12,""searchVolume"":0},{""year"":2025,""month"":11,""searchVolume"":0},{""year"":2025,""month"":10,""searchVolume"":0},{""year"":2025,""month"":9,""searchVolume"":10},{""year"":2025,""month"":8,""searchVolume"":0}]"
project management companies in toronto,2124,en,10,20,,commercial,"[{""year"":2026,""month"":6,""searchVolume"":5},{""year"":2026,""month"":5,""searchVolume"":15},{""year"":2026,""month"":4,""searchVolume"":5},{""year"":2026,""month"":3,""searchVolume"":10},{""year"":2026,""month"":2,""searchVolume"":10},{""year"":2026,""month"":1,""searchVolume"":5},{""year"":2025,""month"":12,""searchVolume"":5},{""year"":2025,""month"":11,""searchVolume"":10},{""year"":2025,""month"":10,""searchVolume"":10},{""year"":2025,""month"":9,""searchVolume"":5},{""year"":2025,""month"":8,""searchVolume"":20},{""year"":2025,""month"":7,""searchVolume"":20},{""year"":2025,""month"":6,""searchVolume"":10},{""year"":2025,""month"":5,""searchVolume"":15},{""year"":2025,""month"":4,""searchVolume"":20},{""year"":2025,""month"":3,""searchVolume"":20},{""year"":2025,""month"":2,""searchVolume"":10},{""year"":2025,""month"":1,""searchVolume"":20},{""year"":2024,""month"":12,""searchVolume"":20},{""year"":2024,""month"":11,""searchVolume"":30},{""year"":2024,""month"":10,""searchVolume"":20},{""year"":2024,""month"":9,""searchVolume"":20},{""year"":2024,""month"":8,""searchVolume"":30},{""year"":2024,""month"":7,""searchVolume"":40},{""year"":2024,""month"":6,""searchVolume"":30},{""year"":2024,""month"":5,""searchVolume"":50},{""year"":2024,""month"":4,""searchVolume"":30},{""year"":2024,""month"":3,""searchVolume"":90},{""year"":2024,""month"":2,""searchVolume"":110},{""year"":2024,""month"":1,""searchVolume"":30},{""year"":2023,""month"":12,""searchVolume"":30},{""year"":2023,""month"":11,""searchVolume"":50},{""year"":2023,""month"":10,""searchVolume"":40},{""year"":2023,""month"":9,""searchVolume"":30},{""year"":2023,""month"":8,""searchVolume"":30},{""year"":2023,""month"":7,""searchVolume"":40}]"
construction project management terms,2124,en,10,,,informational,"[{""year"":2026,""month"":7,""searchVolume"":10},{""year"":2026,""month"":6,""searchVolume"":0},{""year"":2026,""month"":5,""searchVolume"":10},{""year"":2026,""month"":4,""searchVolume"":10},{""year"":2026,""month"":3,""searchVolume"":0},{""year"":2026,""month"":2,""searchVolume"":10},{""year"":2026,""month"":1,""searchVolume"":10},{""year"":2025,""month"":12,""searchVolume"":10},{""year"":2025,""month"":11,""searchVolume"":10},{""year"":2025,""month"":10,""searchVolume"":10},{""year"":2025,""month"":9,""searchVolume"":10},{""year"":2025,""month"":8,""searchVolume"":10}]"
construction contract management,2124,en,4,0,17.43,informational,"[{""year"":2026,""month"":6,""searchVolume"":1},{""year"":2026,""month"":5,""searchVolume"":3},{""year"":2026,""month"":4,""searchVolume"":4},{""year"":2026,""month"":3,""searchVolume"":3},{""year"":2026,""month"":2,""searchVolume"":4},{""year"":2026,""month"":1,""searchVolume"":3},{""year"":2025,""month"":12,""searchVolume"":1},{""year"":2025,""month"":11,""searchVolume"":4},{""year"":2025,""month"":10,""searchVolume"":3},{""year"":2025,""month"":9,""searchVolume"":13},{""year"":2025,""month"":8,""searchVolume"":1},{""year"":2025,""month"":7,""searchVolume"":4},{""year"":2025,""month"":6,""searchVolume"":4},{""year"":2025,""month"":5,""searchVolume"":6},{""year"":2025,""month"":4,""searchVolume"":7},{""year"":2025,""month"":3,""searchVolume"":6},{""year"":2025,""month"":2,""searchVolume"":12},{""year"":2025,""month"":1,""searchVolume"":5}]"
construction in project management,2124,en,10,12,,informational,"[{""year"":2026,""month"":7,""searchVolume"":10},{""year"":2026,""month"":6,""searchVolume"":10},{""year"":2026,""month"":5,""searchVolume"":10},{""year"":2026,""month"":4,""searchVolume"":0},{""year"":2026,""month"":3,""searchVolume"":10},{""year"":2026,""month"":2,""searchVolume"":10},{""year"":2026,""month"":1,""searchVolume"":0},{""year"":2025,""month"":12,""searchVolume"":0},{""year"":2025,""month"":11,""searchVolume"":0},{""year"":2025,""month"":10,""searchVolume"":0},{""year"":2025,""month"":9,""searchVolume"":10},{""year"":2025,""month"":8,""searchVolume"":0}]"
construction project management contracts,2124,en,10,,,commercial,"[{""year"":2026,""month"":7,""searchVolume"":0},{""year"":2026,""month"":6,""searchVolume"":10},{""year"":2026,""month"":5,""searchVolume"":10},{""year"":2026,""month"":4,""searchVolume"":10},{""year"":2026,""month"":3,""searchVolume"":0},{""year"":2026,""month"":2,""searchVolume"":0},{""year"":2026,""month"":1,""searchVolume"":10},{""year"":2025,""month"":12,""searchVolume"":0},{""year"":2025,""month"":11,""searchVolume"":10},{""year"":2025,""month"":10,""searchVolume"":10},{""year"":2025,""month"":9,""searchVolume"":10},{""year"":2025,""month"":8,""searchVolume"":10}]"
construction project management articles,2124,en,10,,,informational,"[{""year"":2026,""month"":7,""searchVolume"":10},{""year"":2026,""month"":6,""searchVolume"":0},{""year"":2026,""month"":5,""searchVolume"":10},{""year"":2026,""month"":4,""searchVolume"":0},{""year"":2026,""month"":3,""searchVolume"":0},{""year"":2026,""month"":2,""searchVolume"":0},{""year"":2026,""month"":1,""searchVolume"":10},{""year"":2025,""month"":12,""searchVolume"":10},{""year"":2025,""month"":11,""searchVolume"":10},{""year"":2025,""month"":10,""searchVolume"":10},{""year"":2025,""month"":9,""searchVolume"":10},{""year"":2025,""month"":8,""searchVolume"":10}]"
construction project management workflow,2124,en,10,,,informational,"[{""year"":2026,""month"":7,""searchVolume"":0},{""year"":2026,""month"":6,""searchVolume"":10},{""year"":2026,""month"":5,""searchVolume"":10},{""year"":2026,""month"":4,""searchVolume"":0},{""year"":2026,""month"":3,""searchVolume"":10},{""year"":2026,""month"":2,""searchVolume"":10},{""year"":2026,""month"":1,""searchVolume"":10},{""year"":2025,""month"":12,""searchVolume"":10},{""year"":2025,""month"":11,""searchVolume"":10},{""year"":2025,""month"":10,""searchVolume"":30},{""year"":2025,""month"":9,""searchVolume"":70},{""year"":2025,""month"":8,""searchVolume"":0}]"
construction project management process,2124,en,10,,,informational,"[{""year"":2026,""month"":7,""searchVolume"":10},{""year"":2026,""month"":6,""searchVolume"":10},{""year"":2026,""month"":5,""searchVolume"":10},{""year"":2026,""month"":4,""searchVolume"":10},{""year"":2026,""month"":3,""searchVolume"":10},{""year"":2026,""month"":2,""searchVolume"":10},{""year"":2026,""month"":1,""searchVolume"":10},{""year"":2025,""month"":12,""searchVolume"":20},{""year"":2025,""month"":11,""searchVolume"":10},{""year"":2025,""month"":10,""searchVolume"":10},{""year"":2025,""month"":9,""searchVolume"":10},{""year"":2025,""month"":8,""searchVolume"":10}]"
kpi construction project management,2124,en,10,,,informational,"[{""year"":2026,""month"":7,""searchVolume"":10},{""year"":2026,""month"":6,""searchVolume"":0},{""year"":2026,""month"":5,""searchVolume"":30},{""year"":2026,""month"":4,""searchVolume"":10},{""year"":2026,""month"":3,""searchVolume"":10},{""year"":2026,""month"":2,""searchVolume"":10},{""year"":2026,""month"":1,""searchVolume"":0},{""year"":2025,""month"":12,""searchVolume"":10},{""year"":2025,""month"":11,""searchVolume"":10},{""year"":2025,""month"":10,""searchVolume"":10},{""year"":2025,""month"":9,""searchVolume"":10},{""year"":2025,""month"":8,""searchVolume"":10}]"
construction project management consultancies,2124,en,10,5,,commercial,"[{""year"":2026,""month"":6,""searchVolume"":0},{""year"":2026,""month"":5,""searchVolume"":0},{""year"":2026,""month"":4,""searchVolume"":0},{""year"":2026,""month"":3,""searchVolume"":10},{""year"":2026,""month"":2,""searchVolume"":0},{""year"":2026,""month"":1,""searchVolume"":0},{""year"":2025,""month"":12,""searchVolume"":0},{""year"":2025,""month"":11,""searchVolume"":0},{""year"":2025,""month"":10,""searchVolume"":0},{""year"":2025,""month"":9,""searchVolume"":0},{""year"":2025,""month"":8,""searchVolume"":0},{""year"":2025,""month"":7,""searchVolume"":0}]"
construction project management proposal,2124,en,10,,,informational,"[{""year"":2026,""month"":7,""searchVolume"":10},{""year"":2026,""month"":6,""searchVolume"":10},{""year"":2026,""month"":5,""searchVolume"":10},{""year"":2026,""month"":4,""searchVolume"":10},{""year"":2026,""month"":3,""searchVolume"":10},{""year"":2026,""month"":2,""searchVolume"":10},{""year"":2026,""month"":1,""searchVolume"":10},{""year"":2025,""month"":12,""searchVolume"":10},{""year"":2025,""month"":11,""searchVolume"":10},{""year"":2025,""month"":10,""searchVolume"":10},{""year"":2025,""month"":9,""searchVolume"":10},{""year"":2025,""month"":8,""searchVolume"":10}]"
rics construction project management,2124,en,10,,,navigational,"[{""year"":2026,""month"":7,""searchVolume"":0},{""year"":2026,""month"":6,""searchVolume"":0},{""year"":2026,""month"":5,""searchVolume"":0},{""year"":2026,""month"":4,""searchVolume"":0},{""year"":2026,""month"":3,""searchVolume"":0},{""year"":2026,""month"":2,""searchVolume"":10},{""year"":2026,""month"":1,""searchVolume"":0},{""year"":2025,""month"":12,""searchVolume"":0},{""year"":2025,""month"":11,""searchVolume"":0},{""year"":2025,""month"":10,""searchVolume"":0},{""year"":2025,""month"":9,""searchVolume"":0},{""year"":2025,""month"":8,""searchVolume"":10}]"
construction firms,2124,en,165,15,2.3,commercial,"[{""year"":2026,""month"":6,""searchVolume"":87},{""year"":2026,""month"":5,""searchVolume"":310},{""year"":2026,""month"":4,""searchVolume"":465},{""year"":2026,""month"":3,""searchVolume"":310},{""year"":2026,""month"":2,""searchVolume"":136},{""year"":2026,""month"":1,""searchVolume"":107},{""year"":2025,""month"":12,""searchVolume"":87},{""year"":2025,""month"":11,""searchVolume"":107},{""year"":2025,""month"":10,""searchVolume"":68},{""year"":2025,""month"":9,""searchVolume"":204},{""year"":2025,""month"":8,""searchVolume"":87},{""year"":2025,""month"":7,""searchVolume"":87},{""year"":2025,""month"":6,""searchVolume"":45},{""year"":2025,""month"":5,""searchVolume"":55},{""year"":2025,""month"":4,""searchVolume"":45},{""year"":2025,""month"":3,""searchVolume"":160},{""year"":2025,""month"":2,""searchVolume"":136},{""year"":2025,""month"":1,""searchVolume"":136},{""year"":2024,""month"":12,""searchVolume"":90},{""year"":2024,""month"":11,""searchVolume"":140},{""year"":2024,""month"":10,""searchVolume"":110},{""year"":2024,""month"":9,""searchVolume"":210},{""year"":2024,""month"":8,""searchVolume"":110},{""year"":2024,""month"":7,""searchVolume"":140},{""year"":2024,""month"":6,""searchVolume"":210},{""year"":2024,""month"":5,""searchVolume"":90},{""year"":2024,""month"":4,""searchVolume"":210},{""year"":2024,""month"":3,""searchVolume"":170},{""year"":2024,""month"":2,""searchVolume"":90},{""year"":2024,""month"":1,""searchVolume"":140},{""year"":2023,""month"":12,""searchVolume"":170},{""year"":2023,""month"":11,""searchVolume"":110},{""year"":2023,""month"":10,""searchVolume"":140},{""year"":2023,""month"":9,""searchVolume"":140},{""year"":2023,""month"":8,""searchVolume"":110},{""year"":2023,""month"":7,""searchVolume"":50}]"
bim companies,2124,en,10,,,navigational,"[{""year"":2026,""month"":6,""searchVolume"":7},{""year"":2026,""month"":5,""searchVolume"":3},{""year"":2026,""month"":4,""searchVolume"":7},{""year"":2026,""month"":3,""searchVolume"":23},{""year"":2026,""month"":2,""searchVolume"":7},{""year"":2026,""month"":1,""searchVolume"":10},{""year"":2025,""month"":12,""searchVolume"":10},{""year"":2025,""month"":11,""searchVolume"":10},{""year"":2025,""month"":10,""searchVolume"":7},{""year"":2025,""month"":9,""searchVolume"":7},{""year"":2025,""month"":8,""searchVolume"":3},{""year"":2025,""month"":7,""searchVolume"":7},{""year"":2025,""month"":6,""searchVolume"":7},{""year"":2025,""month"":5,""searchVolume"":15},{""year"":2025,""month"":4,""searchVolume"":10},{""year"":2025,""month"":3,""searchVolume"":10},{""year"":2025,""month"":2,""searchVolume"":7},{""year"":2025,""month"":1,""searchVolume"":10}]"
construction site management companies,2124,en,10,,,commercial,"[{""year"":2026,""month"":6,""searchVolume"":0},{""year"":2026,""month"":5,""searchVolume"":0},{""year"":2026,""month"":4,""searchVolume"":0},{""year"":2026,""month"":3,""searchVolume"":10},{""year"":2026,""month"":2,""searchVolume"":10},{""year"":2026,""month"":1,""searchVolume"":0},{""year"":2025,""month"":12,""searchVolume"":0},{""year"":2025,""month"":11,""searchVolume"":0},{""year"":2025,""month"":10,""searchVolume"":10},{""year"":2025,""month"":9,""searchVolume"":0},{""year"":2025,""month"":8,""searchVolume"":0},{""year"":2025,""month"":7,""searchVolume"":0}]"
construction management versus project management,2124,en,10,0,,informational,"[{""year"":2026,""month"":7,""searchVolume"":10},{""year"":2026,""month"":6,""searchVolume"":0},{""year"":2026,""month"":5,""searchVolume"":0},{""year"":2026,""month"":4,""searchVolume"":0},{""year"":2026,""month"":3,""searchVolume"":10},{""year"":2026,""month"":2,""searchVolume"":10},{""year"":2026,""month"":1,""searchVolume"":10},{""year"":2025,""month"":12,""searchVolume"":10},{""year"":2025,""month"":11,""searchVolume"":0},{""year"":2025,""month"":10,""searchVolume"":10},{""year"":2025,""month"":9,""searchVolume"":0},{""year"":2025,""month"":8,""searchVolume"":10}]"
construction project management tutorial,2124,en,10,,,informational,"[{""year"":2026,""month"":6,""searchVolume"":0},{""year"":2026,""month"":5,""searchVolume"":0},{""year"":2026,""month"":4,""searchVolume"":10},{""year"":2026,""month"":3,""searchVolume"":0},{""year"":2026,""month"":2,""searchVolume"":0},{""year"":2026,""month"":1,""searchVolume"":0},{""year"":2025,""month"":12,""searchVolume"":0},{""year"":2025,""month"":11,""searchVolume"":0},{""year"":2025,""month"":10,""searchVolume"":0},{""year"":2025,""month"":9,""searchVolume"":0},{""year"":2025,""month"":8,""searchVolume"":10},{""year"":2025,""month"":7,""searchVolume"":0}]"
construction project management uk,2124,en,10,,,informational,"[{""year"":2026,""month"":6,""searchVolume"":0},{""year"":2026,""month"":5,""searchVolume"":10},{""year"":2026,""month"":4,""searchVolume"":0},{""year"":2026,""month"":3,""searchVolume"":10},{""year"":2026,""month"":2,""searchVolume"":10},{""year"":2026,""month"":1,""searchVolume"":10},{""year"":2025,""month"":12,""searchVolume"":10},{""year"":2025,""month"":11,""searchVolume"":0},{""year"":2025,""month"":10,""searchVolume"":0},{""year"":2025,""month"":9,""searchVolume"":10},{""year"":2025,""month"":8,""searchVolume"":10},{""year"":2025,""month"":7,""searchVolume"":0}]"
top construction management companies,2124,en,10,,,informational,"[{""year"":2026,""month"":7,""searchVolume"":0},{""year"":2026,""month"":6,""searchVolume"":0},{""year"":2026,""month"":5,""searchVolume"":10},{""year"":2026,""month"":4,""searchVolume"":10},{""year"":2026,""month"":3,""searchVolume"":10},{""year"":2026,""month"":2,""searchVolume"":0},{""year"":2026,""month"":1,""searchVolume"":10},{""year"":2025,""month"":12,""searchVolume"":10},{""year"":2025,""month"":11,""searchVolume"":10},{""year"":2025,""month"":10,""searchVolume"":10},{""year"":2025,""month"":9,""searchVolume"":10},{""year"":2025,""month"":8,""searchVolume"":0}]"
construction risk management companies,2124,en,10,,,commercial,"[{""year"":2026,""month"":7,""searchVolume"":0},{""year"":2026,""month"":6,""searchVolume"":0},{""year"":2026,""month"":5,""searchVolume"":0},{""year"":2026,""month"":4,""searchVolume"":10},{""year"":2026,""month"":3,""searchVolume"":0},{""year"":2026,""month"":2,""searchVolume"":0},{""year"":2026,""month"":1,""searchVolume"":0},{""year"":2025,""month"":12,""searchVolume"":0},{""year"":2025,""month"":11,""searchVolume"":0},{""year"":2025,""month"":10,""searchVolume"":10},{""year"":2025,""month"":9,""searchVolume"":0},{""year"":2025,""month"":8,""searchVolume"":0}]"
construction project management outline,2124,en,10,,,informational,"[{""year"":2026,""month"":6,""searchVolume"":0},{""year"":2026,""month"":5,""searchVolume"":10},{""year"":2026,""month"":4,""searchVolume"":0},{""year"":2026,""month"":3,""searchVolume"":0},{""year"":2026,""month"":2,""searchVolume"":10},{""year"":2026,""month"":1,""searchVolume"":0},{""year"":2025,""month"":12,""searchVolume"":0},{""year"":2025,""month"":11,""searchVolume"":0},{""year"":2025,""month"":10,""searchVolume"":0},{""year"":2025,""month"":9,""searchVolume"":0},{""year"":2025,""month"":8,""searchVolume"":0},{""year"":2025,""month"":7,""searchVolume"":0}]"
construction project management work,2124,en,10,,,informational,"[{""year"":2026,""month"":7,""searchVolume"":0},{""year"":2026,""month"":6,""searchVolume"":10},{""year"":2026,""month"":5,""searchVolume"":0},{""year"":2026,""month"":4,""searchVolume"":0},{""year"":2026,""month"":3,""searchVolume"":0},{""year"":2026,""month"":2,""searchVolume"":0},{""year"":2026,""month"":1,""searchVolume"":10},{""year"":2025,""month"":12,""searchVolume"":0},{""year"":2025,""month"":11,""searchVolume"":10},{""year"":2025,""month"":10,""searchVolume"":10},{""year"":2025,""month"":9,""searchVolume"":0},{""year"":2025,""month"":8,""searchVolume"":10}]"
construction project management usa,2124,en,10,,,commercial,"[{""year"":2026,""month"":7,""searchVolume"":0},{""year"":2026,""month"":6,""searchVolume"":10},{""year"":2026,""month"":5,""searchVolume"":0},{""year"":2026,""month"":4,""searchVolume"":10},{""year"":2026,""month"":3,""searchVolume"":0},{""year"":2026,""month"":2,""searchVolume"":0},{""year"":2026,""month"":1,""searchVolume"":0},{""year"":2025,""month"":12,""searchVolume"":10},{""year"":2025,""month"":11,""searchVolume"":0},{""year"":2025,""month"":10,""searchVolume"":0},{""year"":2025,""month"":9,""searchVolume"":0},{""year"":2025,""month"":8,""searchVolume"":10}]"
construction project management rics,2124,en,10,,,navigational,"[{""year"":2026,""month"":7,""searchVolume"":0},{""year"":2026,""month"":6,""searchVolume"":0},{""year"":2026,""month"":5,""searchVolume"":0},{""year"":2026,""month"":4,""searchVolume"":0},{""year"":2026,""month"":3,""searchVolume"":0},{""year"":2026,""month"":2,""searchVolume"":10},{""year"":2026,""month"":1,""searchVolume"":0},{""year"":2025,""month"":12,""searchVolume"":0},{""year"":2025,""month"":11,""searchVolume"":0},{""year"":2025,""month"":10,""searchVolume"":0},{""year"":2025,""month"":9,""searchVolume"":0},{""year"":2025,""month"":8,""searchVolume"":10}]"
construction project management resources,2124,en,10,,,informational,"[{""year"":2026,""month"":7,""searchVolume"":10},{""year"":2026,""month"":6,""searchVolume"":0},{""year"":2026,""month"":5,""searchVolume"":0},{""year"":2026,""month"":4,""searchVolume"":0},{""year"":2026,""month"":3,""searchVolume"":0},{""year"":2026,""month"":2,""searchVolume"":10},{""year"":2026,""month"":1,""searchVolume"":10},{""year"":2025,""month"":12,""searchVolume"":10},{""year"":2025,""month"":11,""searchVolume"":10},{""year"":2025,""month"":10,""searchVolume"":0},{""year"":2025,""month"":9,""searchVolume"":0},{""year"":2025,""month"":8,""searchVolume"":0}]"
construction project management mba,2124,en,10,,,informational,"[{""year"":2026,""month"":6,""searchVolume"":10},{""year"":2026,""month"":5,""searchVolume"":10},{""year"":2026,""month"":4,""searchVolume"":10},{""year"":2026,""month"":3,""searchVolume"":10},{""year"":2026,""month"":2,""searchVolume"":10},{""year"":2026,""month"":1,""searchVolume"":10},{""year"":2025,""month"":12,""searchVolume"":10},{""year"":2025,""month"":11,""searchVolume"":10},{""year"":2025,""month"":10,""searchVolume"":0},{""year"":2025,""month"":9,""searchVolume"":10},{""year"":2025,""month"":8,""searchVolume"":10},{""year"":2025,""month"":7,""searchVolume"":10}]"
construction consulting firms,2124,en,51,6,7.64,commercial,"[{""year"":2026,""month"":6,""searchVolume"":36},{""year"":2026,""month"":5,""searchVolume"":65},{""year"":2026,""month"":4,""searchVolume"":65},{""year"":2026,""month"":3,""searchVolume"":65},{""year"":2026,""month"":2,""searchVolume"":102},{""year"":2026,""month"":1,""searchVolume"":51},{""year"":2025,""month"":12,""searchVolume"":36},{""year"":2025,""month"":11,""searchVolume"":29},{""year"":2025,""month"":10,""searchVolume"":65},{""year"":2025,""month"":9,""searchVolume"":51},{""year"":2025,""month"":8,""searchVolume"":36},{""year"":2025,""month"":7,""searchVolume"":51},{""year"":2025,""month"":6,""searchVolume"":5},{""year"":2025,""month"":5,""searchVolume"":11},{""year"":2025,""month"":4,""searchVolume"":16},{""year"":2025,""month"":3,""searchVolume"":25},{""year"":2025,""month"":2,""searchVolume"":16},{""year"":2025,""month"":1,""searchVolume"":84},{""year"":2024,""month"":12,""searchVolume"":70},{""year"":2024,""month"":11,""searchVolume"":90},{""year"":2024,""month"":10,""searchVolume"":90},{""year"":2024,""month"":9,""searchVolume"":110},{""year"":2024,""month"":8,""searchVolume"":90}]"
construction project management assignment,2124,en,10,,,informational,"[{""year"":2026,""month"":6,""searchVolume"":0},{""year"":2026,""month"":5,""searchVolume"":0},{""year"":2026,""month"":4,""searchVolume"":0},{""year"":2026,""month"":3,""searchVolume"":10},{""year"":2026,""month"":2,""searchVolume"":0},{""year"":2026,""month"":1,""searchVolume"":0},{""year"":2025,""month"":12,""searchVolume"":0},{""year"":2025,""month"":11,""searchVolume"":0},{""year"":2025,""month"":10,""searchVolume"":0},{""year"":2025,""month"":9,""searchVolume"":0},{""year"":2025,""month"":8,""searchVolume"":0},{""year"":2025,""month"":7,""searchVolume"":0}]"
property management vancouver,2124,en,938,35,7.18,commercial,"[{""year"":2026,""month"":6,""searchVolume"":763},{""year"":2026,""month"":5,""searchVolume"":1410},{""year"":2026,""month"":4,""searchVolume"":1001},{""year"":2026,""month"":3,""searchVolume"":1356},{""year"":2026,""month"":2,""searchVolume"":651},{""year"":2026,""month"":1,""searchVolume"":709},{""year"":2025,""month"":12,""searchVolume"":529},{""year"":2025,""month"":11,""searchVolume"":460},{""year"":2025,""month"":10,""searchVolume"":847},{""year"":2025,""month"":9,""searchVolume"":464},{""year"":2025,""month"":8,""searchVolume"":394},{""year"":2025,""month"":7,""searchVolume"":558},{""year"":2025,""month"":6,""searchVolume"":394},{""year"":2025,""month"":5,""searchVolume"":558},{""year"":2025,""month"":4,""searchVolume"":630},{""year"":2025,""month"":3,""searchVolume"":630},{""year"":2025,""month"":2,""searchVolume"":467},{""year"":2025,""month"":1,""searchVolume"":1283},{""year"":2024,""month"":12,""searchVolume"":871},{""year"":2024,""month"":11,""searchVolume"":872},{""year"":2024,""month"":10,""searchVolume"":853},{""year"":2024,""month"":9,""searchVolume"":476},{""year"":2024,""month"":8,""searchVolume"":850},{""year"":2024,""month"":7,""searchVolume"":728},{""year"":2024,""month"":6,""searchVolume"":774},{""year"":2024,""month"":5,""searchVolume"":774},{""year"":2024,""month"":4,""searchVolume"":725},{""year"":2024,""month"":3,""searchVolume"":901},{""year"":2024,""month"":2,""searchVolume"":601},{""year"":2024,""month"":1,""searchVolume"":901},{""year"":2023,""month"":12,""searchVolume"":726},{""year"":2023,""month"":11,""searchVolume"":725},{""year"":2023,""month"":10,""searchVolume"":757},{""year"":2023,""month"":9,""searchVolume"":527},{""year"":2023,""month"":8,""searchVolume"":527},{""year"":2023,""month"":7,""searchVolume"":504}]"
icon property management,2124,en,1298,0,1.0,navigational,"[{""year"":2026,""month"":6,""searchVolume"":1298},{""year"":2026,""month"":5,""searchVolume"":1298},{""year"":2026,""month"":4,""searchVolume"":1598},{""year"":2026,""month"":3,""searchVolume"":1598},{""year"":2026,""month"":2,""searchVolume"":999},{""year"":2026,""month"":1,""searchVolume"":999},{""year"":2025,""month"":12,""searchVolume"":999},{""year"":2025,""month"":11,""searchVolume"":999},{""year"":2025,""month"":10,""searchVolume"":1298},{""year"":2025,""month"":9,""searchVolume"":998},{""year"":2025,""month"":8,""searchVolume"":998},{""year"":2025,""month"":7,""searchVolume"":1297},{""year"":2025,""month"":6,""searchVolume"":1296},{""year"":2025,""month"":5,""searchVolume"":1295},{""year"":2025,""month"":4,""searchVolume"":996},{""year"":2025,""month"":3,""searchVolume"":996},{""year"":2025,""month"":2,""searchVolume"":877},{""year"":2025,""month"":1,""searchVolume"":999},{""year"":2024,""month"":12,""searchVolume"":880},{""year"":2024,""month"":11,""searchVolume"":1300},{""year"":2024,""month"":10,""searchVolume"":1000},{""year"":2024,""month"":9,""searchVolume"":880},{""year"":2024,""month"":8,""searchVolume"":880},{""year"":2024,""month"":7,""searchVolume"":880},{""year"":2024,""month"":6,""searchVolume"":1000},{""year"":2024,""month"":5,""searchVolume"":1300},{""year"":2024,""month"":4,""searchVolume"":1000},{""year"":2024,""month"":3,""searchVolume"":1000},{""year"":2024,""month"":2,""searchVolume"":1000},{""year"":2024,""month"":1,""searchVolume"":880},{""year"":2023,""month"":12,""searchVolume"":720},{""year"":2023,""month"":11,""searchVolume"":880},{""year"":2023,""month"":10,""searchVolume"":880},{""year"":2023,""month"":9,""searchVolume"":880},{""year"":2023,""month"":8,""searchVolume"":880},{""year"":2023,""month"":7,""searchVolume"":720}]"
property management edmonton,2124,en,1245,10,7.8,commercial,"[{""year"":2026,""month"":6,""searchVolume"":832},{""year"":2026,""month"":5,""searchVolume"":943},{""year"":2026,""month"":4,""searchVolume"":635},{""year"":2026,""month"":3,""searchVolume"":999},{""year"":2026,""month"":2,""searchVolume"":666},{""year"":2026,""month"":1,""searchVolume"":730},{""year"":2025,""month"":12,""searchVolume"":319},{""year"":2025,""month"":11,""searchVolume"":313},{""year"":2025,""month"":10,""searchVolume"":426},{""year"":2025,""month"":9,""searchVolume"":709},{""year"":2025,""month"":8,""searchVolume"":1139},{""year"":2025,""month"":7,""searchVolume"":932},{""year"":2025,""month"":6,""searchVolume"":912},{""year"":2025,""month"":5,""searchVolume"":996},{""year"":2025,""month"":4,""searchVolume"":1539},{""year"":2025,""month"":3,""searchVolume"":932},{""year"":2025,""month"":2,""searchVolume"":938},{""year"":2025,""month"":1,""searchVolume"":1379},{""year"":2024,""month"":12,""searchVolume"":481},{""year"":2024,""month"":11,""searchVolume"":832},{""year"":2024,""month"":10,""searchVolume"":727},{""year"":2024,""month"":9,""searchVolume"":774},{""year"":2024,""month"":8,""searchVolume"":961},{""year"":2024,""month"":7,""searchVolume"":771},{""year"":2024,""month"":6,""searchVolume"":1310},{""year"":2024,""month"":5,""searchVolume"":1310},{""year"":2024,""month"":4,""searchVolume"":1125},{""year"":2024,""month"":3,""searchVolume"":1129},{""year"":2024,""month"":2,""searchVolume"":1129},{""year"":2024,""month"":1,""searchVolume"":1380},{""year"":2023,""month"":12,""searchVolume"":751},{""year"":2023,""month"":11,""searchVolume"":916},{""year"":2023,""month"":10,""searchVolume"":597},{""year"":2023,""month"":9,""searchVolume"":597},{""year"":2023,""month"":8,""searchVolume"":778},{""year"":2023,""month"":7,""searchVolume"":627}]"
peninsula property management,2124,en,1300,3,,commercial,"[{""year"":2026,""month"":7,""searchVolume"":1600},{""year"":2026,""month"":6,""searchVolume"":1300},{""year"":2026,""month"":5,""searchVolume"":1300},{""year"":2026,""month"":4,""searchVolume"":1600},{""year"":2026,""month"":3,""searchVolume"":1300},{""year"":2026,""month"":2,""searchVolume"":1000},{""year"":2026,""month"":1,""searchVolume"":1000},{""year"":2025,""month"":12,""searchVolume"":880},{""year"":2025,""month"":11,""searchVolume"":1000},{""year"":2025,""month"":10,""searchVolume"":1300},{""year"":2025,""month"":9,""searchVolume"":1300},{""year"":2025,""month"":8,""searchVolume"":1000}]"
property management calgary,2124,en,875,34,7.69,commercial,"[{""year"":2026,""month"":6,""searchVolume"":548},{""year"":2026,""month"":5,""searchVolume"":731},{""year"":2026,""month"":4,""searchVolume"":755},{""year"":2026,""month"":3,""searchVolume"":1152},{""year"":2026,""month"":2,""searchVolume"":755},{""year"":2026,""month"":1,""searchVolume"":869},{""year"":2025,""month"":12,""searchVolume"":704},{""year"":2025,""month"":11,""searchVolume"":907},{""year"":2025,""month"":10,""searchVolume"":866},{""year"":2025,""month"":9,""searchVolume"":1308},{""year"":2025,""month"":8,""searchVolume"":992},{""year"":2025,""month"":7,""searchVolume"":1281},{""year"":2025,""month"":6,""searchVolume"":1078},{""year"":2025,""month"":5,""searchVolume"":1621},{""year"":2025,""month"":4,""searchVolume"":2064},{""year"":2025,""month"":3,""searchVolume"":2115},{""year"":2025,""month"":2,""searchVolume"":1849},{""year"":2025,""month"":1,""searchVolume"":1301},{""year"":2024,""month"":12,""searchVolume"":1037},{""year"":2024,""month"":11,""searchVolume"":1037},{""year"":2024,""month"":10,""searchVolume"":1320},{""year"":2024,""month"":9,""searchVolume"":1503},{""year"":2024,""month"":8,""searchVolume"":1816},{""year"":2024,""month"":7,""searchVolume"":1979},{""year"":2024,""month"":6,""searchVolume"":2101},{""year"":2024,""month"":5,""searchVolume"":2101},{""year"":2024,""month"":4,""searchVolume"":1877},{""year"":2024,""month"":3,""searchVolume"":1557},{""year"":2024,""month"":2,""searchVolume"":1557},{""year"":2024,""month"":1,""searchVolume"":1881},{""year"":2023,""month"":12,""searchVolume"":1230},{""year"":2023,""month"":11,""searchVolume"":1560},{""year"":2023,""month"":10,""searchVolume"":950},{""year"":2023,""month"":9,""searchVolume"":1371},{""year"":2023,""month"":8,""searchVolume"":1371},{""year"":2023,""month"":7,""searchVolume"":1350}]"
pillar property management,2124,en,880,0,2.86,navigational,"[{""year"":2026,""month"":7,""searchVolume"":880},{""year"":2026,""month"":6,""searchVolume"":1000},{""year"":2026,""month"":5,""searchVolume"":880},{""year"":2026,""month"":4,""searchVolume"":880},{""year"":2026,""month"":3,""searchVolume"":880},{""year"":2026,""month"":2,""searchVolume"":720},{""year"":2026,""month"":1,""searchVolume"":880},{""year"":2025,""month"":12,""searchVolume"":720},{""year"":2025,""month"":11,""searchVolume"":720},{""year"":2025,""month"":10,""searchVolume"":880},{""year"":2025,""month"":9,""searchVolume"":880},{""year"":2025,""month"":8,""searchVolume"":1000}]"
goldview property management,2124,en,997,0,5.88,navigational,"[{""year"":2026,""month"":6,""searchVolume"":878},{""year"":2026,""month"":5,""searchVolume"":877},{""year"":2026,""month"":4,""searchVolume"":997},{""year"":2026,""month"":3,""searchVolume"":997},{""year"":2026,""month"":2,""searchVolume"":877},{""year"":2026,""month"":1,""searchVolume"":997},{""year"":2025,""month"":12,""searchVolume"":997},{""year"":2025,""month"":11,""searchVolume"":997},{""year"":2025,""month"":10,""searchVolume"":997},{""year"":2025,""month"":9,""searchVolume"":997},{""year"":2025,""month"":8,""searchVolume"":997},{""year"":2025,""month"":7,""searchVolume"":996},{""year"":2025,""month"":6,""searchVolume"":876},{""year"":2025,""month"":5,""searchVolume"":877},{""year"":2025,""month"":4,""searchVolume"":878},{""year"":2025,""month"":3,""searchVolume"":998},{""year"":2025,""month"":2,""searchVolume"":878},{""year"":2025,""month"":1,""searchVolume"":997},{""year"":2024,""month"":12,""searchVolume"":880},{""year"":2024,""month"":11,""searchVolume"":1000},{""year"":2024,""month"":10,""searchVolume"":1300},{""year"":2024,""month"":9,""searchVolume"":1000},{""year"":2024,""month"":8,""searchVolume"":880},{""year"":2024,""month"":7,""searchVolume"":1000},{""year"":2024,""month"":6,""searchVolume"":1300},{""year"":2024,""month"":5,""searchVolume"":1000},{""year"":2024,""month"":4,""searchVolume"":1000},{""year"":2024,""month"":3,""searchVolume"":880},{""year"":2024,""month"":2,""searchVolume"":1000},{""year"":2024,""month"":1,""searchVolume"":1000},{""year"":2023,""month"":12,""searchVolume"":720},{""year"":2023,""month"":11,""searchVolume"":1000},{""year"":2023,""month"":10,""searchVolume"":1000},{""year"":2023,""month"":9,""searchVolume"":720},{""year"":2023,""month"":8,""searchVolume"":880},{""year"":2023,""month"":7,""searchVolume"":1000}]"
larlyn property management,2124,en,571,0,1.13,navigational,"[{""year"":2026,""month"":6,""searchVolume"":742},{""year"":2026,""month"":5,""searchVolume"":545},{""year"":2026,""month"":4,""searchVolume"":545},{""year"":2026,""month"":3,""searchVolume"":649},{""year"":2026,""month"":2,""searchVolume"":639},{""year"":2026,""month"":1,""searchVolume"":639},{""year"":2025,""month"":12,""searchVolume"":727},{""year"":2025,""month"":11,""searchVolume"":850},{""year"":2025,""month"":10,""searchVolume"":857},{""year"":2025,""month"":9,""searchVolume"":900},{""year"":2025,""month"":8,""searchVolume"":947},{""year"":2025,""month"":7,""searchVolume"":950},{""year"":2025,""month"":6,""searchVolume"":940},{""year"":2025,""month"":5,""searchVolume"":996},{""year"":2025,""month"":4,""searchVolume"":996},{""year"":2025,""month"":3,""searchVolume"":1294},{""year"":2025,""month"":2,""searchVolume"":991},{""year"":2025,""month"":1,""searchVolume"":639},{""year"":2024,""month"":12,""searchVolume"":754},{""year"":2024,""month"":11,""searchVolume"":1371},{""year"":2024,""month"":10,""searchVolume"":1170},{""year"":2024,""month"":9,""searchVolume"":834},{""year"":2024,""month"":8,""searchVolume"":682},{""year"":2024,""month"":7,""searchVolume"":829},{""year"":2024,""month"":6,""searchVolume"":720},{""year"":2024,""month"":5,""searchVolume"":720},{""year"":2024,""month"":4,""searchVolume"":528},{""year"":2024,""month"":3,""searchVolume"":528},{""year"":2024,""month"":2,""searchVolume"":432},{""year"":2024,""month"":1,""searchVolume"":528},{""year"":2023,""month"":12,""searchVolume"":432},{""year"":2023,""month"":11,""searchVolume"":432},{""year"":2023,""month"":10,""searchVolume"":660},{""year"":2023,""month"":9,""searchVolume"":560},{""year"":2023,""month"":8,""searchVolume"":684},{""year"":2023,""month"":7,""searchVolume"":704}]"
midwest property management,2124,en,590,7,1.86,commercial,"[{""year"":2026,""month"":7,""searchVolume"":720},{""year"":2026,""month"":6,""searchVolume"":590},{""year"":2026,""month"":5,""searchVolume"":720},{""year"":2026,""month"":4,""searchVolume"":720},{""year"":2026,""month"":3,""searchVolume"":720},{""year"":2026,""month"":2,""searchVolume"":590},{""year"":2026,""month"":1,""searchVolume"":590},{""year"":2025,""month"":12,""searchVolume"":480},{""year"":2025,""month"":11,""searchVolume"":390},{""year"":2025,""month"":10,""searchVolume"":590},{""year"":2025,""month"":9,""searchVolume"":720},{""year"":2025,""month"":8,""searchVolume"":590}]"
york property management,2124,en,996,8,2.75,commercial,"[{""year"":2026,""month"":6,""searchVolume"":1295},{""year"":2026,""month"":5,""searchVolume"":1296},{""year"":2026,""month"":4,""searchVolume"":997},{""year"":2026,""month"":3,""searchVolume"":1296},{""year"":2026,""month"":2,""searchVolume"":878},{""year"":2026,""month"":1,""searchVolume"":1297},{""year"":2025,""month"":12,""searchVolume"":998},{""year"":2025,""month"":11,""searchVolume"":998},{""year"":2025,""month"":10,""searchVolume"":998},{""year"":2025,""month"":9,""searchVolume"":1298},{""year"":2025,""month"":8,""searchVolume"":1298},{""year"":2025,""month"":7,""searchVolume"":1298},{""year"":2025,""month"":6,""searchVolume"":1297},{""year"":2025,""month"":5,""searchVolume"":1297},{""year"":2025,""month"":4,""searchVolume"":1297},{""year"":2025,""month"":3,""searchVolume"":1597},{""year"":2025,""month"":2,""searchVolume"":1298},{""year"":2025,""month"":1,""searchVolume"":1597},{""year"":2024,""month"":12,""searchVolume"":1300},{""year"":2024,""month"":11,""searchVolume"":1600},{""year"":2024,""month"":10,""searchVolume"":1600},{""year"":2024,""month"":9,""searchVolume"":1300},{""year"":2024,""month"":8,""searchVolume"":1600},{""year"":2024,""month"":7,""searchVolume"":1600},{""year"":2024,""month"":6,""searchVolume"":1600},{""year"":2024,""month"":5,""searchVolume"":1600},{""year"":2024,""month"":4,""searchVolume"":1600},{""year"":2024,""month"":3,""searchVolume"":1600},{""year"":2024,""month"":2,""searchVolume"":1600},{""year"":2024,""month"":1,""searchVolume"":1600},{""year"":2023,""month"":12,""searchVolume"":1000},{""year"":2023,""month"":11,""searchVolume"":1600},{""year"":2023,""month"":10,""searchVolume"":1600},{""year"":2023,""month"":9,""searchVolume"":1600},{""year"":2023,""month"":8,""searchVolume"":1900},{""year"":2023,""month"":7,""searchVolume"":1600}]"
property management kingston,2124,en,635,16,,commercial,"[{""year"":2026,""month"":6,""searchVolume"":561},{""year"":2026,""month"":5,""searchVolume"":491},{""year"":2026,""month"":4,""searchVolume"":607},{""year"":2026,""month"":3,""searchVolume"":790},{""year"":2026,""month"":2,""searchVolume"":643},{""year"":2026,""month"":1,""searchVolume"":855},{""year"":2025,""month"":12,""searchVolume"":463},{""year"":2025,""month"":11,""searchVolume"":786},{""year"":2025,""month"":10,""searchVolume"":754},{""year"":2025,""month"":9,""searchVolume"":557},{""year"":2025,""month"":8,""searchVolume"":591},{""year"":2025,""month"":7,""searchVolume"":591},{""year"":2025,""month"":6,""searchVolume"":637},{""year"":2025,""month"":5,""searchVolume"":762},{""year"":2025,""month"":4,""searchVolume"":776},{""year"":2025,""month"":3,""searchVolume"":916},{""year"":2025,""month"":2,""searchVolume"":691},{""year"":2025,""month"":1,""searchVolume"":1055},{""year"":2024,""month"":12,""searchVolume"":588},{""year"":2024,""month"":11,""searchVolume"":1411},{""year"":2024,""month"":10,""searchVolume"":1543},{""year"":2024,""month"":9,""searchVolume"":1440},{""year"":2024,""month"":8,""searchVolume"":1140},{""year"":2024,""month"":7,""searchVolume"":1200},{""year"":2024,""month"":6,""searchVolume"":1450},{""year"":2024,""month"":5,""searchVolume"":1200},{""year"":2024,""month"":4,""searchVolume"":1200},{""year"":2024,""month"":3,""searchVolume"":1453},{""year"":2024,""month"":2,""searchVolume"":1202},{""year"":2024,""month"":1,""searchVolume"":1453},{""year"":2023,""month"":12,""searchVolume"":951},{""year"":2023,""month"":11,""searchVolume"":1460},{""year"":2023,""month"":10,""searchVolume"":1772},{""year"":2023,""month"":9,""searchVolume"":1010},{""year"":2023,""month"":8,""searchVolume"":1515},{""year"":2023,""month"":7,""searchVolume"":1200}]"
property management montreal,2124,en,298,0,9.5,commercial,"[{""year"":2026,""month"":6,""searchVolume"":298},{""year"":2026,""month"":5,""searchVolume"":199},{""year"":2026,""month"":4,""searchVolume"":245},{""year"":2026,""month"":3,""searchVolume"":250},{""year"":2026,""month"":2,""searchVolume"":375},{""year"":2026,""month"":1,""searchVolume"":255},{""year"":2025,""month"":12,""searchVolume"":157},{""year"":2025,""month"":11,""searchVolume"":266},{""year"":2025,""month"":10,""searchVolume"":226},{""year"":2025,""month"":9,""searchVolume"":266},{""year"":2025,""month"":8,""searchVolume"":216},{""year"":2025,""month"":7,""searchVolume"":188},{""year"":2025,""month"":6,""searchVolume"":170},{""year"":2025,""month"":5,""searchVolume"":468},{""year"":2025,""month"":4,""searchVolume"":294},{""year"":2025,""month"":3,""searchVolume"":271},{""year"":2025,""month"":2,""searchVolume"":305},{""year"":2025,""month"":1,""searchVolume"":469},{""year"":2024,""month"":12,""searchVolume"":328},{""year"":2024,""month"":11,""searchVolume"":342},{""year"":2024,""month"":10,""searchVolume"":328},{""year"":2024,""month"":9,""searchVolume"":1058},{""year"":2024,""month"":8,""searchVolume"":1058},{""year"":2024,""month"":7,""searchVolume"":1016},{""year"":2024,""month"":6,""searchVolume"":195},{""year"":2024,""month"":5,""searchVolume"":295},{""year"":2024,""month"":4,""searchVolume"":442},{""year"":2024,""month"":3,""searchVolume"":443},{""year"":2024,""month"":2,""searchVolume"":443},{""year"":2024,""month"":1,""searchVolume"":443},{""year"":2023,""month"":12,""searchVolume"":240},{""year"":2023,""month"":11,""searchVolume"":292},{""year"":2023,""month"":10,""searchVolume"":195},{""year"":2023,""month"":9,""searchVolume"":160},{""year"":2023,""month"":8,""searchVolume"":160},{""year"":2023,""month"":7,""searchVolume"":160}]"
centurion property management,2124,en,526,14,3.45,navigational,"[{""year"":2026,""month"":6,""searchVolume"":526},{""year"":2026,""month"":5,""searchVolume"":632},{""year"":2026,""month"":4,""searchVolume"":508},{""year"":2026,""month"":3,""searchVolume"":715},{""year"":2026,""month"":2,""searchVolume"":586},{""year"":2026,""month"":1,""searchVolume"":584},{""year"":2025,""month"":12,""searchVolume"":584},{""year"":2025,""month"":11,""searchVolume"":475},{""year"":2025,""month"":10,""searchVolume"":475},{""year"":2025,""month"":9,""searchVolume"":586},{""year"":2025,""month"":8,""searchVolume"":477},{""year"":2025,""month"":7,""searchVolume"":587},{""year"":2025,""month"":6,""searchVolume"":478},{""year"":2025,""month"":5,""searchVolume"":587},{""year"":2025,""month"":4,""searchVolume"":478},{""year"":2025,""month"":3,""searchVolume"":718},{""year"":2025,""month"":2,""searchVolume"":718},{""year"":2025,""month"":1,""searchVolume"":585},{""year"":2024,""month"":12,""searchVolume"":480},{""year"":2024,""month"":11,""searchVolume"":480},{""year"":2024,""month"":10,""searchVolume"":590},{""year"":2024,""month"":9,""searchVolume"":590},{""year"":2024,""month"":8,""searchVolume"":720},{""year"":2024,""month"":7,""searchVolume"":720},{""year"":2024,""month"":6,""searchVolume"":720},{""year"":2024,""month"":5,""searchVolume"":720},{""year"":2024,""month"":4,""searchVolume"":720},{""year"":2024,""month"":3,""searchVolume"":720},{""year"":2024,""month"":2,""searchVolume"":720},{""year"":2024,""month"":1,""searchVolume"":590},{""year"":2023,""month"":12,""searchVolume"":480},{""year"":2023,""month"":11,""searchVolume"":590},{""year"":2023,""month"":10,""searchVolume"":720},{""year"":2023,""month"":9,""searchVolume"":720},{""year"":2023,""month"":8,""searchVolume"":720},{""year"":2023,""month"":7,""searchVolume"":720}]"
gpm property management,2124,en,880,0,3.75,navigational,"[{""year"":2026,""month"":6,""searchVolume"":880},{""year"":2026,""month"":5,""searchVolume"":880},{""year"":2026,""month"":4,""searchVolume"":880},{""year"":2026,""month"":3,""searchVolume"":1000},{""year"":2026,""month"":2,""searchVolume"":880},{""year"":2026,""month"":1,""searchVolume"":880},{""year"":2025,""month"":12,""searchVolume"":720},{""year"":2025,""month"":11,""searchVolume"":880},{""year"":2025,""month"":10,""searchVolume"":1000},{""year"":2025,""month"":9,""searchVolume"":1000},{""year"":2025,""month"":8,""searchVolume"":1000},{""year"":2025,""month"":7,""searchVolume"":1300}]"
property management winnipeg,2124,en,490,30,1.61,commercial,"[{""year"":2026,""month"":6,""searchVolume"":432},{""year"":2026,""month"":5,""searchVolume"":432},{""year"":2026,""month"":4,""searchVolume"":435},{""year"":2026,""month"":3,""searchVolume"":557},{""year"":2026,""month"":2,""searchVolume"":571},{""year"":2026,""month"":1,""searchVolume"":557},{""year"":2025,""month"":12,""searchVolume"":401},{""year"":2025,""month"":11,""searchVolume"":491},{""year"":2025,""month"":10,""searchVolume"":485},{""year"":2025,""month"":9,""searchVolume"":471},{""year"":2025,""month"":8,""searchVolume"":396},{""year"":2025,""month"":7,""searchVolume"":612},{""year"":2025,""month"":6,""searchVolume"":388},{""year"":2025,""month"":5,""searchVolume"":392},{""year"":2025,""month"":4,""searchVolume"":483},{""year"":2025,""month"":3,""searchVolume"":1683},{""year"":2025,""month"":2,""searchVolume"":1370},{""year"":2025,""month"":1,""searchVolume"":1056},{""year"":2024,""month"":12,""searchVolume"":652},{""year"":2024,""month"":11,""searchVolume"":652},{""year"":2024,""month"":10,""searchVolume"":800},{""year"":2024,""month"":9,""searchVolume"":628},{""year"":2024,""month"":8,""searchVolume"":628},{""year"":2024,""month"":7,""searchVolume"":794},{""year"":2024,""month"":6,""searchVolume"":633},{""year"":2024,""month"":5,""searchVolume"":800},{""year"":2024,""month"":4,""searchVolume"":1200},{""year"":2024,""month"":3,""searchVolume"":1200},{""year"":2024,""month"":2,""searchVolume"":800},{""year"":2024,""month"":1,""searchVolume"":1200},{""year"":2023,""month"":12,""searchVolume"":800},{""year"":2023,""month"":11,""searchVolume"":800},{""year"":2023,""month"":10,""searchVolume"":814},{""year"":2023,""month"":9,""searchVolume"":1055},{""year"":2023,""month"":8,""searchVolume"":1055},{""year"":2023,""month"":7,""searchVolume"":1055}]"
krown property management,2124,en,575,0,4.14,navigational,"[{""year"":2026,""month"":6,""searchVolume"":578},{""year"":2026,""month"":5,""searchVolume"":578},{""year"":2026,""month"":4,""searchVolume"":578},{""year"":2026,""month"":3,""searchVolume"":580},{""year"":2026,""month"":2,""searchVolume"":585},{""year"":2026,""month"":1,""searchVolume"":585},{""year"":2025,""month"":12,""searchVolume"":387},{""year"":2025,""month"":11,""searchVolume"":476},{""year"":2025,""month"":10,""searchVolume"":584},{""year"":2025,""month"":9,""searchVolume"":584},{""year"":2025,""month"":8,""searchVolume"":713},{""year"":2025,""month"":7,""searchVolume"":713},{""year"":2025,""month"":6,""searchVolume"":871},{""year"":2025,""month"":5,""searchVolume"":713},{""year"":2025,""month"":4,""searchVolume"":713},{""year"":2025,""month"":3,""searchVolume"":711},{""year"":2025,""month"":2,""searchVolume"":590},{""year"":2025,""month"":1,""searchVolume"":590},{""year"":2024,""month"":12,""searchVolume"":590},{""year"":2024,""month"":11,""searchVolume"":590},{""year"":2024,""month"":10,""searchVolume"":880},{""year"":2024,""month"":9,""searchVolume"":1000},{""year"":2024,""month"":8,""searchVolume"":880},{""year"":2024,""month"":7,""searchVolume"":1300},{""year"":2024,""month"":6,""searchVolume"":1300},{""year"":2024,""month"":5,""searchVolume"":1300},{""year"":2024,""month"":4,""searchVolume"":1000},{""year"":2024,""month"":3,""searchVolume"":1000},{""year"":2024,""month"":2,""searchVolume"":720},{""year"":2024,""month"":1,""searchVolume"":880},{""year"":2023,""month"":12,""searchVolume"":720},{""year"":2023,""month"":11,""searchVolume"":1000},{""year"":2023,""month"":10,""searchVolume"":1000},{""year"":2023,""month"":9,""searchVolume"":1300},{""year"":2023,""month"":8,""searchVolume"":1244},{""year"":2023,""month"":7,""searchVolume"":1244}]"
spm property management,2124,en,390,11,,navigational,"[{""year"":2026,""month"":7,""searchVolume"":390},{""year"":2026,""month"":6,""searchVolume"":390},{""year"":2026,""month"":5,""searchVolume"":390},{""year"":2026,""month"":4,""searchVolume"":390},{""year"":2026,""month"":3,""searchVolume"":390},{""year"":2026,""month"":2,""searchVolume"":320},{""year"":2026,""month"":1,""searchVolume"":390},{""year"":2025,""month"":12,""searchVolume"":320},{""year"":2025,""month"":11,""searchVolume"":320},{""year"":2025,""month"":10,""searchVolume"":480},{""year"":2025,""month"":9,""searchVolume"":480},{""year"":2025,""month"":8,""searchVolume"":480}]"
sandpoint property management,2124,en,10,,,navigational,"[{""year"":2026,""month"":7,""searchVolume"":10},{""year"":2026,""month"":6,""searchVolume"":0},{""year"":2026,""month"":5,""searchVolume"":10},{""year"":2026,""month"":4,""searchVolume"":10},{""year"":2026,""month"":3,""searchVolume"":10},{""year"":2026,""month"":2,""searchVolume"":10},{""year"":2026,""month"":1,""searchVolume"":10},{""year"":2025,""month"":12,""searchVolume"":10},{""year"":2025,""month"":11,""searchVolume"":10},{""year"":2025,""month"":10,""searchVolume"":10},{""year"":2025,""month"":9,""searchVolume"":0},{""year"":2025,""month"":8,""searchVolume"":10}]"
summerhill property management,2124,en,320,0,2.17,navigational,"[{""year"":2026,""month"":7,""searchVolume"":260},{""year"":2026,""month"":6,""searchVolume"":260},{""year"":2026,""month"":5,""searchVolume"":390},{""year"":2026,""month"":4,""searchVolume"":390},{""year"":2026,""month"":3,""searchVolume"":480},{""year"":2026,""month"":2,""searchVolume"":320},{""year"":2026,""month"":1,""searchVolume"":320},{""year"":2025,""month"":12,""searchVolume"":260},{""year"":2025,""month"":11,""searchVolume"":260},{""year"":2025,""month"":10,""searchVolume"":320},{""year"":2025,""month"":9,""searchVolume"":320},{""year"":2025,""month"":8,""searchVolume"":320}]"
property management companies winnipeg,2124,en,312,33,1.93,commercial,"[{""year"":2026,""month"":6,""searchVolume"":263},{""year"":2026,""month"":5,""searchVolume"":263},{""year"":2026,""month"":4,""searchVolume"":60},{""year"":2026,""month"":3,""searchVolume"":12},{""year"":2026,""month"":2,""searchVolume"":10},{""year"":2026,""month"":1,""searchVolume"":146},{""year"":2025,""month"":12,""searchVolume"":119},{""year"":2025,""month"":11,""searchVolume"":119},{""year"":2025,""month"":10,""searchVolume"":188},{""year"":2025,""month"":9,""searchVolume"":188},{""year"":2025,""month"":8,""searchVolume"":188},{""year"":2025,""month"":7,""searchVolume"":188},{""year"":2025,""month"":6,""searchVolume"":150},{""year"":2025,""month"":5,""searchVolume"":186},{""year"":2025,""month"":4,""searchVolume"":228},{""year"":2025,""month"":3,""searchVolume"":280},{""year"":2025,""month"":2,""searchVolume"":120},{""year"":2025,""month"":1,""searchVolume"":220},{""year"":2024,""month"":12,""searchVolume"":160},{""year"":2024,""month"":11,""searchVolume"":240},{""year"":2024,""month"":10,""searchVolume"":241},{""year"":2024,""month"":9,""searchVolume"":296},{""year"":2024,""month"":8,""searchVolume"":196},{""year"":2024,""month"":7,""searchVolume"":288},{""year"":2024,""month"":6,""searchVolume"":193},{""year"":2024,""month"":5,""searchVolume"":290},{""year"":2024,""month"":4,""searchVolume"":0},{""year"":2024,""month"":3,""searchVolume"":0},{""year"":2024,""month"":2,""searchVolume"":0},{""year"":2024,""month"":1,""searchVolume"":0},{""year"":2023,""month"":12,""searchVolume"":0},{""year"":2023,""month"":11,""searchVolume"":0},{""year"":2023,""month"":10,""searchVolume"":0},{""year"":2023,""month"":9,""searchVolume"":0},{""year"":2023,""month"":8,""searchVolume"":0},{""year"":2023,""month"":7,""searchVolume"":0}]"
property management companies for sale,2124,en,170,0,,commercial,"[{""year"":2026,""month"":7,""searchVolume"":170},{""year"":2026,""month"":6,""searchVolume"":210},{""year"":2026,""month"":5,""searchVolume"":170},{""year"":2026,""month"":4,""searchVolume"":140},{""year"":2026,""month"":3,""searchVolume"":170},{""year"":2026,""month"":2,""searchVolume"":170},{""year"":2026,""month"":1,""searchVolume"":210},{""year"":2025,""month"":12,""searchVolume"":110},{""year"":2025,""month"":11,""searchVolume"":140},{""year"":2025,""month"":10,""searchVolume"":140},{""year"":2025,""month"":9,""searchVolume"":140},{""year"":2025,""month"":8,""searchVolume"":170}]"
times property management,2124,en,402,0,0.15,navigational,"[{""year"":2026,""month"":6,""searchVolume"":326},{""year"":2026,""month"":5,""searchVolume"":413},{""year"":2026,""month"":4,""searchVolume"":413},{""year"":2026,""month"":3,""searchVolume"":402},{""year"":2026,""month"":2,""searchVolume"":313},{""year"":2026,""month"":1,""searchVolume"":362},{""year"":2025,""month"":12,""searchVolume"":386},{""year"":2025,""month"":11,""searchVolume"":313},{""year"":2025,""month"":10,""searchVolume"":413},{""year"":2025,""month"":9,""searchVolume"":413},{""year"":2025,""month"":8,""searchVolume"":342},{""year"":2025,""month"":7,""searchVolume"":421},{""year"":2025,""month"":6,""searchVolume"":317},{""year"":2025,""month"":5,""searchVolume"":388},{""year"":2025,""month"":4,""searchVolume"":388},{""year"":2025,""month"":3,""searchVolume"":389},{""year"":2025,""month"":2,""searchVolume"":389},{""year"":2025,""month"":1,""searchVolume"":293},{""year"":2024,""month"":12,""searchVolume"":223},{""year"":2024,""month"":11,""searchVolume"":274},{""year"":2024,""month"":10,""searchVolume"":334},{""year"":2024,""month"":9,""searchVolume"":280},{""year"":2024,""month"":8,""searchVolume"":342},{""year"":2024,""month"":7,""searchVolume"":390},{""year"":2024,""month"":6,""searchVolume"":480},{""year"":2024,""month"":5,""searchVolume"":320},{""year"":2024,""month"":4,""searchVolume"":390},{""year"":2024,""month"":3,""searchVolume"":390},{""year"":2024,""month"":2,""searchVolume"":320},{""year"":2024,""month"":1,""searchVolume"":260},{""year"":2023,""month"":12,""searchVolume"":320},{""year"":2023,""month"":11,""searchVolume"":210},{""year"":2023,""month"":10,""searchVolume"":150},{""year"":2023,""month"":9,""searchVolume"":150},{""year"":2023,""month"":8,""searchVolume"":171},{""year"":2023,""month"":7,""searchVolume"":171}]"
onyx property management,2124,en,590,8,,navigational,"[{""year"":2026,""month"":7,""searchVolume"":720},{""year"":2026,""month"":6,""searchVolume"":590},{""year"":2026,""month"":5,""searchVolume"":590},{""year"":2026,""month"":4,""searchVolume"":720},{""year"":2026,""month"":3,""searchVolume"":590},{""year"":2026,""month"":2,""searchVolume"":480},{""year"":2026,""month"":1,""searchVolume"":480},{""year"":2025,""month"":12,""searchVolume"":480},{""year"":2025,""month"":11,""searchVolume"":590},{""year"":2025,""month"":10,""searchVolume"":590},{""year"":2025,""month"":9,""searchVolume"":590},{""year"":2025,""month"":8,""searchVolume"":590}]"
property management gatineau,2124,en,50,0,4.33,commercial,"[{""year"":2026,""month"":7,""searchVolume"":30},{""year"":2026,""month"":6,""searchVolume"":30},{""year"":2026,""month"":5,""searchVolume"":70},{""year"":2026,""month"":4,""searchVolume"":40},{""year"":2026,""month"":3,""searchVolume"":50},{""year"":2026,""month"":2,""searchVolume"":70},{""year"":2026,""month"":1,""searchVolume"":50},{""year"":2025,""month"":12,""searchVolume"":30},{""year"":2025,""month"":11,""searchVolume"":70},{""year"":2025,""month"":10,""searchVolume"":50},{""year"":2025,""month"":9,""searchVolume"":50},{""year"":2025,""month"":8,""searchVolume"":70}]"
quay pacific property management,2124,en,584,0,,navigational,"[{""year"":2026,""month"":6,""searchVolume"":713},{""year"":2026,""month"":5,""searchVolume"":713},{""year"":2026,""month"":4,""searchVolume"":869},{""year"":2026,""month"":3,""searchVolume"":575},{""year"":2026,""month"":2,""searchVolume"":471},{""year"":2026,""month"":1,""searchVolume"":575},{""year"":2025,""month"":12,""searchVolume"":441},{""year"":2025,""month"":11,""searchVolume"":318},{""year"":2025,""month"":10,""searchVolume"":290},{""year"":2025,""month"":9,""searchVolume"":290},{""year"":2025,""month"":8,""searchVolume"":11},{""year"":2025,""month"":7,""searchVolume"":14},{""year"":2025,""month"":6,""searchVolume"":240},{""year"":2025,""month"":5,""searchVolume"":192},{""year"":2025,""month"":4,""searchVolume"":192},{""year"":2025,""month"":3,""searchVolume"":378},{""year"":2025,""month"":2,""searchVolume"":380},{""year"":2025,""month"":1,""searchVolume"":311},{""year"":2024,""month"":12,""searchVolume"":240},{""year"":2024,""month"":11,""searchVolume"":240},{""year"":2024,""month"":10,""searchVolume"":240},{""year"":2024,""month"":9,""searchVolume"":0},{""year"":2024,""month"":8,""searchVolume"":0},{""year"":2024,""month"":7,""searchVolume"":195},{""year"":2024,""month"":6,""searchVolume"":240},{""year"":2024,""month"":5,""searchVolume"":240},{""year"":2024,""month"":4,""searchVolume"":590},{""year"":2024,""month"":3,""searchVolume"":590},{""year"":2024,""month"":2,""searchVolume"":590},{""year"":2024,""month"":1,""searchVolume"":590},{""year"":2023,""month"":12,""searchVolume"":480},{""year"":2023,""month"":11,""searchVolume"":480},{""year"":2023,""month"":10,""searchVolume"":320},{""year"":2023,""month"":9,""searchVolume"":320},{""year"":2023,""month"":8,""searchVolume"":360},{""year"":2023,""month"":7,""searchVolume"":292}]"
jll property management,2124,en,170,8,,navigational,"[{""year"":2026,""month"":7,""searchVolume"":110},{""year"":2026,""month"":6,""searchVolume"":170},{""year"":2026,""month"":5,""searchVolume"":140},{""year"":2026,""month"":4,""searchVolume"":170},{""year"":2026,""month"":3,""searchVolume"":170},{""year"":2026,""month"":2,""searchVolume"":210},{""year"":2026,""month"":1,""searchVolume"":170},{""year"":2025,""month"":12,""searchVolume"":140},{""year"":2025,""month"":11,""searchVolume"":140},{""year"":2025,""month"":10,""searchVolume"":170},{""year"":2025,""month"":9,""searchVolume"":140},{""year"":2025,""month"":8,""searchVolume"":140}]"
keystone property management,2124,en,317,0,2.77,navigational,"[{""year"":2026,""month"":6,""searchVolume"":386},{""year"":2026,""month"":5,""searchVolume"":385},{""year"":2026,""month"":4,""searchVolume"":386},{""year"":2026,""month"":3,""searchVolume"":385},{""year"":2026,""month"":2,""searchVolume"":257},{""year"":2026,""month"":1,""searchVolume"":316},{""year"":2025,""month"":12,""searchVolume"":167},{""year"":2025,""month"":11,""searchVolume"":256},{""year"":2025,""month"":10,""searchVolume"":315},{""year"":2025,""month"":9,""searchVolume"":256},{""year"":2025,""month"":8,""searchVolume"":316},{""year"":2025,""month"":7,""searchVolume"":316},{""year"":2025,""month"":6,""searchVolume"":385},{""year"":2025,""month"":5,""searchVolume"":316},{""year"":2025,""month"":4,""searchVolume"":316},{""year"":2025,""month"":3,""searchVolume"":386},{""year"":2025,""month"":2,""searchVolume"":386},{""year"":2025,""month"":1,""searchVolume"":317},{""year"":2024,""month"":12,""searchVolume"":260},{""year"":2024,""month"":11,""searchVolume"":390},{""year"":2024,""month"":10,""searchVolume"":480},{""year"":2024,""month"":9,""searchVolume"":390},{""year"":2024,""month"":8,""searchVolume"":320},{""year"":2024,""month"":7,""searchVolume"":390},{""year"":2024,""month"":6,""searchVolume"":480},{""year"":2024,""month"":5,""searchVolume"":480},{""year"":2024,""month"":4,""searchVolume"":390},{""year"":2024,""month"":3,""searchVolume"":390},{""year"":2024,""month"":2,""searchVolume"":390},{""year"":2024,""month"":1,""searchVolume"":480},{""year"":2023,""month"":12,""searchVolume"":260},{""year"":2023,""month"":11,""searchVolume"":390},{""year"":2023,""month"":10,""searchVolume"":320},{""year"":2023,""month"":9,""searchVolume"":320},{""year"":2023,""month"":8,""searchVolume"":320},{""year"":2023,""month"":7,""searchVolume"":390}]"
property management companies gta,2124,en,70,23,7.39,commercial,"[{""year"":2026,""month"":6,""searchVolume"":40},{""year"":2026,""month"":5,""searchVolume"":70},{""year"":2026,""month"":4,""searchVolume"":70},{""year"":2026,""month"":3,""searchVolume"":70},{""year"":2026,""month"":2,""searchVolume"":170},{""year"":2026,""month"":1,""searchVolume"":50},{""year"":2025,""month"":12,""searchVolume"":40},{""year"":2025,""month"":11,""searchVolume"":170},{""year"":2025,""month"":10,""searchVolume"":30},{""year"":2025,""month"":9,""searchVolume"":50},{""year"":2025,""month"":8,""searchVolume"":70},{""year"":2025,""month"":7,""searchVolume"":50}]"
property management companies victoria,2124,en,260,24,1.83,commercial,"[{""year"":2026,""month"":7,""searchVolume"":210},{""year"":2026,""month"":6,""searchVolume"":210},{""year"":2026,""month"":5,""searchVolume"":210},{""year"":2026,""month"":4,""searchVolume"":210},{""year"":2026,""month"":3,""searchVolume"":260},{""year"":2026,""month"":2,""searchVolume"":320},{""year"":2026,""month"":1,""searchVolume"":210},{""year"":2025,""month"":12,""searchVolume"":210},{""year"":2025,""month"":11,""searchVolume"":320},{""year"":2025,""month"":10,""searchVolume"":260},{""year"":2025,""month"":9,""searchVolume"":260},{""year"":2025,""month"":8,""searchVolume"":210}]"
elite property management,2124,en,459,0,2.5,navigational,"[{""year"":2026,""month"":6,""searchVolume"":462},{""year"":2026,""month"":5,""searchVolume"":457},{""year"":2026,""month"":4,""searchVolume"":457},{""year"":2026,""month"":3,""searchVolume"":457},{""year"":2026,""month"":2,""searchVolume"":457},{""year"":2026,""month"":1,""searchVolume"":457},{""year"":2025,""month"":12,""searchVolume"":371},{""year"":2025,""month"":11,""searchVolume"":457},{""year"":2025,""month"":10,""searchVolume"":457},{""year"":2025,""month"":9,""searchVolume"":457},{""year"":2025,""month"":8,""searchVolume"":462},{""year"":2025,""month"":7,""searchVolume"":462},{""year"":2025,""month"":6,""searchVolume"":456},{""year"":2025,""month"":5,""searchVolume"":560},{""year"":2025,""month"":4,""searchVolume"":684},{""year"":2025,""month"":3,""searchVolume"":685},{""year"":2025,""month"":2,""searchVolume"":678},{""year"":2025,""month"":1,""searchVolume"":684},{""year"":2024,""month"":12,""searchVolume"":590},{""year"":2024,""month"":11,""searchVolume"":720},{""year"":2024,""month"":10,""searchVolume"":880},{""year"":2024,""month"":9,""searchVolume"":1000},{""year"":2024,""month"":8,""searchVolume"":1300},{""year"":2024,""month"":7,""searchVolume"":1300},{""year"":2024,""month"":6,""searchVolume"":1000},{""year"":2024,""month"":5,""searchVolume"":1300},{""year"":2024,""month"":4,""searchVolume"":1300},{""year"":2024,""month"":3,""searchVolume"":1000},{""year"":2024,""month"":2,""searchVolume"":1300},{""year"":2024,""month"":1,""searchVolume"":1300},{""year"":2023,""month"":12,""searchVolume"":880},{""year"":2023,""month"":11,""searchVolume"":880},{""year"":2023,""month"":10,""searchVolume"":1000},{""year"":2023,""month"":9,""searchVolume"":1000},{""year"":2023,""month"":8,""searchVolume"":792},{""year"":2023,""month"":7,""searchVolume"":792}]"
upper edge property management,2124,en,716,0,4.97,navigational,"[{""year"":2026,""month"":6,""searchVolume"":876},{""year"":2026,""month"":5,""searchVolume"":715},{""year"":2026,""month"":4,""searchVolume"":716},{""year"":2026,""month"":3,""searchVolume"":876},{""year"":2026,""month"":2,""searchVolume"":717},{""year"":2026,""month"":1,""searchVolume"":717},{""year"":2025,""month"":12,""searchVolume"":478},{""year"":2025,""month"":11,""searchVolume"":587},{""year"":2025,""month"":10,""searchVolume"":588},{""year"":2025,""month"":9,""searchVolume"":718},{""year"":2025,""month"":8,""searchVolume"":997},{""year"":2025,""month"":7,""searchVolume"":877},{""year"":2025,""month"":6,""searchVolume"":876},{""year"":2025,""month"":5,""searchVolume"":875},{""year"":2025,""month"":4,""searchVolume"":874},{""year"":2025,""month"":3,""searchVolume"":716},{""year"":2025,""month"":2,""searchVolume"":716},{""year"":2025,""month"":1,""searchVolume"":877},{""year"":2024,""month"":12,""searchVolume"":480},{""year"":2024,""month"":11,""searchVolume"":590},{""year"":2024,""month"":10,""searchVolume"":880},{""year"":2024,""month"":9,""searchVolume"":720},{""year"":2024,""month"":8,""searchVolume"":880},{""year"":2024,""month"":7,""searchVolume"":880},{""year"":2024,""month"":6,""searchVolume"":880},{""year"":2024,""month"":5,""searchVolume"":880},{""year"":2024,""month"":4,""searchVolume"":720},{""year"":2024,""month"":3,""searchVolume"":720},{""year"":2024,""month"":2,""searchVolume"":720},{""year"":2024,""month"":1,""searchVolume"":720},{""year"":2023,""month"":12,""searchVolume"":590},{""year"":2023,""month"":11,""searchVolume"":590},{""year"":2023,""month"":10,""searchVolume"":590},{""year"":2023,""month"":9,""searchVolume"":590},{""year"":2023,""month"":8,""searchVolume"":720},{""year"":2023,""month"":7,""searchVolume"":1300}]"
select property management,2124,en,316,13,,navigational,"[{""year"":2026,""month"":6,""searchVolume"":257},{""year"":2026,""month"":5,""searchVolume"":257},{""year"":2026,""month"":4,""searchVolume"":316},{""year"":2026,""month"":3,""searchVolume"":316},{""year"":2026,""month"":2,""searchVolume"":316},{""year"":2026,""month"":1,""searchVolume"":385},{""year"":2025,""month"":12,""searchVolume"":317},{""year"":2025,""month"":11,""searchVolume"":257},{""year"":2025,""month"":10,""searchVolume"":317},{""year"":2025,""month"":9,""searchVolume"":385},{""year"":2025,""month"":8,""searchVolume"":316},{""year"":2025,""month"":7,""searchVolume"":384},{""year"":2025,""month"":6,""searchVolume"":470},{""year"":2025,""month"":5,""searchVolume"":382},{""year"":2025,""month"":4,""searchVolume"":470},{""year"":2025,""month"":3,""searchVolume"":382},{""year"":2025,""month"":2,""searchVolume"":472},{""year"":2025,""month"":1,""searchVolume"":386},{""year"":2024,""month"":12,""searchVolume"":320},{""year"":2024,""month"":11,""searchVolume"":320},{""year"":2024,""month"":10,""searchVolume"":320},{""year"":2024,""month"":9,""searchVolume"":320},{""year"":2024,""month"":8,""searchVolume"":260},{""year"":2024,""month"":7,""searchVolume"":320},{""year"":2024,""month"":6,""searchVolume"":390},{""year"":2024,""month"":5,""searchVolume"":480},{""year"":2024,""month"":4,""searchVolume"":480},{""year"":2024,""month"":3,""searchVolume"":390},{""year"":2024,""month"":2,""searchVolume"":390},{""year"":2024,""month"":1,""searchVolume"":390},{""year"":2023,""month"":12,""searchVolume"":320},{""year"":2023,""month"":11,""searchVolume"":390},{""year"":2023,""month"":10,""searchVolume"":390},{""year"":2023,""month"":9,""searchVolume"":390},{""year"":2023,""month"":8,""searchVolume"":590},{""year"":2023,""month"":7,""searchVolume"":590}]"
property management halifax,2124,en,282,1,3.03,commercial,"[{""year"":2026,""month"":6,""searchVolume"":229},{""year"":2026,""month"":5,""searchVolume"":282},{""year"":2026,""month"":4,""searchVolume"":314},{""year"":2026,""month"":3,""searchVolume"":462},{""year"":2026,""month"":2,""searchVolume"":320},{""year"":2026,""month"":1,""searchVolume"":394},{""year"":2025,""month"":12,""searchVolume"":484},{""year"":2025,""month"":11,""searchVolume"":377},{""year"":2025,""month"":10,""searchVolume"":318},{""year"":2025,""month"":9,""searchVolume"":272},{""year"":2025,""month"":8,""searchVolume"":238},{""year"":2025,""month"":7,""searchVolume"":189},{""year"":2025,""month"":6,""searchVolume"":232},{""year"":2025,""month"":5,""searchVolume"":231},{""year"":2025,""month"":4,""searchVolume"":211},{""year"":2025,""month"":3,""searchVolume"":284},{""year"":2025,""month"":2,""searchVolume"":188},{""year"":2025,""month"":1,""searchVolume"":484},{""year"":2024,""month"":12,""searchVolume"":256},{""year"":2024,""month"":11,""searchVolume"":320},{""year"":2024,""month"":10,""searchVolume"":223},{""year"":2024,""month"":9,""searchVolume"":240},{""year"":2024,""month"":8,""searchVolume"":240},{""year"":2024,""month"":7,""searchVolume"":236},{""year"":2024,""month"":6,""searchVolume"":148},{""year"":2024,""month"":5,""searchVolume"":181},{""year"":2024,""month"":4,""searchVolume"":360},{""year"":2024,""month"":3,""searchVolume"":360},{""year"":2024,""month"":2,""searchVolume"":295},{""year"":2024,""month"":1,""searchVolume"":440},{""year"":2023,""month"":12,""searchVolume"":295},{""year"":2023,""month"":11,""searchVolume"":297},{""year"":2023,""month"":10,""searchVolume"":590},{""year"":2023,""month"":9,""searchVolume"":590},{""year"":2023,""month"":8,""searchVolume"":720},{""year"":2023,""month"":7,""searchVolume"":720}]"
property management companies lethbridge,2124,en,20,0,1.32,commercial,"[{""year"":2026,""month"":7,""searchVolume"":40},{""year"":2026,""month"":6,""searchVolume"":10},{""year"":2026,""month"":5,""searchVolume"":20},{""year"":2026,""month"":4,""searchVolume"":20},{""year"":2026,""month"":3,""searchVolume"":20},{""year"":2026,""month"":2,""searchVolume"":20},{""year"":2026,""month"":1,""searchVolume"":10},{""year"":2025,""month"":12,""searchVolume"":20},{""year"":2025,""month"":11,""searchVolume"":20},{""year"":2025,""month"":10,""searchVolume"":20},{""year"":2025,""month"":9,""searchVolume"":20},{""year"":2025,""month"":8,""searchVolume"":10}]"
cornerstone property management,2124,en,256,0,2.68,navigational,"[{""year"":2026,""month"":6,""searchVolume"":207},{""year"":2026,""month"":5,""searchVolume"":207},{""year"":2026,""month"":4,""searchVolume"":257},{""year"":2026,""month"":3,""searchVolume"":257},{""year"":2026,""month"":2,""searchVolume"":208},{""year"":2026,""month"":1,""searchVolume"":256},{""year"":2025,""month"":12,""searchVolume"":256},{""year"":2025,""month"":11,""searchVolume"":207},{""year"":2025,""month"":10,""searchVolume"":256},{""year"":2025,""month"":9,""searchVolume"":257},{""year"":2025,""month"":8,""searchVolume"":257},{""year"":2025,""month"":7,""searchVolume"":257},{""year"":2025,""month"":6,""searchVolume"":257},{""year"":2025,""month"":5,""searchVolume"":315},{""year"":2025,""month"":4,""searchVolume"":256},{""year"":2025,""month"":3,""searchVolume"":256},{""year"":2025,""month"":2,""searchVolume"":167},{""year"":2025,""month"":1,""searchVolume"":168},{""year"":2024,""month"":12,""searchVolume"":170},{""year"":2024,""month"":11,""searchVolume"":210},{""year"":2024,""month"":10,""searchVolume"":260},{""year"":2024,""month"":9,""searchVolume"":170},{""year"":2024,""month"":8,""searchVolume"":210},{""year"":2024,""month"":7,""searchVolume"":210},{""year"":2024,""month"":6,""searchVolume"":260},{""year"":2024,""month"":5,""searchVolume"":260},{""year"":2024,""month"":4,""searchVolume"":260},{""year"":2024,""month"":3,""searchVolume"":260},{""year"":2024,""month"":2,""searchVolume"":260},{""year"":2024,""month"":1,""searchVolume"":320},{""year"":2023,""month"":12,""searchVolume"":170},{""year"":2023,""month"":11,""searchVolume"":170},{""year"":2023,""month"":10,""searchVolume"":210},{""year"":2023,""month"":9,""searchVolume"":210},{""year"":2023,""month"":8,""searchVolume"":210},{""year"":2023,""month"":7,""searchVolume"":210}]"
nadlan harris property management,2124,en,296,0,6.29,navigational,"[{""year"":2026,""month"":6,""searchVolume"":296},{""year"":2026,""month"":5,""searchVolume"":401},{""year"":2026,""month"":4,""searchVolume"":496},{""year"":2026,""month"":3,""searchVolume"":526},{""year"":2026,""month"":2,""searchVolume"":176},{""year"":2026,""month"":1,""searchVolume"":215},{""year"":2025,""month"":12,""searchVolume"":215},{""year"":2025,""month"":11,""searchVolume"":176},{""year"":2025,""month"":10,""searchVolume"":176},{""year"":2025,""month"":9,""searchVolume"":172},{""year"":2025,""month"":8,""searchVolume"":122},{""year"":2025,""month"":7,""searchVolume"":142},{""year"":2025,""month"":6,""searchVolume"":140},{""year"":2025,""month"":5,""searchVolume"":161},{""year"":2025,""month"":4,""searchVolume"":116},{""year"":2025,""month"":3,""searchVolume"":5},{""year"":2025,""month"":2,""searchVolume"":6},{""year"":2025,""month"":1,""searchVolume"":216},{""year"":2024,""month"":12,""searchVolume"":220},{""year"":2024,""month"":11,""searchVolume"":220},{""year"":2024,""month"":10,""searchVolume"":175},{""year"":2024,""month"":9,""searchVolume"":124},{""year"":2024,""month"":8,""searchVolume"":124},{""year"":2024,""month"":7,""searchVolume"":145},{""year"":2024,""month"":6,""searchVolume"":165},{""year"":2024,""month"":5,""searchVolume"":145},{""year"":2024,""month"":4,""searchVolume"":0},{""year"":2024,""month"":3,""searchVolume"":0},{""year"":2024,""month"":2,""searchVolume"":0},{""year"":2024,""month"":1,""searchVolume"":0},{""year"":2023,""month"":12,""searchVolume"":0},{""year"":2023,""month"":11,""searchVolume"":0},{""year"":2023,""month"":10,""searchVolume"":586},{""year"":2023,""month"":9,""searchVolume"":480},{""year"":2023,""month"":8,""searchVolume"":586},{""year"":2023,""month"":7,""searchVolume"":480}]"
property management kelowna,2124,en,590,6,,commercial,"[{""year"":2026,""month"":7,""searchVolume"":590},{""year"":2026,""month"":6,""searchVolume"":590},{""year"":2026,""month"":5,""searchVolume"":590},{""year"":2026,""month"":4,""searchVolume"":590},{""year"":2026,""month"":3,""searchVolume"":880},{""year"":2026,""month"":2,""searchVolume"":590},{""year"":2026,""month"":1,""searchVolume"":720},{""year"":2025,""month"":12,""searchVolume"":390},{""year"":2025,""month"":11,""searchVolume"":480},{""year"":2025,""month"":10,""searchVolume"":590},{""year"":2025,""month"":9,""searchVolume"":480},{""year"":2025,""month"":8,""searchVolume"":720}]"
best property management companies,2124,en,140,5,8.62,commercial,"[{""year"":2026,""month"":7,""searchVolume"":170},{""year"":2026,""month"":6,""searchVolume"":170},{""year"":2026,""month"":5,""searchVolume"":110},{""year"":2026,""month"":4,""searchVolume"":110},{""year"":2026,""month"":3,""searchVolume"":140},{""year"":2026,""month"":2,""searchVolume"":90},{""year"":2026,""month"":1,""searchVolume"":110},{""year"":2025,""month"":12,""searchVolume"":90},{""year"":2025,""month"":11,""searchVolume"":70},{""year"":2025,""month"":10,""searchVolume"":90},{""year"":2025,""month"":9,""searchVolume"":210},{""year"":2025,""month"":8,""searchVolume"":90}]"
property management chilliwack,2124,en,210,0,5.22,commercial,"[{""year"":2026,""month"":7,""searchVolume"":170},{""year"":2026,""month"":6,""searchVolume"":110},{""year"":2026,""month"":5,""searchVolume"":170},{""year"":2026,""month"":4,""searchVolume"":210},{""year"":2026,""month"":3,""searchVolume"":260},{""year"":2026,""month"":2,""searchVolume"":210},{""year"":2026,""month"":1,""searchVolume"":260},{""year"":2025,""month"":12,""searchVolume"":90},{""year"":2025,""month"":11,""searchVolume"":210},{""year"":2025,""month"":10,""searchVolume"":210},{""year"":2025,""month"":9,""searchVolume"":260},{""year"":2025,""month"":8,""searchVolume"":320}]"
prime property management,2124,en,293,0,1.33,navigational,"[{""year"":2026,""month"":6,""searchVolume"":433},{""year"":2026,""month"":5,""searchVolume"":828},{""year"":2026,""month"":4,""searchVolume"":828},{""year"":2026,""month"":3,""searchVolume"":941},{""year"":2026,""month"":2,""searchVolume"":699},{""year"":2026,""month"":1,""searchVolume"":854},{""year"":2025,""month"":12,""searchVolume"":699},{""year"":2025,""month"":11,""searchVolume"":706},{""year"":2025,""month"":10,""searchVolume"":862},{""year"":2025,""month"":9,""searchVolume"":1280},{""year"":2025,""month"":8,""searchVolume"":1280},{""year"":2025,""month"":7,""searchVolume"":985},{""year"":2025,""month"":6,""searchVolume"":985},{""year"":2025,""month"":5,""searchVolume"":862},{""year"":2025,""month"":4,""searchVolume"":979},{""year"":2025,""month"":3,""searchVolume"":985},{""year"":2025,""month"":2,""searchVolume"":869},{""year"":2025,""month"":1,""searchVolume"":975},{""year"":2024,""month"":12,""searchVolume"":880},{""year"":2024,""month"":11,""searchVolume"":880},{""year"":2024,""month"":10,""searchVolume"":1000},{""year"":2024,""month"":9,""searchVolume"":1000},{""year"":2024,""month"":8,""searchVolume"":1300},{""year"":2024,""month"":7,""searchVolume"":1300},{""year"":2024,""month"":6,""searchVolume"":1000},{""year"":2024,""month"":5,""searchVolume"":1300},{""year"":2024,""month"":4,""searchVolume"":1300},{""year"":2024,""month"":3,""searchVolume"":1300},{""year"":2024,""month"":2,""searchVolume"":1000},{""year"":2024,""month"":1,""searchVolume"":1000},{""year"":2023,""month"":12,""searchVolume"":880},{""year"":2023,""month"":11,""searchVolume"":880},{""year"":2023,""month"":10,""searchVolume"":1000},{""year"":2023,""month"":9,""searchVolume"":1000},{""year"":2023,""month"":8,""searchVolume"":1300},{""year"":2023,""month"":7,""searchVolume"":1000}]"
homelife property management,2124,en,390,1,1.21,navigational,"[{""year"":2026,""month"":7,""searchVolume"":480},{""year"":2026,""month"":6,""searchVolume"":480},{""year"":2026,""month"":5,""searchVolume"":390},{""year"":2026,""month"":4,""searchVolume"":480},{""year"":2026,""month"":3,""searchVolume"":390},{""year"":2026,""month"":2,""searchVolume"":320},{""year"":2026,""month"":1,""searchVolume"":390},{""year"":2025,""month"":12,""searchVolume"":260},{""year"":2025,""month"":11,""searchVolume"":170},{""year"":2025,""month"":10,""searchVolume"":320},{""year"":2025,""month"":9,""searchVolume"":390},{""year"":2025,""month"":8,""searchVolume"":320}]"
property management burlington,2124,en,90,0,3.9,commercial,"[{""year"":2026,""month"":7,""searchVolume"":50},{""year"":2026,""month"":6,""searchVolume"":90},{""year"":2026,""month"":5,""searchVolume"":110},{""year"":2026,""month"":4,""searchVolume"":90},{""year"":2026,""month"":3,""searchVolume"":140},{""year"":2026,""month"":2,""searchVolume"":90},{""year"":2026,""month"":1,""searchVolume"":110},{""year"":2025,""month"":12,""searchVolume"":20},{""year"":2025,""month"":11,""searchVolume"":90},{""year"":2025,""month"":10,""searchVolume"":70},{""year"":2025,""month"":9,""searchVolume"":140},{""year"":2025,""month"":8,""searchVolume"":50}]"
west coast property management,2124,en,268,0,0.42,commercial,"[{""year"":2026,""month"":6,""searchVolume"":326},{""year"":2026,""month"":5,""searchVolume"":318},{""year"":2026,""month"":4,""searchVolume"":388},{""year"":2026,""month"":3,""searchVolume"":318},{""year"":2026,""month"":2,""searchVolume"":258},{""year"":2026,""month"":1,""searchVolume"":326},{""year"":2025,""month"":12,""searchVolume"":218},{""year"":2025,""month"":11,""searchVolume"":209},{""year"":2025,""month"":10,""searchVolume"":313},{""year"":2025,""month"":9,""searchVolume"":300},{""year"":2025,""month"":8,""searchVolume"":183},{""year"":2025,""month"":7,""searchVolume"":244},{""year"":2025,""month"":6,""searchVolume"":321},{""year"":2025,""month"":5,""searchVolume"":337},{""year"":2025,""month"":4,""searchVolume"":336},{""year"":2025,""month"":3,""searchVolume"":349},{""year"":2025,""month"":2,""searchVolume"":312},{""year"":2025,""month"":1,""searchVolume"":384},{""year"":2024,""month"":12,""searchVolume"":312},{""year"":2024,""month"":11,""searchVolume"":384}]"
property management hamilton,2124,en,390,7,4.28,commercial,"[{""year"":2026,""month"":7,""searchVolume"":260},{""year"":2026,""month"":6,""searchVolume"":320},{""year"":2026,""month"":5,""searchVolume"":320},{""year"":2026,""month"":4,""searchVolume"":320},{""year"":2026,""month"":3,""searchVolume"":390},{""year"":2026,""month"":2,""searchVolume"":320},{""year"":2026,""month"":1,""searchVolume"":320},{""year"":2025,""month"":12,""searchVolume"":210},{""year"":2025,""month"":11,""searchVolume"":320},{""year"":2025,""month"":10,""searchVolume"":480},{""year"":2025,""month"":9,""searchVolume"":1000},{""year"":2025,""month"":8,""searchVolume"":260}]"
thorne property management,2124,en,320,0,12.45,navigational,"[{""year"":2026,""month"":7,""searchVolume"":320},{""year"":2026,""month"":6,""searchVolume"":390},{""year"":2026,""month"":5,""searchVolume"":320},{""year"":2026,""month"":4,""searchVolume"":320},{""year"":2026,""month"":3,""searchVolume"":320},{""year"":2026,""month"":2,""searchVolume"":320},{""year"":2026,""month"":1,""searchVolume"":390},{""year"":2025,""month"":12,""searchVolume"":260},{""year"":2025,""month"":11,""searchVolume"":260},{""year"":2025,""month"":10,""searchVolume"":320},{""year"":2025,""month"":9,""searchVolume"":390},{""year"":2025,""month"":8,""searchVolume"":320}]"
castle property management,2124,en,314,0,,commercial,"[{""year"":2026,""month"":6,""searchVolume"":314},{""year"":2026,""month"":5,""searchVolume"":255},{""year"":2026,""month"":4,""searchVolume"":314},{""year"":2026,""month"":3,""searchVolume"":207},{""year"":2026,""month"":2,""searchVolume"":256},{""year"":2026,""month"":1,""searchVolume"":256},{""year"":2025,""month"":12,""searchVolume"":378},{""year"":2025,""month"":11,""searchVolume"":310},{""year"":2025,""month"":10,""searchVolume"":378},{""year"":2025,""month"":9,""searchVolume"":310},{""year"":2025,""month"":8,""searchVolume"":367},{""year"":2025,""month"":7,""searchVolume"":301},{""year"":2025,""month"":6,""searchVolume"":198},{""year"":2025,""month"":5,""searchVolume"":197},{""year"":2025,""month"":4,""searchVolume"":132},{""year"":2025,""month"":3,""searchVolume"":30},{""year"":2025,""month"":2,""searchVolume"":23},{""year"":2025,""month"":1,""searchVolume"":89},{""year"":2024,""month"":12,""searchVolume"":110},{""year"":2024,""month"":11,""searchVolume"":170},{""year"":2024,""month"":10,""searchVolume"":110},{""year"":2024,""month"":9,""searchVolume"":90},{""year"":2024,""month"":8,""searchVolume"":50},{""year"":2024,""month"":7,""searchVolume"":140},{""year"":2024,""month"":6,""searchVolume"":90},{""year"":2024,""month"":5,""searchVolume"":70},{""year"":2024,""month"":4,""searchVolume"":110},{""year"":2024,""month"":3,""searchVolume"":50},{""year"":2024,""month"":2,""searchVolume"":50},{""year"":2024,""month"":1,""searchVolume"":40},{""year"":2023,""month"":12,""searchVolume"":20},{""year"":2023,""month"":11,""searchVolume"":70},{""year"":2023,""month"":10,""searchVolume"":90},{""year"":2023,""month"":9,""searchVolume"":70},{""year"":2023,""month"":8,""searchVolume"":70},{""year"":2023,""month"":7,""searchVolume"":50}]"
silverleaf property management,2124,en,20,,,navigational,"[{""year"":2026,""month"":7,""searchVolume"":30},{""year"":2026,""month"":6,""searchVolume"":20},{""year"":2026,""month"":5,""searchVolume"":40},{""year"":2026,""month"":4,""searchVolume"":30},{""year"":2026,""month"":3,""searchVolume"":20},{""year"":2026,""month"":2,""searchVolume"":20},{""year"":2026,""month"":1,""searchVolume"":20},{""year"":2025,""month"":12,""searchVolume"":20},{""year"":2025,""month"":11,""searchVolume"":20},{""year"":2025,""month"":10,""searchVolume"":30},{""year"":2025,""month"":9,""searchVolume"":20},{""year"":2025,""month"":8,""searchVolume"":20}]"
kelowna property management companies,2124,en,90,2,2.88,commercial,"[{""year"":2026,""month"":7,""searchVolume"":70},{""year"":2026,""month"":6,""searchVolume"":110},{""year"":2026,""month"":5,""searchVolume"":70},{""year"":2026,""month"":4,""searchVolume"":70},{""year"":2026,""month"":3,""searchVolume"":140},{""year"":2026,""month"":2,""searchVolume"":90},{""year"":2026,""month"":1,""searchVolume"":90},{""year"":2025,""month"":12,""searchVolume"":40},{""year"":2025,""month"":11,""searchVolume"":70},{""year"":2025,""month"":10,""searchVolume"":70},{""year"":2025,""month"":9,""searchVolume"":110},{""year"":2025,""month"":8,""searchVolume"":90}]"
envision property management,2124,en,258,0,8.27,navigational,"[{""year"":2026,""month"":6,""searchVolume"":258},{""year"":2026,""month"":5,""searchVolume"":257},{""year"":2026,""month"":4,""searchVolume"":258},{""year"":2026,""month"":3,""searchVolume"":317},{""year"":2026,""month"":2,""searchVolume"":208},{""year"":2026,""month"":1,""searchVolume"":208},{""year"":2025,""month"":12,""searchVolume"":168},{""year"":2025,""month"":11,""searchVolume"":168},{""year"":2025,""month"":10,""searchVolume"":258},{""year"":2025,""month"":9,""searchVolume"":208},{""year"":2025,""month"":8,""searchVolume"":258},{""year"":2025,""month"":7,""searchVolume"":318},{""year"":2025,""month"":6,""searchVolume"":208},{""year"":2025,""month"":5,""searchVolume"":208},{""year"":2025,""month"":4,""searchVolume"":256},{""year"":2025,""month"":3,""searchVolume"":317},{""year"":2025,""month"":2,""searchVolume"":207},{""year"":2025,""month"":1,""searchVolume"":258},{""year"":2024,""month"":12,""searchVolume"":210},{""year"":2024,""month"":11,""searchVolume"":390},{""year"":2024,""month"":10,""searchVolume"":480},{""year"":2024,""month"":9,""searchVolume"":320},{""year"":2024,""month"":8,""searchVolume"":390},{""year"":2024,""month"":7,""searchVolume"":390},{""year"":2024,""month"":6,""searchVolume"":390},{""year"":2024,""month"":5,""searchVolume"":480},{""year"":2024,""month"":4,""searchVolume"":480},{""year"":2024,""month"":3,""searchVolume"":590},{""year"":2024,""month"":2,""searchVolume"":390},{""year"":2024,""month"":1,""searchVolume"":480},{""year"":2023,""month"":12,""searchVolume"":320},{""year"":2023,""month"":11,""searchVolume"":320},{""year"":2023,""month"":10,""searchVolume"":390},{""year"":2023,""month"":9,""searchVolume"":320},{""year"":2023,""month"":8,""searchVolume"":320},{""year"":2023,""month"":7,""searchVolume"":260}]"
ontario property management,2124,en,260,45,2.96,commercial,"[{""year"":2026,""month"":7,""searchVolume"":140},{""year"":2026,""month"":6,""searchVolume"":210},{""year"":2026,""month"":5,""searchVolume"":210},{""year"":2026,""month"":4,""searchVolume"":260},{""year"":2026,""month"":3,""searchVolume"":320},{""year"":2026,""month"":2,""searchVolume"":170},{""year"":2026,""month"":1,""searchVolume"":260},{""year"":2025,""month"":12,""searchVolume"":210},{""year"":2025,""month"":11,""searchVolume"":140},{""year"":2025,""month"":10,""searchVolume"":210},{""year"":2025,""month"":9,""searchVolume"":390},{""year"":2025,""month"":8,""searchVolume"":260}]"
panadew property management,2124,en,362,0,1.89,navigational,"[{""year"":2026,""month"":6,""searchVolume"":241},{""year"":2026,""month"":5,""searchVolume"":297},{""year"":2026,""month"":4,""searchVolume"":362},{""year"":2026,""month"":3,""searchVolume"":337},{""year"":2026,""month"":2,""searchVolume"":277},{""year"":2026,""month"":1,""searchVolume"":337},{""year"":2025,""month"":12,""searchVolume"":225},{""year"":2025,""month"":11,""searchVolume"":415},{""year"":2025,""month"":10,""searchVolume"":98},{""year"":2025,""month"":9,""searchVolume"":65},{""year"":2025,""month"":8,""searchVolume"":53},{""year"":2025,""month"":7,""searchVolume"":53},{""year"":2025,""month"":6,""searchVolume"":43},{""year"":2025,""month"":5,""searchVolume"":276},{""year"":2025,""month"":4,""searchVolume"":361},{""year"":2025,""month"":3,""searchVolume"":367},{""year"":2025,""month"":2,""searchVolume"":366},{""year"":2025,""month"":1,""searchVolume"":345},{""year"":2024,""month"":12,""searchVolume"":320},{""year"":2024,""month"":11,""searchVolume"":590},{""year"":2024,""month"":10,""searchVolume"":480},{""year"":2024,""month"":9,""searchVolume"":390},{""year"":2024,""month"":8,""searchVolume"":480},{""year"":2024,""month"":7,""searchVolume"":390},{""year"":2024,""month"":6,""searchVolume"":480},{""year"":2024,""month"":5,""searchVolume"":480},{""year"":2024,""month"":4,""searchVolume"":480},{""year"":2024,""month"":3,""searchVolume"":390},{""year"":2024,""month"":2,""searchVolume"":390},{""year"":2024,""month"":1,""searchVolume"":480},{""year"":2023,""month"":12,""searchVolume"":320},{""year"":2023,""month"":11,""searchVolume"":720},{""year"":2023,""month"":10,""searchVolume"":590},{""year"":2023,""month"":9,""searchVolume"":260},{""year"":2023,""month"":8,""searchVolume"":390}]"
greenleaf property management,2124,en,384,0,3.77,navigational,"[{""year"":2026,""month"":6,""searchVolume"":590},{""year"":2026,""month"":5,""searchVolume"":590},{""year"":2026,""month"":4,""searchVolume"":480},{""year"":2026,""month"":3,""searchVolume"":480},{""year"":2026,""month"":2,""searchVolume"":320},{""year"":2026,""month"":1,""searchVolume"":390},{""year"":2025,""month"":12,""searchVolume"":260},{""year"":2025,""month"":11,""searchVolume"":320},{""year"":2025,""month"":10,""searchVolume"":320},{""year"":2025,""month"":9,""searchVolume"":378},{""year"":2025,""month"":8,""searchVolume"":378},{""year"":2025,""month"":7,""searchVolume"":378},{""year"":2025,""month"":6,""searchVolume"":465},{""year"":2025,""month"":5,""searchVolume"":465},{""year"":2025,""month"":4,""searchVolume"":378},{""year"":2025,""month"":3,""searchVolume"":378},{""year"":2025,""month"":2,""searchVolume"":316},{""year"":2025,""month"":1,""searchVolume"":385},{""year"":2024,""month"":12,""searchVolume"":320},{""year"":2024,""month"":11,""searchVolume"":390},{""year"":2024,""month"":10,""searchVolume"":480},{""year"":2024,""month"":9,""searchVolume"":480},{""year"":2024,""month"":8,""searchVolume"":390},{""year"":2024,""month"":7,""searchVolume"":480},{""year"":2024,""month"":6,""searchVolume"":590},{""year"":2024,""month"":5,""searchVolume"":720},{""year"":2024,""month"":4,""searchVolume"":720},{""year"":2024,""month"":3,""searchVolume"":720},{""year"":2024,""month"":2,""searchVolume"":590},{""year"":2024,""month"":1,""searchVolume"":590},{""year"":2023,""month"":12,""searchVolume"":320},{""year"":2023,""month"":11,""searchVolume"":390},{""year"":2023,""month"":10,""searchVolume"":325},{""year"":2023,""month"":9,""searchVolume"":266},{""year"":2023,""month"":8,""searchVolume"":325},{""year"":2023,""month"":7,""searchVolume"":325}]"
cedar creek property services,2124,en,90,0,,commercial,"[{""year"":2026,""month"":6,""searchVolume"":140},{""year"":2026,""month"":5,""searchVolume"":140},{""year"":2026,""month"":4,""searchVolume"":90},{""year"":2026,""month"":3,""searchVolume"":110},{""year"":2026,""month"":2,""searchVolume"":90},{""year"":2026,""month"":1,""searchVolume"":70},{""year"":2025,""month"":12,""searchVolume"":90},{""year"":2025,""month"":11,""searchVolume"":90},{""year"":2025,""month"":10,""searchVolume"":140},{""year"":2025,""month"":9,""searchVolume"":50},{""year"":2025,""month"":8,""searchVolume"":40},{""year"":2025,""month"":7,""searchVolume"":40}]"
top property management companies,2124,en,50,0,30.11,commercial,"[{""year"":2026,""month"":7,""searchVolume"":50},{""year"":2026,""month"":6,""searchVolume"":40},{""year"":2026,""month"":5,""searchVolume"":30},{""year"":2026,""month"":4,""searchVolume"":50},{""year"":2026,""month"":3,""searchVolume"":90},{""year"":2026,""month"":2,""searchVolume"":30},{""year"":2026,""month"":1,""searchVolume"":50},{""year"":2025,""month"":12,""searchVolume"":30},{""year"":2025,""month"":11,""searchVolume"":50},{""year"":2025,""month"":10,""searchVolume"":70},{""year"":2025,""month"":9,""searchVolume"":70},{""year"":2025,""month"":8,""searchVolume"":50}]"
real property management,2124,en,307,8,3.4,commercial,"[{""year"":2026,""month"":6,""searchVolume"":250},{""year"":2026,""month"":5,""searchVolume"":256},{""year"":2026,""month"":4,""searchVolume"":256},{""year"":2026,""month"":3,""searchVolume"":315},{""year"":2026,""month"":2,""searchVolume"":256},{""year"":2026,""month"":1,""searchVolume"":315},{""year"":2025,""month"":12,""searchVolume"":256},{""year"":2025,""month"":11,""searchVolume"":316},{""year"":2025,""month"":10,""searchVolume"":316},{""year"":2025,""month"":9,""searchVolume"":385},{""year"":2025,""month"":8,""searchVolume"":385},{""year"":2025,""month"":7,""searchVolume"":474},{""year"":2025,""month"":6,""searchVolume"":581},{""year"":2025,""month"":5,""searchVolume"":847},{""year"":2025,""month"":4,""searchVolume"":836},{""year"":2025,""month"":3,""searchVolume"":837},{""year"":2025,""month"":2,""searchVolume"":826},{""year"":2025,""month"":1,""searchVolume"":984},{""year"":2024,""month"":12,""searchVolume"":590},{""year"":2024,""month"":11,""searchVolume"":720},{""year"":2024,""month"":10,""searchVolume"":880},{""year"":2024,""month"":9,""searchVolume"":880},{""year"":2024,""month"":8,""searchVolume"":880},{""year"":2024,""month"":7,""searchVolume"":880},{""year"":2024,""month"":6,""searchVolume"":1000},{""year"":2024,""month"":5,""searchVolume"":1000},{""year"":2024,""month"":4,""searchVolume"":1000},{""year"":2024,""month"":3,""searchVolume"":1000},{""year"":2024,""month"":2,""searchVolume"":1000},{""year"":2024,""month"":1,""searchVolume"":1000},{""year"":2023,""month"":12,""searchVolume"":880},{""year"":2023,""month"":11,""searchVolume"":880},{""year"":2023,""month"":10,""searchVolume"":1000},{""year"":2023,""month"":9,""searchVolume"":880},{""year"":2023,""month"":8,""searchVolume"":1000},{""year"":2023,""month"":7,""searchVolume"":1000}]"
paramount property management,2124,en,170,12,,navigational,"[{""year"":2026,""month"":7,""searchVolume"":140},{""year"":2026,""month"":6,""searchVolume"":170},{""year"":2026,""month"":5,""searchVolume"":170},{""year"":2026,""month"":4,""searchVolume"":170},{""year"":2026,""month"":3,""searchVolume"":210},{""year"":2026,""month"":2,""searchVolume"":140},{""year"":2026,""month"":1,""searchVolume"":210},{""year"":2025,""month"":12,""searchVolume"":140},{""year"":2025,""month"":11,""searchVolume"":140},{""year"":2025,""month"":10,""searchVolume"":140},{""year"":2025,""month"":9,""searchVolume"":140},{""year"":2025,""month"":8,""searchVolume"":170}]"
amr property management,2124,en,320,3,0.93,navigational,"[{""year"":2026,""month"":7,""searchVolume"":320},{""year"":2026,""month"":6,""searchVolume"":320},{""year"":2026,""month"":5,""searchVolume"":260},{""year"":2026,""month"":4,""searchVolume"":390},{""year"":2026,""month"":3,""searchVolume"":320},{""year"":2026,""month"":2,""searchVolume"":260},{""year"":2026,""month"":1,""searchVolume"":260},{""year"":2025,""month"":12,""searchVolume"":260},{""year"":2025,""month"":11,""searchVolume"":210},{""year"":2025,""month"":10,""searchVolume"":260},{""year"":2025,""month"":9,""searchVolume"":320},{""year"":2025,""month"":8,""searchVolume"":390}]"
property management companies in ontario,2124,en,170,40,,commercial,"[{""year"":2026,""month"":7,""searchVolume"":140},{""year"":2026,""month"":6,""searchVolume"":90},{""year"":2026,""month"":5,""searchVolume"":210},{""year"":2026,""month"":4,""searchVolume"":140},{""year"":2026,""month"":3,""searchVolume"":320},{""year"":2026,""month"":2,""searchVolume"":170},{""year"":2026,""month"":1,""searchVolume"":210},{""year"":2025,""month"":12,""searchVolume"":90},{""year"":2025,""month"":11,""searchVolume"":170},{""year"":2025,""month"":10,""searchVolume"":170},{""year"":2025,""month"":9,""searchVolume"":390},{""year"":2025,""month"":8,""searchVolume"":90}]"
property management companies kamloops,2124,en,40,7,2.88,commercial,"[{""year"":2026,""month"":7,""searchVolume"":30},{""year"":2026,""month"":6,""searchVolume"":90},{""year"":2026,""month"":5,""searchVolume"":40},{""year"":2026,""month"":4,""searchVolume"":30},{""year"":2026,""month"":3,""searchVolume"":30},{""year"":2026,""month"":2,""searchVolume"":40},{""year"":2026,""month"":1,""searchVolume"":50},{""year"":2025,""month"":12,""searchVolume"":20},{""year"":2025,""month"":11,""searchVolume"":50},{""year"":2025,""month"":10,""searchVolume"":30},{""year"":2025,""month"":9,""searchVolume"":70},{""year"":2025,""month"":8,""searchVolume"":40}]"
property management north vancouver,2124,en,170,10,7.28,commercial,"[{""year"":2026,""month"":7,""searchVolume"":140},{""year"":2026,""month"":6,""searchVolume"":70},{""year"":2026,""month"":5,""searchVolume"":170},{""year"":2026,""month"":4,""searchVolume"":170},{""year"":2026,""month"":3,""searchVolume"":390},{""year"":2026,""month"":2,""searchVolume"":260},{""year"":2026,""month"":1,""searchVolume"":110},{""year"":2025,""month"":12,""searchVolume"":50},{""year"":2025,""month"":11,""searchVolume"":90},{""year"":2025,""month"":10,""searchVolume"":260},{""year"":2025,""month"":9,""searchVolume"":90},{""year"":2025,""month"":8,""searchVolume"":90}]"
skyline property management,2124,en,387,5,1.15,navigational,"[{""year"":2026,""month"":6,""searchVolume"":476},{""year"":2026,""month"":5,""searchVolume"":387},{""year"":2026,""month"":4,""searchVolume"":388},{""year"":2026,""month"":3,""searchVolume"":388},{""year"":2026,""month"":2,""searchVolume"":388},{""year"":2026,""month"":1,""searchVolume"":478},{""year"":2025,""month"":12,""searchVolume"":388},{""year"":2025,""month"":11,""searchVolume"":388},{""year"":2025,""month"":10,""searchVolume"":388},{""year"":2025,""month"":9,""searchVolume"":478},{""year"":2025,""month"":8,""searchVolume"":478},{""year"":2025,""month"":7,""searchVolume"":478},{""year"":2025,""month"":6,""searchVolume"":475},{""year"":2025,""month"":5,""searchVolume"":584},{""year"":2025,""month"":4,""searchVolume"":581},{""year"":2025,""month"":3,""searchVolume"":572},{""year"":2025,""month"":2,""searchVolume"":468},{""year"":2025,""month"":1,""searchVolume"":588},{""year"":2024,""month"":12,""searchVolume"":480},{""year"":2024,""month"":11,""searchVolume"":480},{""year"":2024,""month"":10,""searchVolume"":590},{""year"":2024,""month"":9,""searchVolume"":590},{""year"":2024,""month"":8,""searchVolume"":590},{""year"":2024,""month"":7,""searchVolume"":590},{""year"":2024,""month"":6,""searchVolume"":480},{""year"":2024,""month"":5,""searchVolume"":590},{""year"":2024,""month"":4,""searchVolume"":590},{""year"":2024,""month"":3,""searchVolume"":590},{""year"":2024,""month"":2,""searchVolume"":590},{""year"":2024,""month"":1,""searchVolume"":590},{""year"":2023,""month"":12,""searchVolume"":390},{""year"":2023,""month"":11,""searchVolume"":480},{""year"":2023,""month"":10,""searchVolume"":480},{""year"":2023,""month"":9,""searchVolume"":590},{""year"":2023,""month"":8,""searchVolume"":590},{""year"":2023,""month"":7,""searchVolume"":480}]"
o'shea property management,2124,en,260,0,,commercial,"[{""year"":2026,""month"":7,""searchVolume"":390},{""year"":2026,""month"":6,""searchVolume"":210},{""year"":2026,""month"":5,""searchVolume"":170},{""year"":2026,""month"":4,""searchVolume"":320},{""year"":2026,""month"":3,""searchVolume"":320},{""year"":2026,""month"":2,""searchVolume"":140},{""year"":2026,""month"":1,""searchVolume"":210},{""year"":2025,""month"":12,""searchVolume"":140},{""year"":2025,""month"":11,""searchVolume"":170},{""year"":2025,""month"":10,""searchVolume"":260},{""year"":2025,""month"":9,""searchVolume"":260},{""year"":2025,""month"":8,""searchVolume"":320}]"
devereaux property management,2124,en,70,0,,navigational,"[{""year"":2026,""month"":6,""searchVolume"":40},{""year"":2026,""month"":5,""searchVolume"":40},{""year"":2026,""month"":4,""searchVolume"":70},{""year"":2026,""month"":3,""searchVolume"":110},{""year"":2026,""month"":2,""searchVolume"":90},{""year"":2026,""month"":1,""searchVolume"":110},{""year"":2025,""month"":12,""searchVolume"":70},{""year"":2025,""month"":11,""searchVolume"":50},{""year"":2025,""month"":10,""searchVolume"":70},{""year"":2025,""month"":9,""searchVolume"":50},{""year"":2025,""month"":8,""searchVolume"":50},{""year"":2025,""month"":7,""searchVolume"":70}]"
advanced property management,2124,en,590,0,2.55,informational,"[{""year"":2026,""month"":7,""searchVolume"":590},{""year"":2026,""month"":6,""searchVolume"":590},{""year"":2026,""month"":5,""searchVolume"":590},{""year"":2026,""month"":4,""searchVolume"":720},{""year"":2026,""month"":3,""searchVolume"":480},{""year"":2026,""month"":2,""searchVolume"":480},{""year"":2026,""month"":1,""searchVolume"":480},{""year"":2025,""month"":12,""searchVolume"":480},{""year"":2025,""month"":11,""searchVolume"":480},{""year"":2025,""month"":10,""searchVolume"":590},{""year"":2025,""month"":9,""searchVolume"":720},{""year"":2025,""month"":8,""searchVolume"":480}]"
property management saskatoon,2124,en,590,10,3.9,commercial,"[{""year"":2026,""month"":6,""searchVolume"":480},{""year"":2026,""month"":5,""searchVolume"":480},{""year"":2026,""month"":4,""searchVolume"":590},{""year"":2026,""month"":3,""searchVolume"":590},{""year"":2026,""month"":2,""searchVolume"":590},{""year"":2026,""month"":1,""searchVolume"":590},{""year"":2025,""month"":12,""searchVolume"":320},{""year"":2025,""month"":11,""searchVolume"":480},{""year"":2025,""month"":10,""searchVolume"":480},{""year"":2025,""month"":9,""searchVolume"":590},{""year"":2025,""month"":8,""searchVolume"":590},{""year"":2025,""month"":7,""searchVolume"":880}]"
first choice property management,2124,en,257,0,,navigational,"[{""year"":2026,""month"":6,""searchVolume"":257},{""year"":2026,""month"":5,""searchVolume"":257},{""year"":2026,""month"":4,""searchVolume"":315},{""year"":2026,""month"":3,""searchVolume"":252},{""year"":2026,""month"":2,""searchVolume"":204},{""year"":2026,""month"":1,""searchVolume"":252},{""year"":2025,""month"":12,""searchVolume"":165},{""year"":2025,""month"":11,""searchVolume"":252},{""year"":2025,""month"":10,""searchVolume"":252},{""year"":2025,""month"":9,""searchVolume"":252},{""year"":2025,""month"":8,""searchVolume"":315},{""year"":2025,""month"":7,""searchVolume"":315},{""year"":2025,""month"":6,""searchVolume"":317},{""year"":2025,""month"":5,""searchVolume"":388},{""year"":2025,""month"":4,""searchVolume"":388},{""year"":2025,""month"":3,""searchVolume"":388},{""year"":2025,""month"":2,""searchVolume"":318},{""year"":2025,""month"":1,""searchVolume"":380},{""year"":2024,""month"":12,""searchVolume"":260},{""year"":2024,""month"":11,""searchVolume"":260},{""year"":2024,""month"":10,""searchVolume"":320},{""year"":2024,""month"":9,""searchVolume"":390},{""year"":2024,""month"":8,""searchVolume"":480},{""year"":2024,""month"":7,""searchVolume"":390},{""year"":2024,""month"":6,""searchVolume"":390},{""year"":2024,""month"":5,""searchVolume"":590},{""year"":2024,""month"":4,""searchVolume"":590},{""year"":2024,""month"":3,""searchVolume"":480},{""year"":2024,""month"":2,""searchVolume"":480},{""year"":2024,""month"":1,""searchVolume"":480},{""year"":2023,""month"":12,""searchVolume"":320},{""year"":2023,""month"":11,""searchVolume"":480},{""year"":2023,""month"":10,""searchVolume"":390},{""year"":2023,""month"":9,""searchVolume"":390},{""year"":2023,""month"":8,""searchVolume"":590},{""year"":2023,""month"":7,""searchVolume"":590}]"
property management st catharines,2124,en,110,0,5.37,commercial,"[{""year"":2026,""month"":7,""searchVolume"":90},{""year"":2026,""month"":6,""searchVolume"":110},{""year"":2026,""month"":5,""searchVolume"":140},{""year"":2026,""month"":4,""searchVolume"":140},{""year"":2026,""month"":3,""searchVolume"":110},{""year"":2026,""month"":2,""searchVolume"":90},{""year"":2026,""month"":1,""searchVolume"":90},{""year"":2025,""month"":12,""searchVolume"":90},{""year"":2025,""month"":11,""searchVolume"":140},{""year"":2025,""month"":10,""searchVolume"":140},{""year"":2025,""month"":9,""searchVolume"":140},{""year"":2025,""month"":8,""searchVolume"":210}]"
premier property management,2124,en,357,0,0.93,navigational,"[{""year"":2026,""month"":6,""searchVolume"":439},{""year"":2026,""month"":5,""searchVolume"":357},{""year"":2026,""month"":4,""searchVolume"":539},{""year"":2026,""month"":3,""searchVolume"":439},{""year"":2026,""month"":2,""searchVolume"":306},{""year"":2026,""month"":1,""searchVolume"":373},{""year"":2025,""month"":12,""searchVolume"":306},{""year"":2025,""month"":11,""searchVolume"":249},{""year"":2025,""month"":10,""searchVolume"":373},{""year"":2025,""month"":9,""searchVolume"":310},{""year"":2025,""month"":8,""searchVolume"":310},{""year"":2025,""month"":7,""searchVolume"":313},{""year"":2025,""month"":6,""searchVolume"":252},{""year"":2025,""month"":5,""searchVolume"":252},{""year"":2025,""month"":4,""searchVolume"":310},{""year"":2025,""month"":3,""searchVolume"":313},{""year"":2025,""month"":2,""searchVolume"":206},{""year"":2025,""month"":1,""searchVolume"":312},{""year"":2024,""month"":12,""searchVolume"":260},{""year"":2024,""month"":11,""searchVolume"":260},{""year"":2024,""month"":10,""searchVolume"":390},{""year"":2024,""month"":9,""searchVolume"":260},{""year"":2024,""month"":8,""searchVolume"":260},{""year"":2024,""month"":7,""searchVolume"":260},{""year"":2024,""month"":6,""searchVolume"":390},{""year"":2024,""month"":5,""searchVolume"":480},{""year"":2024,""month"":4,""searchVolume"":320},{""year"":2024,""month"":3,""searchVolume"":390},{""year"":2024,""month"":2,""searchVolume"":320},{""year"":2024,""month"":1,""searchVolume"":320},{""year"":2023,""month"":12,""searchVolume"":210},{""year"":2023,""month"":11,""searchVolume"":210},{""year"":2023,""month"":10,""searchVolume"":260},{""year"":2023,""month"":9,""searchVolume"":260},{""year"":2023,""month"":8,""searchVolume"":260},{""year"":2023,""month"":7,""searchVolume"":210}]"
frastell property management,2124,en,390,0,,navigational,"[{""year"":2026,""month"":7,""searchVolume"":390},{""year"":2026,""month"":6,""searchVolume"":480},{""year"":2026,""month"":5,""searchVolume"":390},{""year"":2026,""month"":4,""searchVolume"":480},{""year"":2026,""month"":3,""searchVolume"":390},{""year"":2026,""month"":2,""searchVolume"":390},{""year"":2026,""month"":1,""searchVolume"":480},{""year"":2025,""month"":12,""searchVolume"":320},{""year"":2025,""month"":11,""searchVolume"":260},{""year"":2025,""month"":10,""searchVolume"":210},{""year"":2025,""month"":9,""searchVolume"":260},{""year"":2025,""month"":8,""searchVolume"":210}]"
dynamic property management,2124,en,210,0,3.3,commercial,"[{""year"":2026,""month"":7,""searchVolume"":210},{""year"":2026,""month"":6,""searchVolume"":260},{""year"":2026,""month"":5,""searchVolume"":210},{""year"":2026,""month"":4,""searchVolume"":210},{""year"":2026,""month"":3,""searchVolume"":210},{""year"":2026,""month"":2,""searchVolume"":140},{""year"":2026,""month"":1,""searchVolume"":210},{""year"":2025,""month"":12,""searchVolume"":170},{""year"":2025,""month"":11,""searchVolume"":170},{""year"":2025,""month"":10,""searchVolume"":210},{""year"":2025,""month"":9,""searchVolume"":260},{""year"":2025,""month"":8,""searchVolume"":170}]"
mynd property management,2124,en,20,26,,navigational,"[{""year"":2026,""month"":6,""searchVolume"":20},{""year"":2026,""month"":5,""searchVolume"":10},{""year"":2026,""month"":4,""searchVolume"":30},{""year"":2026,""month"":3,""searchVolume"":20},{""year"":2026,""month"":2,""searchVolume"":20},{""year"":2026,""month"":1,""searchVolume"":40},{""year"":2025,""month"":12,""searchVolume"":20},{""year"":2025,""month"":11,""searchVolume"":10},{""year"":2025,""month"":10,""searchVolume"":20},{""year"":2025,""month"":9,""searchVolume"":20},{""year"":2025,""month"":8,""searchVolume"":30},{""year"":2025,""month"":7,""searchVolume"":30}]"
property management guelph,2124,en,210,0,3.74,commercial,"[{""year"":2026,""month"":7,""searchVolume"":320},{""year"":2026,""month"":6,""searchVolume"":170},{""year"":2026,""month"":5,""searchVolume"":170},{""year"":2026,""month"":4,""searchVolume"":210},{""year"":2026,""month"":3,""searchVolume"":260},{""year"":2026,""month"":2,""searchVolume"":210},{""year"":2026,""month"":1,""searchVolume"":320},{""year"":2025,""month"":12,""searchVolume"":110},{""year"":2025,""month"":11,""searchVolume"":210},{""year"":2025,""month"":10,""searchVolume"":210},{""year"":2025,""month"":9,""searchVolume"":320},{""year"":2025,""month"":8,""searchVolume"":260}]"
mammoth property management,2124,en,10,,,navigational,"[{""year"":2026,""month"":7,""searchVolume"":10},{""year"":2026,""month"":6,""searchVolume"":0},{""year"":2026,""month"":5,""searchVolume"":10},{""year"":2026,""month"":4,""searchVolume"":10},{""year"":2026,""month"":3,""searchVolume"":0},{""year"":2026,""month"":2,""searchVolume"":10},{""year"":2026,""month"":1,""searchVolume"":0},{""year"":2025,""month"":12,""searchVolume"":0},{""year"":2025,""month"":11,""searchVolume"":0},{""year"":2025,""month"":10,""searchVolume"":10},{""year"":2025,""month"":9,""searchVolume"":0},{""year"":2025,""month"":8,""searchVolume"":10}]"
williams and mcdaniel property management,2124,en,260,1,,navigational,"[{""year"":2026,""month"":7,""searchVolume"":390},{""year"":2026,""month"":6,""searchVolume"":390},{""year"":2026,""month"":5,""searchVolume"":390},{""year"":2026,""month"":4,""searchVolume"":260},{""year"":2026,""month"":3,""searchVolume"":260},{""year"":2026,""month"":2,""searchVolume"":210},{""year"":2026,""month"":1,""searchVolume"":170},{""year"":2025,""month"":12,""searchVolume"":110},{""year"":2025,""month"":11,""searchVolume"":210},{""year"":2025,""month"":10,""searchVolume"":210},{""year"":2025,""month"":9,""searchVolume"":110},{""year"":2025,""month"":8,""searchVolume"":90}]"
pinnacle property management,2124,en,310,0,2.43,navigational,"[{""year"":2026,""month"":6,""searchVolume"":310},{""year"":2026,""month"":5,""searchVolume"":314},{""year"":2026,""month"":4,""searchVolume"":314},{""year"":2026,""month"":3,""searchVolume"":314},{""year"":2026,""month"":2,""searchVolume"":314},{""year"":2026,""month"":1,""searchVolume"":384},{""year"":2025,""month"":12,""searchVolume"":315},{""year"":2025,""month"":11,""searchVolume"":316},{""year"":2025,""month"":10,""searchVolume"":315},{""year"":2025,""month"":9,""searchVolume"":473},{""year"":2025,""month"":8,""searchVolume"":384},{""year"":2025,""month"":7,""searchVolume"":384},{""year"":2025,""month"":6,""searchVolume"":385},{""year"":2025,""month"":5,""searchVolume"":384},{""year"":2025,""month"":4,""searchVolume"":384},{""year"":2025,""month"":3,""searchVolume"":315},{""year"":2025,""month"":2,""searchVolume"":316},{""year"":2025,""month"":1,""searchVolume"":385},{""year"":2024,""month"":12,""searchVolume"":320},{""year"":2024,""month"":11,""searchVolume"":320},{""year"":2024,""month"":10,""searchVolume"":260},{""year"":2024,""month"":9,""searchVolume"":390},{""year"":2024,""month"":8,""searchVolume"":390},{""year"":2024,""month"":7,""searchVolume"":390},{""year"":2024,""month"":6,""searchVolume"":390},{""year"":2024,""month"":5,""searchVolume"":480},{""year"":2024,""month"":4,""searchVolume"":390},{""year"":2024,""month"":3,""searchVolume"":390},{""year"":2024,""month"":2,""searchVolume"":390},{""year"":2024,""month"":1,""searchVolume"":480},{""year"":2023,""month"":12,""searchVolume"":480},{""year"":2023,""month"":11,""searchVolume"":320},{""year"":2023,""month"":10,""searchVolume"":390},{""year"":2023,""month"":9,""searchVolume"":320},{""year"":2023,""month"":8,""searchVolume"":390},{""year"":2023,""month"":7,""searchVolume"":320}]"
terracorp property management,2124,en,10,,,navigational,"[{""year"":2026,""month"":7,""searchVolume"":10},{""year"":2026,""month"":6,""searchVolume"":10},{""year"":2026,""month"":5,""searchVolume"":10},{""year"":2026,""month"":4,""searchVolume"":10},{""year"":2026,""month"":3,""searchVolume"":10},{""year"":2026,""month"":2,""searchVolume"":10},{""year"":2026,""month"":1,""searchVolume"":10},{""year"":2025,""month"":12,""searchVolume"":10},{""year"":2025,""month"":11,""searchVolume"":10},{""year"":2025,""month"":10,""searchVolume"":10},{""year"":2025,""month"":9,""searchVolume"":10},{""year"":2025,""month"":8,""searchVolume"":0}]"
axford property management,2124,en,140,8,3.06,navigational,"[{""year"":2026,""month"":7,""searchVolume"":140},{""year"":2026,""month"":6,""searchVolume"":210},{""year"":2026,""month"":5,""searchVolume"":210},{""year"":2026,""month"":4,""searchVolume"":140},{""year"":2026,""month"":3,""searchVolume"":140},{""year"":2026,""month"":2,""searchVolume"":110},{""year"":2026,""month"":1,""searchVolume"":90},{""year"":2025,""month"":12,""searchVolume"":70},{""year"":2025,""month"":11,""searchVolume"":90},{""year"":2025,""month"":10,""searchVolume"":110},{""year"":2025,""month"":9,""searchVolume"":140},{""year"":2025,""month"":8,""searchVolume"":90}]"
property management kamloops,2124,en,284,7,2.75,commercial,"[{""year"":2026,""month"":6,""searchVolume"":284},{""year"":2026,""month"":5,""searchVolume"":284},{""year"":2026,""month"":4,""searchVolume"":231},{""year"":2026,""month"":3,""searchVolume"":284},{""year"":2026,""month"":2,""searchVolume"":231},{""year"":2026,""month"":1,""searchVolume"":284},{""year"":2025,""month"":12,""searchVolume"":198},{""year"":2025,""month"":11,""searchVolume"":231},{""year"":2025,""month"":10,""searchVolume"":347},{""year"":2025,""month"":9,""searchVolume"":284},{""year"":2025,""month"":8,""searchVolume"":153},{""year"":2025,""month"":7,""searchVolume"":186},{""year"":2025,""month"":6,""searchVolume"":229},{""year"":2025,""month"":5,""searchVolume"":281},{""year"":2025,""month"":4,""searchVolume"":477},{""year"":2025,""month"":3,""searchVolume"":621},{""year"":2025,""month"":2,""searchVolume"":423},{""year"":2025,""month"":1,""searchVolume"":651},{""year"":2024,""month"":12,""searchVolume"":480},{""year"":2024,""month"":11,""searchVolume"":390},{""year"":2024,""month"":10,""searchVolume"":590},{""year"":2024,""month"":9,""searchVolume"":295},{""year"":2024,""month"":8,""searchVolume"":240},{""year"":2024,""month"":7,""searchVolume"":240},{""year"":2024,""month"":6,""searchVolume"":242},{""year"":2024,""month"":5,""searchVolume"":196},{""year"":2024,""month"":4,""searchVolume"":0},{""year"":2024,""month"":3,""searchVolume"":0},{""year"":2024,""month"":2,""searchVolume"":0},{""year"":2024,""month"":1,""searchVolume"":0},{""year"":2023,""month"":12,""searchVolume"":0},{""year"":2023,""month"":11,""searchVolume"":0}]"
eastway property management,2124,en,480,0,3.22,navigational,"[{""year"":2026,""month"":6,""searchVolume"":590},{""year"":2026,""month"":5,""searchVolume"":590},{""year"":2026,""month"":4,""searchVolume"":590},{""year"":2026,""month"":3,""searchVolume"":480},{""year"":2026,""month"":2,""searchVolume"":390},{""year"":2026,""month"":1,""searchVolume"":390},{""year"":2025,""month"":12,""searchVolume"":390},{""year"":2025,""month"":11,""searchVolume"":390},{""year"":2025,""month"":10,""searchVolume"":390},{""year"":2025,""month"":9,""searchVolume"":480},{""year"":2025,""month"":8,""searchVolume"":390},{""year"":2025,""month"":7,""searchVolume"":480}]"
property management red deer,2124,en,320,0,,navigational,"[{""year"":2026,""month"":7,""searchVolume"":320},{""year"":2026,""month"":6,""searchVolume"":260},{""year"":2026,""month"":5,""searchVolume"":260},{""year"":2026,""month"":4,""searchVolume"":320},{""year"":2026,""month"":3,""searchVolume"":390},{""year"":2026,""month"":2,""searchVolume"":320},{""year"":2026,""month"":1,""searchVolume"":390},{""year"":2025,""month"":12,""searchVolume"":260},{""year"":2025,""month"":11,""searchVolume"":260},{""year"":2025,""month"":10,""searchVolume"":320},{""year"":2025,""month"":9,""searchVolume"":320},{""year"":2025,""month"":8,""searchVolume"":390}]"
limestone property management kingston,2124,en,70,12,8.73,navigational,"[{""year"":2026,""month"":7,""searchVolume"":110},{""year"":2026,""month"":6,""searchVolume"":70},{""year"":2026,""month"":5,""searchVolume"":90},{""year"":2026,""month"":4,""searchVolume"":50},{""year"":2026,""month"":3,""searchVolume"":70},{""year"":2026,""month"":2,""searchVolume"":50},{""year"":2026,""month"":1,""searchVolume"":50},{""year"":2025,""month"":12,""searchVolume"":30},{""year"":2025,""month"":11,""searchVolume"":70},{""year"":2025,""month"":10,""searchVolume"":70},{""year"":2025,""month"":9,""searchVolume"":50},{""year"":2025,""month"":8,""searchVolume"":110}]"
cervantage property management,2124,en,90,3,,navigational,"[{""year"":2026,""month"":6,""searchVolume"":110},{""year"":2026,""month"":5,""searchVolume"":70},{""year"":2026,""month"":4,""searchVolume"":140},{""year"":2026,""month"":3,""searchVolume"":90},{""year"":2026,""month"":2,""searchVolume"":50},{""year"":2026,""month"":1,""searchVolume"":110},{""year"":2025,""month"":12,""searchVolume"":70},{""year"":2025,""month"":11,""searchVolume"":90},{""year"":2025,""month"":10,""searchVolume"":90},{""year"":2025,""month"":9,""searchVolume"":70},{""year"":2025,""month"":8,""searchVolume"":70},{""year"":2025,""month"":7,""searchVolume"":70}]"
property management oshawa,2124,en,110,0,3.93,commercial,"[{""year"":2026,""month"":7,""searchVolume"":70},{""year"":2026,""month"":6,""searchVolume"":70},{""year"":2026,""month"":5,""searchVolume"":90},{""year"":2026,""month"":4,""searchVolume"":140},{""year"":2026,""month"":3,""searchVolume"":170},{""year"":2026,""month"":2,""searchVolume"":140},{""year"":2026,""month"":1,""searchVolume"":170},{""year"":2025,""month"":12,""searchVolume"":70},{""year"":2025,""month"":11,""searchVolume"":90},{""year"":2025,""month"":10,""searchVolume"":140},{""year"":2025,""month"":9,""searchVolume"":170},{""year"":2025,""month"":8,""searchVolume"":70}]"
triton property management,2124,en,260,0,,navigational,"[{""year"":2026,""month"":7,""searchVolume"":260},{""year"":2026,""month"":6,""searchVolume"":320},{""year"":2026,""month"":5,""searchVolume"":320},{""year"":2026,""month"":4,""searchVolume"":320},{""year"":2026,""month"":3,""searchVolume"":390},{""year"":2026,""month"":2,""searchVolume"":260},{""year"":2026,""month"":1,""searchVolume"":320},{""year"":2025,""month"":12,""searchVolume"":260},{""year"":2025,""month"":11,""searchVolume"":170},{""year"":2025,""month"":10,""searchVolume"":320},{""year"":2025,""month"":9,""searchVolume"":260},{""year"":2025,""month"":8,""searchVolume"":210}]"
rimrock property management,2124,en,210,0,0.3,navigational,"[{""year"":2026,""month"":6,""searchVolume"":260},{""year"":2026,""month"":5,""searchVolume"":210},{""year"":2026,""month"":4,""searchVolume"":260},{""year"":2026,""month"":3,""searchVolume"":210},{""year"":2026,""month"":2,""searchVolume"":210},{""year"":2026,""month"":1,""searchVolume"":210},{""year"":2025,""month"":12,""searchVolume"":170},{""year"":2025,""month"":11,""searchVolume"":170},{""year"":2025,""month"":10,""searchVolume"":170},{""year"":2025,""month"":9,""searchVolume"":170},{""year"":2025,""month"":8,""searchVolume"":260},{""year"":2025,""month"":7,""searchVolume"":210}]"
property management burnaby,2124,en,250,8,5.61,commercial,"[{""year"":2026,""month"":6,""searchVolume"":135},{""year"":2026,""month"":5,""searchVolume"":307},{""year"":2026,""month"":4,""searchVolume"":250},{""year"":2026,""month"":3,""searchVolume"":461},{""year"":2026,""month"":2,""searchVolume"":250},{""year"":2026,""month"":1,""searchVolume"":202},{""year"":2025,""month"":12,""searchVolume"":165},{""year"":2025,""month"":11,""searchVolume"":165},{""year"":2025,""month"":10,""searchVolume"":381},{""year"":2025,""month"":9,""searchVolume"":137},{""year"":2025,""month"":8,""searchVolume"":165},{""year"":2025,""month"":7,""searchVolume"":204},{""year"":2025,""month"":6,""searchVolume"":160},{""year"":2025,""month"":5,""searchVolume"":301},{""year"":2025,""month"":4,""searchVolume"":301},{""year"":2025,""month"":3,""searchVolume"":301},{""year"":2025,""month"":2,""searchVolume"":200},{""year"":2025,""month"":1,""searchVolume"":251},{""year"":2024,""month"":12,""searchVolume"":260},{""year"":2024,""month"":11,""searchVolume"":260},{""year"":2024,""month"":10,""searchVolume"":260},{""year"":2024,""month"":9,""searchVolume"":260},{""year"":2024,""month"":8,""searchVolume"":260},{""year"":2024,""month"":7,""searchVolume"":320},{""year"":2024,""month"":6,""searchVolume"":260},{""year"":2024,""month"":5,""searchVolume"":320}]"
shawns property management,2124,en,140,0,3.4,navigational,"[{""year"":2026,""month"":7,""searchVolume"":170},{""year"":2026,""month"":6,""searchVolume"":140},{""year"":2026,""month"":5,""searchVolume"":140},{""year"":2026,""month"":4,""searchVolume"":140},{""year"":2026,""month"":3,""searchVolume"":110},{""year"":2026,""month"":2,""searchVolume"":90},{""year"":2026,""month"":1,""searchVolume"":110},{""year"":2025,""month"":12,""searchVolume"":170},{""year"":2025,""month"":11,""searchVolume"":170},{""year"":2025,""month"":10,""searchVolume"":210},{""year"":2025,""month"":9,""searchVolume"":170},{""year"":2025,""month"":8,""searchVolume"":170}]"
platinum property management,2124,en,90,0,,navigational,"[{""year"":2026,""month"":7,""searchVolume"":110},{""year"":2026,""month"":6,""searchVolume"":110},{""year"":2026,""month"":5,""searchVolume"":110},{""year"":2026,""month"":4,""searchVolume"":110},{""year"":2026,""month"":3,""searchVolume"":70},{""year"":2026,""month"":2,""searchVolume"":70},{""year"":2026,""month"":1,""searchVolume"":90},{""year"":2025,""month"":12,""searchVolume"":70},{""year"":2025,""month"":11,""searchVolume"":110},{""year"":2025,""month"":10,""searchVolume"":70},{""year"":2025,""month"":9,""searchVolume"":110},{""year"":2025,""month"":8,""searchVolume"":70}]"
dream property management,2124,en,210,11,2.17,navigational,"[{""year"":2026,""month"":7,""searchVolume"":260},{""year"":2026,""month"":6,""searchVolume"":210},{""year"":2026,""month"":5,""searchVolume"":260},{""year"":2026,""month"":4,""searchVolume"":260},{""year"":2026,""month"":3,""searchVolume"":260},{""year"":2026,""month"":2,""searchVolume"":210},{""year"":2026,""month"":1,""searchVolume"":210},{""year"":2025,""month"":12,""searchVolume"":140},{""year"":2025,""month"":11,""searchVolume"":170},{""year"":2025,""month"":10,""searchVolume"":170},{""year"":2025,""month"":9,""searchVolume"":210},{""year"":2025,""month"":8,""searchVolume"":210}]"
property management companies canada,2124,en,110,36,1.7,commercial,"[{""year"":2026,""month"":7,""searchVolume"":70},{""year"":2026,""month"":6,""searchVolume"":50},{""year"":2026,""month"":5,""searchVolume"":70},{""year"":2026,""month"":4,""searchVolume"":90},{""year"":2026,""month"":3,""searchVolume"":140},{""year"":2026,""month"":2,""searchVolume"":70},{""year"":2026,""month"":1,""searchVolume"":90},{""year"":2025,""month"":12,""searchVolume"":70},{""year"":2025,""month"":11,""searchVolume"":70},{""year"":2025,""month"":10,""searchVolume"":70},{""year"":2025,""month"":9,""searchVolume"":480},{""year"":2025,""month"":8,""searchVolume"":90}]"
property management companies regina,2124,en,110,8,,commercial,"[{""year"":2026,""month"":7,""searchVolume"":90},{""year"":2026,""month"":6,""searchVolume"":90},{""year"":2026,""month"":5,""searchVolume"":70},{""year"":2026,""month"":4,""searchVolume"":90},{""year"":2026,""month"":3,""searchVolume"":140},{""year"":2026,""month"":2,""searchVolume"":110},{""year"":2026,""month"":1,""searchVolume"":140},{""year"":2025,""month"":12,""searchVolume"":90},{""year"":2025,""month"":11,""searchVolume"":90},{""year"":2025,""month"":10,""searchVolume"":110},{""year"":2025,""month"":9,""searchVolume"":170},{""year"":2025,""month"":8,""searchVolume"":110}]"
ampm property management,2124,en,40,49,9.87,navigational,"[{""year"":2026,""month"":7,""searchVolume"":50},{""year"":2026,""month"":6,""searchVolume"":30},{""year"":2026,""month"":5,""searchVolume"":40},{""year"":2026,""month"":4,""searchVolume"":20},{""year"":2026,""month"":3,""searchVolume"":40},{""year"":2026,""month"":2,""searchVolume"":30},{""year"":2026,""month"":1,""searchVolume"":40},{""year"":2025,""month"":12,""searchVolume"":40},{""year"":2025,""month"":11,""searchVolume"":30},{""year"":2025,""month"":10,""searchVolume"":30},{""year"":2025,""month"":9,""searchVolume"":40},{""year"":2025,""month"":8,""searchVolume"":40}]"
smith property management,2124,en,40,37,,navigational,"[{""year"":2026,""month"":7,""searchVolume"":50},{""year"":2026,""month"":6,""searchVolume"":50},{""year"":2026,""month"":5,""searchVolume"":50},{""year"":2026,""month"":4,""searchVolume"":50},{""year"":2026,""month"":3,""searchVolume"":40},{""year"":2026,""month"":2,""searchVolume"":30},{""year"":2026,""month"":1,""searchVolume"":30},{""year"":2025,""month"":12,""searchVolume"":30},{""year"":2025,""month"":11,""searchVolume"":50},{""year"":2025,""month"":10,""searchVolume"":30},{""year"":2025,""month"":9,""searchVolume"":30},{""year"":2025,""month"":8,""searchVolume"":50}]"
property management squamish,2124,en,90,0,4.91,navigational,"[{""year"":2026,""month"":6,""searchVolume"":70},{""year"":2026,""month"":5,""searchVolume"":50},{""year"":2026,""month"":4,""searchVolume"":70},{""year"":2026,""month"":3,""searchVolume"":110},{""year"":2026,""month"":2,""searchVolume"":70},{""year"":2026,""month"":1,""searchVolume"":110},{""year"":2025,""month"":12,""searchVolume"":90},{""year"":2025,""month"":11,""searchVolume"":70},{""year"":2025,""month"":10,""searchVolume"":90},{""year"":2025,""month"":9,""searchVolume"":110},{""year"":2025,""month"":8,""searchVolume"":90},{""year"":2025,""month"":7,""searchVolume"":110}]"
wilson blanchard property management,2124,en,140,0,9.02,navigational,"[{""year"":2026,""month"":6,""searchVolume"":140},{""year"":2026,""month"":5,""searchVolume"":170},{""year"":2026,""month"":4,""searchVolume"":140},{""year"":2026,""month"":3,""searchVolume"":140},{""year"":2026,""month"":2,""searchVolume"":140},{""year"":2026,""month"":1,""searchVolume"":110},{""year"":2025,""month"":12,""searchVolume"":90},{""year"":2025,""month"":11,""searchVolume"":110},{""year"":2025,""month"":10,""searchVolume"":140},{""year"":2025,""month"":9,""searchVolume"":110},{""year"":2025,""month"":8,""searchVolume"":110},{""year"":2025,""month"":7,""searchVolume"":110}]"
property management companies in texas,2124,en,10,,,commercial,"[{""year"":2026,""month"":6,""searchVolume"":20},{""year"":2026,""month"":5,""searchVolume"":0},{""year"":2026,""month"":4,""searchVolume"":10},{""year"":2026,""month"":3,""searchVolume"":10},{""year"":2026,""month"":2,""searchVolume"":20},{""year"":2026,""month"":1,""searchVolume"":10},{""year"":2025,""month"":12,""searchVolume"":10},{""year"":2025,""month"":11,""searchVolume"":10},{""year"":2025,""month"":10,""searchVolume"":10},{""year"":2025,""month"":9,""searchVolume"":10},{""year"":2025,""month"":8,""searchVolume"":10},{""year"":2025,""month"":7,""searchVolume"":10}]"
lifestyles property management,2124,en,50,0,,navigational,"[{""year"":2026,""month"":7,""searchVolume"":30},{""year"":2026,""month"":6,""searchVolume"":50},{""year"":2026,""month"":5,""searchVolume"":40},{""year"":2026,""month"":4,""searchVolume"":50},{""year"":2026,""month"":3,""searchVolume"":70},{""year"":2026,""month"":2,""searchVolume"":50},{""year"":2026,""month"":1,""searchVolume"":50},{""year"":2025,""month"":12,""searchVolume"":30},{""year"":2025,""month"":11,""searchVolume"":70},{""year"":2025,""month"":10,""searchVolume"":70},{""year"":2025,""month"":9,""searchVolume"":30},{""year"":2025,""month"":8,""searchVolume"":20}]"
royal york property management reviews,2124,en,110,4,,informational,"[{""year"":2026,""month"":7,""searchVolume"":90},{""year"":2026,""month"":6,""searchVolume"":50},{""year"":2026,""month"":5,""searchVolume"":70},{""year"":2026,""month"":4,""searchVolume"":90},{""year"":2026,""month"":3,""searchVolume"":70},{""year"":2026,""month"":2,""searchVolume"":70},{""year"":2026,""month"":1,""searchVolume"":70},{""year"":2025,""month"":12,""searchVolume"":140},{""year"":2025,""month"":11,""searchVolume"":170},{""year"":2025,""month"":10,""searchVolume"":210},{""year"":2025,""month"":9,""searchVolume"":210},{""year"":2025,""month"":8,""searchVolume"":210}]"
property management companies woodstock ontario,2124,en,,,,commercial,"[{""year"":2026,""month"":5,""searchVolume"":0},{""year"":2026,""month"":4,""searchVolume"":0},{""year"":2026,""month"":3,""searchVolume"":0},{""year"":2026,""month"":2,""searchVolume"":0},{""year"":2026,""month"":1,""searchVolume"":0},{""year"":2025,""month"":12,""searchVolume"":0},{""year"":2025,""month"":11,""searchVolume"":0},{""year"":2025,""month"":10,""searchVolume"":0},{""year"":2025,""month"":9,""searchVolume"":0},{""year"":2025,""month"":8,""searchVolume"":0},{""year"":2025,""month"":7,""searchVolume"":0},{""year"":2025,""month"":6,""searchVolume"":0}]"
fremont property management,2124,en,390,0,,navigational,"[{""year"":2026,""month"":7,""searchVolume"":0},{""year"":2026,""month"":6,""searchVolume"":0},{""year"":2026,""month"":5,""searchVolume"":10},{""year"":2026,""month"":4,""searchVolume"":10},{""year"":2026,""month"":3,""searchVolume"":10},{""year"":2026,""month"":2,""searchVolume"":10},{""year"":2026,""month"":1,""searchVolume"":4400},{""year"":2025,""month"":12,""searchVolume"":50},{""year"":2025,""month"":11,""searchVolume"":70},{""year"":2025,""month"":10,""searchVolume"":210},{""year"":2025,""month"":9,""searchVolume"":110},{""year"":2025,""month"":8,""searchVolume"":10}]"
property management peterborough,2124,en,210,0,3.31,commercial,"[{""year"":2026,""month"":6,""searchVolume"":170},{""year"":2026,""month"":5,""searchVolume"":110},{""year"":2026,""month"":4,""searchVolume"":170},{""year"":2026,""month"":3,""searchVolume"":260},{""year"":2026,""month"":2,""searchVolume"":170},{""year"":2026,""month"":1,""searchVolume"":260},{""year"":2025,""month"":12,""searchVolume"":90},{""year"":2025,""month"":11,""searchVolume"":170},{""year"":2025,""month"":10,""searchVolume"":170},{""year"":2025,""month"":9,""searchVolume"":260},{""year"":2025,""month"":8,""searchVolume"":170},{""year"":2025,""month"":7,""searchVolume"":210}]"
regent property management,2124,en,210,0,13.63,navigational,"[{""year"":2026,""month"":7,""searchVolume"":320},{""year"":2026,""month"":6,""searchVolume"":320},{""year"":2026,""month"":5,""searchVolume"":320},{""year"":2026,""month"":4,""searchVolume"":210},{""year"":2026,""month"":3,""searchVolume"":260},{""year"":2026,""month"":2,""searchVolume"":210},{""year"":2026,""month"":1,""searchVolume"":210},{""year"":2025,""month"":12,""searchVolume"":140},{""year"":2025,""month"":11,""searchVolume"":170},{""year"":2025,""month"":10,""searchVolume"":170},{""year"":2025,""month"":9,""searchVolume"":170},{""year"":2025,""month"":8,""searchVolume"":140}]"
landmark property management,2124,en,40,47,1.66,navigational,"[{""year"":2026,""month"":7,""searchVolume"":40},{""year"":2026,""month"":6,""searchVolume"":40},{""year"":2026,""month"":5,""searchVolume"":70},{""year"":2026,""month"":4,""searchVolume"":30},{""year"":2026,""month"":3,""searchVolume"":40},{""year"":2026,""month"":2,""searchVolume"":40},{""year"":2026,""month"":1,""searchVolume"":30},{""year"":2025,""month"":12,""searchVolume"":30},{""year"":2025,""month"":11,""searchVolume"":30},{""year"":2025,""month"":10,""searchVolume"":30},{""year"":2025,""month"":9,""searchVolume"":30},{""year"":2025,""month"":8,""searchVolume"":30}]"
diverse property management,2124,en,30,44,1.9,navigational,"[{""year"":2026,""month"":6,""searchVolume"":50},{""year"":2026,""month"":5,""searchVolume"":40},{""year"":2026,""month"":4,""searchVolume"":30},{""year"":2026,""month"":3,""searchVolume"":50},{""year"":2026,""month"":2,""searchVolume"":40},{""year"":2026,""month"":1,""searchVolume"":20},{""year"":2025,""month"":12,""searchVolume"":30},{""year"":2025,""month"":11,""searchVolume"":30},{""year"":2025,""month"":10,""searchVolume"":30},{""year"":2025,""month"":9,""searchVolume"":30},{""year"":2025,""month"":8,""searchVolume"":30},{""year"":2025,""month"":7,""searchVolume"":20}]"
helix property management,2124,en,10,,,navigational,"[{""year"":2026,""month"":6,""searchVolume"":10},{""year"":2026,""month"":5,""searchVolume"":10},{""year"":2026,""month"":4,""searchVolume"":10},{""year"":2026,""month"":3,""searchVolume"":0},{""year"":2026,""month"":2,""searchVolume"":10},{""year"":2026,""month"":1,""searchVolume"":10},{""year"":2025,""month"":12,""searchVolume"":10},{""year"":2025,""month"":11,""searchVolume"":10},{""year"":2025,""month"":10,""searchVolume"":10},{""year"":2025,""month"":9,""searchVolume"":10},{""year"":2025,""month"":8,""searchVolume"":10},{""year"":2025,""month"":7,""searchVolume"":10}]"
mcrs property management,2124,en,170,0,,navigational,"[{""year"":2026,""month"":7,""searchVolume"":140},{""year"":2026,""month"":6,""searchVolume"":110},{""year"":2026,""month"":5,""searchVolume"":140},{""year"":2026,""month"":4,""searchVolume"":140},{""year"":2026,""month"":3,""searchVolume"":210},{""year"":2026,""month"":2,""searchVolume"":140},{""year"":2026,""month"":1,""searchVolume"":140},{""year"":2025,""month"":12,""searchVolume"":170},{""year"":2025,""month"":11,""searchVolume"":170},{""year"":2025,""month"":10,""searchVolume"":170},{""year"":2025,""month"":9,""searchVolume"":140},{""year"":2025,""month"":8,""searchVolume"":170}]"
mckenna property management,2124,en,10,,,navigational,"[{""year"":2026,""month"":7,""searchVolume"":10},{""year"":2026,""month"":6,""searchVolume"":10},{""year"":2026,""month"":5,""searchVolume"":10},{""year"":2026,""month"":4,""searchVolume"":10},{""year"":2026,""month"":3,""searchVolume"":10},{""year"":2026,""month"":2,""searchVolume"":10},{""year"":2026,""month"":1,""searchVolume"":10},{""year"":2025,""month"":12,""searchVolume"":10},{""year"":2025,""month"":11,""searchVolume"":10},{""year"":2025,""month"":10,""searchVolume"":10},{""year"":2025,""month"":9,""searchVolume"":10},{""year"":2025,""month"":8,""searchVolume"":10}]"
property one management,2124,en,170,0,3.66,navigational,"[{""year"":2026,""month"":7,""searchVolume"":140},{""year"":2026,""month"":6,""searchVolume"":170},{""year"":2026,""month"":5,""searchVolume"":210},{""year"":2026,""month"":4,""searchVolume"":210},{""year"":2026,""month"":3,""searchVolume"":210},{""year"":2026,""month"":2,""searchVolume"":140},{""year"":2026,""month"":1,""searchVolume"":260},{""year"":2025,""month"":12,""searchVolume"":110},{""year"":2025,""month"":11,""searchVolume"":170},{""year"":2025,""month"":10,""searchVolume"":110},{""year"":2025,""month"":9,""searchVolume"":110},{""year"":2025,""month"":8,""searchVolume"":170}]"
gml property management,2124,en,10,,4.96,navigational,"[{""year"":2026,""month"":7,""searchVolume"":10},{""year"":2026,""month"":6,""searchVolume"":10},{""year"":2026,""month"":5,""searchVolume"":10},{""year"":2026,""month"":4,""searchVolume"":10},{""year"":2026,""month"":3,""searchVolume"":10},{""year"":2026,""month"":2,""searchVolume"":10},{""year"":2026,""month"":1,""searchVolume"":10},{""year"":2025,""month"":12,""searchVolume"":10},{""year"":2025,""month"":11,""searchVolume"":10},{""year"":2025,""month"":10,""searchVolume"":10},{""year"":2025,""month"":9,""searchVolume"":10},{""year"":2025,""month"":8,""searchVolume"":10}]"
heron property management,2124,en,170,0,,navigational,"[{""year"":2026,""month"":7,""searchVolume"":260},{""year"":2026,""month"":6,""searchVolume"":210},{""year"":2026,""month"":5,""searchVolume"":170},{""year"":2026,""month"":4,""searchVolume"":170},{""year"":2026,""month"":3,""searchVolume"":170},{""year"":2026,""month"":2,""searchVolume"":170},{""year"":2026,""month"":1,""searchVolume"":170},{""year"":2025,""month"":12,""searchVolume"":140},{""year"":2025,""month"":11,""searchVolume"":140},{""year"":2025,""month"":10,""searchVolume"":170},{""year"":2025,""month"":9,""searchVolume"":210},{""year"":2025,""month"":8,""searchVolume"":170}]"
horizons property management,2124,en,210,0,1.41,navigational,"[{""year"":2026,""month"":7,""searchVolume"":170},{""year"":2026,""month"":6,""searchVolume"":210},{""year"":2026,""month"":5,""searchVolume"":170},{""year"":2026,""month"":4,""searchVolume"":210},{""year"":2026,""month"":3,""searchVolume"":210},{""year"":2026,""month"":2,""searchVolume"":140},{""year"":2026,""month"":1,""searchVolume"":170},{""year"":2025,""month"":12,""searchVolume"":210},{""year"":2025,""month"":11,""searchVolume"":210},{""year"":2025,""month"":10,""searchVolume"":260},{""year"":2025,""month"":9,""searchVolume"":260},{""year"":2025,""month"":8,""searchVolume"":170}]"
property management surrey bc,2124,en,480,0,,commercial,"[{""year"":2026,""month"":7,""searchVolume"":260},{""year"":2026,""month"":6,""searchVolume"":320},{""year"":2026,""month"":5,""searchVolume"":390},{""year"":2026,""month"":4,""searchVolume"":480},{""year"":2026,""month"":3,""searchVolume"":720},{""year"":2026,""month"":2,""searchVolume"":590},{""year"":2026,""month"":1,""searchVolume"":390},{""year"":2025,""month"":12,""searchVolume"":480},{""year"":2025,""month"":11,""searchVolume"":480},{""year"":2025,""month"":10,""searchVolume"":720},{""year"":2025,""month"":9,""searchVolume"":480},{""year"":2025,""month"":8,""searchVolume"":260}]"
watson property management,2124,en,20,,,navigational,"[{""year"":2026,""month"":7,""searchVolume"":20},{""year"":2026,""month"":6,""searchVolume"":20},{""year"":2026,""month"":5,""searchVolume"":30},{""year"":2026,""month"":4,""searchVolume"":20},{""year"":2026,""month"":3,""searchVolume"":10},{""year"":2026,""month"":2,""searchVolume"":10},{""year"":2026,""month"":1,""searchVolume"":20},{""year"":2025,""month"":12,""searchVolume"":20},{""year"":2025,""month"":11,""searchVolume"":10},{""year"":2025,""month"":10,""searchVolume"":20},{""year"":2025,""month"":9,""searchVolume"":10},{""year"":2025,""month"":8,""searchVolume"":10}]"
dexter property management,2124,en,140,6,1.43,navigational,"[{""year"":2026,""month"":7,""searchVolume"":110},{""year"":2026,""month"":6,""searchVolume"":170},{""year"":2026,""month"":5,""searchVolume"":110},{""year"":2026,""month"":4,""searchVolume"":140},{""year"":2026,""month"":3,""searchVolume"":140},{""year"":2026,""month"":2,""searchVolume"":110},{""year"":2026,""month"":1,""searchVolume"":140},{""year"":2025,""month"":12,""searchVolume"":90},{""year"":2025,""month"":11,""searchVolume"":140},{""year"":2025,""month"":10,""searchVolume"":110},{""year"":2025,""month"":9,""searchVolume"":110},{""year"":2025,""month"":8,""searchVolume"":140}]"
property management abbotsford,2124,en,293,0,9.39,commercial,"[{""year"":2026,""month"":6,""searchVolume"":241},{""year"":2026,""month"":5,""searchVolume"":195},{""year"":2026,""month"":4,""searchVolume"":109},{""year"":2026,""month"":3,""searchVolume"":206},{""year"":2026,""month"":2,""searchVolume"":135},{""year"":2026,""month"":1,""searchVolume"":251},{""year"":2025,""month"":12,""searchVolume"":206},{""year"":2025,""month"":11,""searchVolume"":251},{""year"":2025,""month"":10,""searchVolume"":431},{""year"":2025,""month"":9,""searchVolume"":234},{""year"":2025,""month"":8,""searchVolume"":234},{""year"":2025,""month"":7,""searchVolume"":285},{""year"":2025,""month"":6,""searchVolume"":83},{""year"":2025,""month"":5,""searchVolume"":102},{""year"":2025,""month"":4,""searchVolume"":181},{""year"":2025,""month"":3,""searchVolume"":223},{""year"":2025,""month"":2,""searchVolume"":150},{""year"":2025,""month"":1,""searchVolume"":379},{""year"":2024,""month"":12,""searchVolume"":195},{""year"":2024,""month"":11,""searchVolume"":240},{""year"":2024,""month"":10,""searchVolume"":293},{""year"":2024,""month"":9,""searchVolume"":245},{""year"":2024,""month"":8,""searchVolume"":243},{""year"":2024,""month"":7,""searchVolume"":130},{""year"":2024,""month"":6,""searchVolume"":196},{""year"":2024,""month"":5,""searchVolume"":242},{""year"":2024,""month"":4,""searchVolume"":0},{""year"":2024,""month"":3,""searchVolume"":0},{""year"":2024,""month"":2,""searchVolume"":0},{""year"":2024,""month"":1,""searchVolume"":0},{""year"":2023,""month"":12,""searchVolume"":0},{""year"":2023,""month"":11,""searchVolume"":0},{""year"":2023,""month"":10,""searchVolume"":0},{""year"":2023,""month"":9,""searchVolume"":0},{""year"":2023,""month"":8,""searchVolume"":0},{""year"":2023,""month"":7,""searchVolume"":0}]"
squire property management,2124,en,140,0,,navigational,"[{""year"":2026,""month"":6,""searchVolume"":110},{""year"":2026,""month"":5,""searchVolume"":170},{""year"":2026,""month"":4,""searchVolume"":210},{""year"":2026,""month"":3,""searchVolume"":210},{""year"":2026,""month"":2,""searchVolume"":210},{""year"":2026,""month"":1,""searchVolume"":210},{""year"":2025,""month"":12,""searchVolume"":110},{""year"":2025,""month"":11,""searchVolume"":140},{""year"":2025,""month"":10,""searchVolume"":140},{""year"":2025,""month"":9,""searchVolume"":110},{""year"":2025,""month"":8,""searchVolume"":90},{""year"":2025,""month"":7,""searchVolume"":140}]"
fortis property management,2124,en,10,,,navigational,"[{""year"":2026,""month"":7,""searchVolume"":10},{""year"":2026,""month"":6,""searchVolume"":10},{""year"":2026,""month"":5,""searchVolume"":10},{""year"":2026,""month"":4,""searchVolume"":10},{""year"":2026,""month"":3,""searchVolume"":10},{""year"":2026,""month"":2,""searchVolume"":10},{""year"":2026,""month"":1,""searchVolume"":10},{""year"":2025,""month"":12,""searchVolume"":10},{""year"":2025,""month"":11,""searchVolume"":10},{""year"":2025,""month"":10,""searchVolume"":10},{""year"":2025,""month"":9,""searchVolume"":10},{""year"":2025,""month"":8,""searchVolume"":10}]"
heirloom property management,2124,en,10,8,,navigational,"[{""year"":2026,""month"":7,""searchVolume"":10},{""year"":2026,""month"":6,""searchVolume"":10},{""year"":2026,""month"":5,""searchVolume"":0},{""year"":2026,""month"":4,""searchVolume"":10},{""year"":2026,""month"":3,""searchVolume"":10},{""year"":2026,""month"":2,""searchVolume"":10},{""year"":2026,""month"":1,""searchVolume"":10},{""year"":2025,""month"":12,""searchVolume"":0},{""year"":2025,""month"":11,""searchVolume"":10},{""year"":2025,""month"":10,""searchVolume"":10},{""year"":2025,""month"":9,""searchVolume"":10},{""year"":2025,""month"":8,""searchVolume"":10}]"
midwest property management edmonton,2124,en,70,6,,commercial,"[{""year"":2026,""month"":7,""searchVolume"":110},{""year"":2026,""month"":6,""searchVolume"":90},{""year"":2026,""month"":5,""searchVolume"":140},{""year"":2026,""month"":4,""searchVolume"":70},{""year"":2026,""month"":3,""searchVolume"":90},{""year"":2026,""month"":2,""searchVolume"":90},{""year"":2026,""month"":1,""searchVolume"":70},{""year"":2025,""month"":12,""searchVolume"":50},{""year"":2025,""month"":11,""searchVolume"":70},{""year"":2025,""month"":10,""searchVolume"":50},{""year"":2025,""month"":9,""searchVolume"":50},{""year"":2025,""month"":8,""searchVolume"":70}]"
property management london,2124,en,140,7,3.96,commercial,"[{""year"":2026,""month"":7,""searchVolume"":140},{""year"":2026,""month"":6,""searchVolume"":140},{""year"":2026,""month"":5,""searchVolume"":140},{""year"":2026,""month"":4,""searchVolume"":140},{""year"":2026,""month"":3,""searchVolume"":140},{""year"":2026,""month"":2,""searchVolume"":90},{""year"":2026,""month"":1,""searchVolume"":110},{""year"":2025,""month"":12,""searchVolume"":140},{""year"":2025,""month"":11,""searchVolume"":110},{""year"":2025,""month"":10,""searchVolume"":90},{""year"":2025,""month"":9,""searchVolume"":140},{""year"":2025,""month"":8,""searchVolume"":210}]"
williams mcdaniel property management,2124,en,390,4,0.38,navigational,"[{""year"":2026,""month"":7,""searchVolume"":590},{""year"":2026,""month"":6,""searchVolume"":390},{""year"":2026,""month"":5,""searchVolume"":480},{""year"":2026,""month"":4,""searchVolume"":480},{""year"":2026,""month"":3,""searchVolume"":390},{""year"":2026,""month"":2,""searchVolume"":260},{""year"":2026,""month"":1,""searchVolume"":320},{""year"":2025,""month"":12,""searchVolume"":260},{""year"":2025,""month"":11,""searchVolume"":320},{""year"":2025,""month"":10,""searchVolume"":320},{""year"":2025,""month"":9,""searchVolume"":320},{""year"":2025,""month"":8,""searchVolume"":260}]"
reliable property management idaho falls,2124,en,10,43,,commercial,"[{""year"":2026,""month"":7,""searchVolume"":0},{""year"":2026,""month"":6,""searchVolume"":0},{""year"":2026,""month"":5,""searchVolume"":0},{""year"":2026,""month"":4,""searchVolume"":10},{""year"":2026,""month"":3,""searchVolume"":10},{""year"":2026,""month"":2,""searchVolume"":0},{""year"":2026,""month"":1,""searchVolume"":0},{""year"":2025,""month"":12,""searchVolume"":10},{""year"":2025,""month"":11,""searchVolume"":10},{""year"":2025,""month"":10,""searchVolume"":10},{""year"":2025,""month"":9,""searchVolume"":0},{""year"":2025,""month"":8,""searchVolume"":0}]"
maple property management,2124,en,110,0,,navigational,"[{""year"":2026,""month"":7,""searchVolume"":90},{""year"":2026,""month"":6,""searchVolume"":110},{""year"":2026,""month"":5,""searchVolume"":90},{""year"":2026,""month"":4,""searchVolume"":110},{""year"":2026,""month"":3,""searchVolume"":140},{""year"":2026,""month"":2,""searchVolume"":90},{""year"":2026,""month"":1,""searchVolume"":90},{""year"":2025,""month"":12,""searchVolume"":110},{""year"":2025,""month"":11,""searchVolume"":90},{""year"":2025,""month"":10,""searchVolume"":110},{""year"":2025,""month"":9,""searchVolume"":140},{""year"":2025,""month"":8,""searchVolume"":110}]"
largest property management companies,2124,en,90,3,3.03,commercial,"[{""year"":2026,""month"":7,""searchVolume"":50},{""year"":2026,""month"":6,""searchVolume"":50},{""year"":2026,""month"":5,""searchVolume"":50},{""year"":2026,""month"":4,""searchVolume"":50},{""year"":2026,""month"":3,""searchVolume"":140},{""year"":2026,""month"":2,""searchVolume"":50},{""year"":2026,""month"":1,""searchVolume"":110},{""year"":2025,""month"":12,""searchVolume"":50},{""year"":2025,""month"":11,""searchVolume"":50},{""year"":2025,""month"":10,""searchVolume"":90},{""year"":2025,""month"":9,""searchVolume"":260},{""year"":2025,""month"":8,""searchVolume"":70}]"
biggest property management companies,2124,en,90,0,3.37,commercial,"[{""year"":2026,""month"":6,""searchVolume"":50},{""year"":2026,""month"":5,""searchVolume"":50},{""year"":2026,""month"":4,""searchVolume"":50},{""year"":2026,""month"":3,""searchVolume"":140},{""year"":2026,""month"":2,""searchVolume"":50},{""year"":2026,""month"":1,""searchVolume"":110},{""year"":2025,""month"":12,""searchVolume"":50},{""year"":2025,""month"":11,""searchVolume"":50},{""year"":2025,""month"":10,""searchVolume"":90},{""year"":2025,""month"":9,""searchVolume"":260},{""year"":2025,""month"":8,""searchVolume"":70},{""year"":2025,""month"":7,""searchVolume"":70}]"
duka property management reviews,2124,en,210,0,,informational,"[{""year"":2026,""month"":7,""searchVolume"":390},{""year"":2026,""month"":6,""searchVolume"":390},{""year"":2026,""month"":5,""searchVolume"":260},{""year"":2026,""month"":4,""searchVolume"":210},{""year"":2026,""month"":3,""searchVolume"":210},{""year"":2026,""month"":2,""searchVolume"":170},{""year"":2026,""month"":1,""searchVolume"":210},{""year"":2025,""month"":12,""searchVolume"":170},{""year"":2025,""month"":11,""searchVolume"":90},{""year"":2025,""month"":10,""searchVolume"":140},{""year"":2025,""month"":9,""searchVolume"":170},{""year"":2025,""month"":8,""searchVolume"":140}]"
onpoint property management ltd,2124,en,390,0,,navigational,"[{""year"":2026,""month"":7,""searchVolume"":390},{""year"":2026,""month"":6,""searchVolume"":390},{""year"":2026,""month"":5,""searchVolume"":390},{""year"":2026,""month"":4,""searchVolume"":390},{""year"":2026,""month"":3,""searchVolume"":480},{""year"":2026,""month"":2,""searchVolume"":320},{""year"":2026,""month"":1,""searchVolume"":260},{""year"":2025,""month"":12,""searchVolume"":260},{""year"":2025,""month"":11,""searchVolume"":260},{""year"":2025,""month"":10,""searchVolume"":480},{""year"":2025,""month"":9,""searchVolume"":390},{""year"":2025,""month"":8,""searchVolume"":260}]"
vision property management,2124,en,90,0,,navigational,"[{""year"":2026,""month"":7,""searchVolume"":90},{""year"":2026,""month"":6,""searchVolume"":90},{""year"":2026,""month"":5,""searchVolume"":90},{""year"":2026,""month"":4,""searchVolume"":110},{""year"":2026,""month"":3,""searchVolume"":110},{""year"":2026,""month"":2,""searchVolume"":70},{""year"":2026,""month"":1,""searchVolume"":90},{""year"":2025,""month"":12,""searchVolume"":70},{""year"":2025,""month"":11,""searchVolume"":70},{""year"":2025,""month"":10,""searchVolume"":70},{""year"":2025,""month"":9,""searchVolume"":90},{""year"":2025,""month"":8,""searchVolume"":90}]"
western property management,2124,en,90,0,0.59,commercial,"[{""year"":2026,""month"":7,""searchVolume"":70},{""year"":2026,""month"":6,""searchVolume"":70},{""year"":2026,""month"":5,""searchVolume"":90},{""year"":2026,""month"":4,""searchVolume"":90},{""year"":2026,""month"":3,""searchVolume"":110},{""year"":2026,""month"":2,""searchVolume"":90},{""year"":2026,""month"":1,""searchVolume"":110},{""year"":2025,""month"":12,""searchVolume"":50},{""year"":2025,""month"":11,""searchVolume"":70},{""year"":2025,""month"":10,""searchVolume"":90},{""year"":2025,""month"":9,""searchVolume"":110},{""year"":2025,""month"":8,""searchVolume"":170}]"
wynford property management,2124,en,70,0,3.14,navigational,"[{""year"":2026,""month"":7,""searchVolume"":30},{""year"":2026,""month"":6,""searchVolume"":40},{""year"":2026,""month"":5,""searchVolume"":50},{""year"":2026,""month"":4,""searchVolume"":70},{""year"":2026,""month"":3,""searchVolume"":70},{""year"":2026,""month"":2,""searchVolume"":50},{""year"":2026,""month"":1,""searchVolume"":90},{""year"":2025,""month"":12,""searchVolume"":70},{""year"":2025,""month"":11,""searchVolume"":90},{""year"":2025,""month"":10,""searchVolume"":110},{""year"":2025,""month"":9,""searchVolume"":50},{""year"":2025,""month"":8,""searchVolume"":90}]"
compass property management,2124,en,90,12,5.62,navigational,"[{""year"":2026,""month"":7,""searchVolume"":90},{""year"":2026,""month"":6,""searchVolume"":90},{""year"":2026,""month"":5,""searchVolume"":90},{""year"":2026,""month"":4,""searchVolume"":70},{""year"":2026,""month"":3,""searchVolume"":110},{""year"":2026,""month"":2,""searchVolume"":90},{""year"":2026,""month"":1,""searchVolume"":90},{""year"":2025,""month"":12,""searchVolume"":70},{""year"":2025,""month"":11,""searchVolume"":70},{""year"":2025,""month"":10,""searchVolume"":70},{""year"":2025,""month"":9,""searchVolume"":70},{""year"":2025,""month"":8,""searchVolume"":70}]"
property management saint john,2124,en,210,0,0.76,commercial,"[{""year"":2026,""month"":6,""searchVolume"":210},{""year"":2026,""month"":5,""searchVolume"":210},{""year"":2026,""month"":4,""searchVolume"":170},{""year"":2026,""month"":3,""searchVolume"":210},{""year"":2026,""month"":2,""searchVolume"":170},{""year"":2026,""month"":1,""searchVolume"":260},{""year"":2025,""month"":12,""searchVolume"":140},{""year"":2025,""month"":11,""searchVolume"":170},{""year"":2025,""month"":10,""searchVolume"":210},{""year"":2025,""month"":9,""searchVolume"":260},{""year"":2025,""month"":8,""searchVolume"":210},{""year"":2025,""month"":7,""searchVolume"":260}]"
hines property management,2124,en,70,19,,navigational,"[{""year"":2026,""month"":7,""searchVolume"":40},{""year"":2026,""month"":6,""searchVolume"":50},{""year"":2026,""month"":5,""searchVolume"":70},{""year"":2026,""month"":4,""searchVolume"":70},{""year"":2026,""month"":3,""searchVolume"":90},{""year"":2026,""month"":2,""searchVolume"":70},{""year"":2026,""month"":1,""searchVolume"":70},{""year"":2025,""month"":12,""searchVolume"":50},{""year"":2025,""month"":11,""searchVolume"":50},{""year"":2025,""month"":10,""searchVolume"":50},{""year"":2025,""month"":9,""searchVolume"":50},{""year"":2025,""month"":8,""searchVolume"":70}]"
metcap property management,2124,en,70,4,,navigational,"[{""year"":2026,""month"":7,""searchVolume"":70},{""year"":2026,""month"":6,""searchVolume"":50},{""year"":2026,""month"":5,""searchVolume"":50},{""year"":2026,""month"":4,""searchVolume"":70},{""year"":2026,""month"":3,""searchVolume"":70},{""year"":2026,""month"":2,""searchVolume"":40},{""year"":2026,""month"":1,""searchVolume"":50},{""year"":2025,""month"":12,""searchVolume"":50},{""year"":2025,""month"":11,""searchVolume"":70},{""year"":2025,""month"":10,""searchVolume"":70},{""year"":2025,""month"":9,""searchVolume"":50},{""year"":2025,""month"":8,""searchVolume"":90}]"
diamond property management,2124,en,90,0,1.95,navigational,"[{""year"":2026,""month"":7,""searchVolume"":90},{""year"":2026,""month"":6,""searchVolume"":90},{""year"":2026,""month"":5,""searchVolume"":90},{""year"":2026,""month"":4,""searchVolume"":90},{""year"":2026,""month"":3,""searchVolume"":90},{""year"":2026,""month"":2,""searchVolume"":70},{""year"":2026,""month"":1,""searchVolume"":110},{""year"":2025,""month"":12,""searchVolume"":70},{""year"":2025,""month"":11,""searchVolume"":90},{""year"":2025,""month"":10,""searchVolume"":70},{""year"":2025,""month"":9,""searchVolume"":90},{""year"":2025,""month"":8,""searchVolume"":70}]"
campbell property management,2124,en,70,19,,navigational,"[{""year"":2026,""month"":7,""searchVolume"":90},{""year"":2026,""month"":6,""searchVolume"":50},{""year"":2026,""month"":5,""searchVolume"":50},{""year"":2026,""month"":4,""searchVolume"":70},{""year"":2026,""month"":3,""searchVolume"":70},{""year"":2026,""month"":2,""searchVolume"":50},{""year"":2026,""month"":1,""searchVolume"":70},{""year"":2025,""month"":12,""searchVolume"":50},{""year"":2025,""month"":11,""searchVolume"":50},{""year"":2025,""month"":10,""searchVolume"":90},{""year"":2025,""month"":9,""searchVolume"":70},{""year"":2025,""month"":8,""searchVolume"":40}]"
new point property management,2124,en,170,0,4.41,navigational,"[{""year"":2026,""month"":7,""searchVolume"":140},{""year"":2026,""month"":6,""searchVolume"":170},{""year"":2026,""month"":5,""searchVolume"":210},{""year"":2026,""month"":4,""searchVolume"":210},{""year"":2026,""month"":3,""searchVolume"":260},{""year"":2026,""month"":2,""searchVolume"":140},{""year"":2026,""month"":1,""searchVolume"":210},{""year"":2025,""month"":12,""searchVolume"":110},{""year"":2025,""month"":11,""searchVolume"":140},{""year"":2025,""month"":10,""searchVolume"":170},{""year"":2025,""month"":9,""searchVolume"":140},{""year"":2025,""month"":8,""searchVolume"":140}]"
kls property management,2124,en,210,4,,navigational,"[{""year"":2026,""month"":7,""searchVolume"":320},{""year"":2026,""month"":6,""searchVolume"":260},{""year"":2026,""month"":5,""searchVolume"":210},{""year"":2026,""month"":4,""searchVolume"":260},{""year"":2026,""month"":3,""searchVolume"":210},{""year"":2026,""month"":2,""searchVolume"":140},{""year"":2026,""month"":1,""searchVolume"":140},{""year"":2025,""month"":12,""searchVolume"":140},{""year"":2025,""month"":11,""searchVolume"":210},{""year"":2025,""month"":10,""searchVolume"":210},{""year"":2025,""month"":9,""searchVolume"":210},{""year"":2025,""month"":8,""searchVolume"":260}]"
noble property management,2124,en,70,0,,navigational,"[{""year"":2026,""month"":7,""searchVolume"":70},{""year"":2026,""month"":6,""searchVolume"":90},{""year"":2026,""month"":5,""searchVolume"":90},{""year"":2026,""month"":4,""searchVolume"":90},{""year"":2026,""month"":3,""searchVolume"":90},{""year"":2026,""month"":2,""searchVolume"":70},{""year"":2026,""month"":1,""searchVolume"":50},{""year"":2025,""month"":12,""searchVolume"":70},{""year"":2025,""month"":11,""searchVolume"":50},{""year"":2025,""month"":10,""searchVolume"":70},{""year"":2025,""month"":9,""searchVolume"":70},{""year"":2025,""month"":8,""searchVolume"":90}]"
nickel city property management,2124,en,10,,,navigational,"[{""year"":2026,""month"":7,""searchVolume"":30},{""year"":2026,""month"":6,""searchVolume"":10},{""year"":2026,""month"":5,""searchVolume"":20},{""year"":2026,""month"":4,""searchVolume"":10},{""year"":2026,""month"":3,""searchVolume"":10},{""year"":2026,""month"":2,""searchVolume"":10},{""year"":2026,""month"":1,""searchVolume"":10},{""year"":2025,""month"":12,""searchVolume"":10},{""year"":2025,""month"":11,""searchVolume"":10},{""year"":2025,""month"":10,""searchVolume"":20},{""year"":2025,""month"":9,""searchVolume"":20},{""year"":2025,""month"":8,""searchVolume"":10}]"
property management canada,2124,en,90,52,,commercial,"[{""year"":2026,""month"":7,""searchVolume"":50},{""year"":2026,""month"":6,""searchVolume"":70},{""year"":2026,""month"":5,""searchVolume"":70},{""year"":2026,""month"":4,""searchVolume"":70},{""year"":2026,""month"":3,""searchVolume"":90},{""year"":2026,""month"":2,""searchVolume"":70},{""year"":2026,""month"":1,""searchVolume"":70},{""year"":2025,""month"":12,""searchVolume"":50},{""year"":2025,""month"":11,""searchVolume"":70},{""year"":2025,""month"":10,""searchVolume"":90},{""year"":2025,""month"":9,""searchVolume"":260},{""year"":2025,""month"":8,""searchVolume"":90}]"
drake property management reviews,2124,en,170,0,,informational,"[{""year"":2026,""month"":6,""searchVolume"":210},{""year"":2026,""month"":5,""searchVolume"":210},{""year"":2026,""month"":4,""searchVolume"":140},{""year"":2026,""month"":3,""searchVolume"":170},{""year"":2026,""month"":2,""searchVolume"":170},{""year"":2026,""month"":1,""searchVolume"":140},{""year"":2025,""month"":12,""searchVolume"":170},{""year"":2025,""month"":11,""searchVolume"":140},{""year"":2025,""month"":10,""searchVolume"":170},{""year"":2025,""month"":9,""searchVolume"":260},{""year"":2025,""month"":8,""searchVolume"":260},{""year"":2025,""month"":7,""searchVolume"":140}]"
williams & mcdaniel property management,2124,en,320,0,0.67,navigational,"[{""year"":2026,""month"":6,""searchVolume"":390},{""year"":2026,""month"":5,""searchVolume"":480},{""year"":2026,""month"":4,""searchVolume"":480},{""year"":2026,""month"":3,""searchVolume"":390},{""year"":2026,""month"":2,""searchVolume"":260},{""year"":2026,""month"":1,""searchVolume"":320},{""year"":2025,""month"":12,""searchVolume"":260},{""year"":2025,""month"":11,""searchVolume"":320},{""year"":2025,""month"":10,""searchVolume"":320},{""year"":2025,""month"":9,""searchVolume"":320},{""year"":2025,""month"":8,""searchVolume"":260},{""year"":2025,""month"":7,""searchVolume"":390}]"
prince george property management,2124,en,170,0,2.96,navigational,"[{""year"":2026,""month"":7,""searchVolume"":140},{""year"":2026,""month"":6,""searchVolume"":140},{""year"":2026,""month"":5,""searchVolume"":140},{""year"":2026,""month"":4,""searchVolume"":140},{""year"":2026,""month"":3,""searchVolume"":170},{""year"":2026,""month"":2,""searchVolume"":110},{""year"":2026,""month"":1,""searchVolume"":140},{""year"":2025,""month"":12,""searchVolume"":110},{""year"":2025,""month"":11,""searchVolume"":110},{""year"":2025,""month"":10,""searchVolume"":260},{""year"":2025,""month"":9,""searchVolume"":210},{""year"":2025,""month"":8,""searchVolume"":260}]"
property management companies bozeman,2124,en,70,9,,commercial,"[{""year"":2026,""month"":7,""searchVolume"":0},{""year"":2026,""month"":6,""searchVolume"":0},{""year"":2026,""month"":5,""searchVolume"":0},{""year"":2026,""month"":4,""searchVolume"":0},{""year"":2026,""month"":3,""searchVolume"":10},{""year"":2026,""month"":2,""searchVolume"":0},{""year"":2026,""month"":1,""searchVolume"":0},{""year"":2025,""month"":12,""searchVolume"":720},{""year"":2025,""month"":11,""searchVolume"":40},{""year"":2025,""month"":10,""searchVolume"":70},{""year"":2025,""month"":9,""searchVolume"":20},{""year"":2025,""month"":8,""searchVolume"":0}]"
spectrum property management,2124,en,70,0,,navigational,"[{""year"":2026,""month"":6,""searchVolume"":70},{""year"":2026,""month"":5,""searchVolume"":70},{""year"":2026,""month"":4,""searchVolume"":70},{""year"":2026,""month"":3,""searchVolume"":70},{""year"":2026,""month"":2,""searchVolume"":40},{""year"":2026,""month"":1,""searchVolume"":30},{""year"":2025,""month"":12,""searchVolume"":40},{""year"":2025,""month"":11,""searchVolume"":70},{""year"":2025,""month"":10,""searchVolume"":90},{""year"":2025,""month"":9,""searchVolume"":50},{""year"":2025,""month"":8,""searchVolume"":70},{""year"":2025,""month"":7,""searchVolume"":50}]"
peak property management,2124,en,70,0,1.01,navigational,"[{""year"":2026,""month"":6,""searchVolume"":70},{""year"":2026,""month"":5,""searchVolume"":50},{""year"":2026,""month"":4,""searchVolume"":70},{""year"":2026,""month"":3,""searchVolume"":70},{""year"":2026,""month"":2,""searchVolume"":70},{""year"":2026,""month"":1,""searchVolume"":70},{""year"":2025,""month"":12,""searchVolume"":50},{""year"":2025,""month"":11,""searchVolume"":90},{""year"":2025,""month"":10,""searchVolume"":70},{""year"":2025,""month"":9,""searchVolume"":70},{""year"":2025,""month"":8,""searchVolume"":70},{""year"":2025,""month"":7,""searchVolume"":90}]"
property management companies red deer,2124,en,50,0,1.44,navigational,"[{""year"":2026,""month"":6,""searchVolume"":90},{""year"":2026,""month"":5,""searchVolume"":70},{""year"":2026,""month"":4,""searchVolume"":70},{""year"":2026,""month"":3,""searchVolume"":70},{""year"":2026,""month"":2,""searchVolume"":50},{""year"":2026,""month"":1,""searchVolume"":50},{""year"":2025,""month"":12,""searchVolume"":20},{""year"":2025,""month"":11,""searchVolume"":40},{""year"":2025,""month"":10,""searchVolume"":50},{""year"":2025,""month"":9,""searchVolume"":70},{""year"":2025,""month"":8,""searchVolume"":90},{""year"":2025,""month"":7,""searchVolume"":40}]"
all mountain property management,2124,en,10,,,navigational,"[{""year"":2026,""month"":6,""searchVolume"":0},{""year"":2026,""month"":5,""searchVolume"":0},{""year"":2026,""month"":4,""searchVolume"":0},{""year"":2026,""month"":3,""searchVolume"":0},{""year"":2026,""month"":2,""searchVolume"":0},{""year"":2026,""month"":1,""searchVolume"":10},{""year"":2025,""month"":12,""searchVolume"":10},{""year"":2025,""month"":11,""searchVolume"":0},{""year"":2025,""month"":10,""searchVolume"":10},{""year"":2025,""month"":9,""searchVolume"":0},{""year"":2025,""month"":8,""searchVolume"":0},{""year"":2025,""month"":7,""searchVolume"":0}]"
benchmark property management,2124,en,40,30,3.51,navigational,"[{""year"":2026,""month"":6,""searchVolume"":40},{""year"":2026,""month"":5,""searchVolume"":50},{""year"":2026,""month"":4,""searchVolume"":40},{""year"":2026,""month"":3,""searchVolume"":50},{""year"":2026,""month"":2,""searchVolume"":50},{""year"":2026,""month"":1,""searchVolume"":40},{""year"":2025,""month"":12,""searchVolume"":30},{""year"":2025,""month"":11,""searchVolume"":30},{""year"":2025,""month"":10,""searchVolume"":50},{""year"":2025,""month"":9,""searchVolume"":40},{""year"":2025,""month"":8,""searchVolume"":40},{""year"":2025,""month"":7,""searchVolume"":40}]"
ledcor,2124,en,14800,5,4.48,transactional,"[{""year"":2026,""month"":7,""searchVolume"":14800},{""year"":2026,""month"":6,""searchVolume"":14800},{""year"":2026,""month"":5,""searchVolume"":14800},{""year"":2026,""month"":4,""searchVolume"":14800},{""year"":2026,""month"":3,""searchVolume"":14800},{""year"":2026,""month"":2,""searchVolume"":14800},{""year"":2026,""month"":1,""searchVolume"":14800},{""year"":2025,""month"":12,""searchVolume"":9900},{""year"":2025,""month"":11,""searchVolume"":12100},{""year"":2025,""month"":10,""searchVolume"":12100},{""year"":2025,""month"":9,""searchVolume"":12100},{""year"":2025,""month"":8,""searchVolume"":12100}]"
pcl construction,2124,en,12100,24,2.5,navigational,"[{""year"":2026,""month"":7,""searchVolume"":12100},{""year"":2026,""month"":6,""searchVolume"":12100},{""year"":2026,""month"":5,""searchVolume"":14800},{""year"":2026,""month"":4,""searchVolume"":14800},{""year"":2026,""month"":3,""searchVolume"":14800},{""year"":2026,""month"":2,""searchVolume"":12100},{""year"":2026,""month"":1,""searchVolume"":14800},{""year"":2025,""month"":12,""searchVolume"":9900},{""year"":2025,""month"":11,""searchVolume"":12100},{""year"":2025,""month"":10,""searchVolume"":12100},{""year"":2025,""month"":9,""searchVolume"":14800},{""year"":2025,""month"":8,""searchVolume"":12100}]"
bird construction,2124,en,12100,7,2.77,informational,"[{""year"":2026,""month"":7,""searchVolume"":14800},{""year"":2026,""month"":6,""searchVolume"":14800},{""year"":2026,""month"":5,""searchVolume"":14800},{""year"":2026,""month"":4,""searchVolume"":14800},{""year"":2026,""month"":3,""searchVolume"":14800},{""year"":2026,""month"":2,""searchVolume"":12100},{""year"":2026,""month"":1,""searchVolume"":12100},{""year"":2025,""month"":12,""searchVolume"":9900},{""year"":2025,""month"":11,""searchVolume"":12100},{""year"":2025,""month"":10,""searchVolume"":12100},{""year"":2025,""month"":9,""searchVolume"":14800},{""year"":2025,""month"":8,""searchVolume"":12100}]"
ellisdon,2124,en,9900,32,1.35,informational,"[{""year"":2026,""month"":7,""searchVolume"":9900},{""year"":2026,""month"":6,""searchVolume"":9900},{""year"":2026,""month"":5,""searchVolume"":9900},{""year"":2026,""month"":4,""searchVolume"":12100},{""year"":2026,""month"":3,""searchVolume"":12100},{""year"":2026,""month"":2,""searchVolume"":9900},{""year"":2026,""month"":1,""searchVolume"":12100},{""year"":2025,""month"":12,""searchVolume"":9900},{""year"":2025,""month"":11,""searchVolume"":12100},{""year"":2025,""month"":10,""searchVolume"":12100},{""year"":2025,""month"":9,""searchVolume"":9900},{""year"":2025,""month"":8,""searchVolume"":9900}]"
bird construction stock,2124,en,9900,0,1.91,informational,"[{""year"":2026,""month"":7,""searchVolume"":14800},{""year"":2026,""month"":6,""searchVolume"":14800},{""year"":2026,""month"":5,""searchVolume"":18100},{""year"":2026,""month"":4,""searchVolume"":14800},{""year"":2026,""month"":3,""searchVolume"":9900},{""year"":2026,""month"":2,""searchVolume"":6600},{""year"":2026,""month"":1,""searchVolume"":6600},{""year"":2025,""month"":12,""searchVolume"":6600},{""year"":2025,""month"":11,""searchVolume"":8100},{""year"":2025,""month"":10,""searchVolume"":6600},{""year"":2025,""month"":9,""searchVolume"":9900},{""year"":2025,""month"":8,""searchVolume"":8100}]"
pcl construction canada,2124,en,2400,24,,navigational,"[{""year"":2026,""month"":7,""searchVolume"":2400},{""year"":2026,""month"":6,""searchVolume"":2900},{""year"":2026,""month"":5,""searchVolume"":2900},{""year"":2026,""month"":4,""searchVolume"":2400},{""year"":2026,""month"":3,""searchVolume"":2400},{""year"":2026,""month"":2,""searchVolume"":1900},{""year"":2026,""month"":1,""searchVolume"":2900},{""year"":2025,""month"":12,""searchVolume"":1600},{""year"":2025,""month"":11,""searchVolume"":1900},{""year"":2025,""month"":10,""searchVolume"":2400},{""year"":2025,""month"":9,""searchVolume"":2400},{""year"":2025,""month"":8,""searchVolume"":1900}]"
ellisdon career,2124,en,2400,6,0.74,informational,"[{""year"":2026,""month"":7,""searchVolume"":2400},{""year"":2026,""month"":6,""searchVolume"":2400},{""year"":2026,""month"":5,""searchVolume"":2900},{""year"":2026,""month"":4,""searchVolume"":2900},{""year"":2026,""month"":3,""searchVolume"":2900},{""year"":2026,""month"":2,""searchVolume"":2400},{""year"":2026,""month"":1,""searchVolume"":2900},{""year"":2025,""month"":12,""searchVolume"":1600},{""year"":2025,""month"":11,""searchVolume"":1900},{""year"":2025,""month"":10,""searchVolume"":1900},{""year"":2025,""month"":9,""searchVolume"":1900},{""year"":2025,""month"":8,""searchVolume"":1900}]"
vancouver construction company,2124,en,880,26,,navigational,"[{""year"":2026,""month"":7,""searchVolume"":720},{""year"":2026,""month"":6,""searchVolume"":480},{""year"":2026,""month"":5,""searchVolume"":720},{""year"":2026,""month"":4,""searchVolume"":720},{""year"":2026,""month"":3,""searchVolume"":880},{""year"":2026,""month"":2,""searchVolume"":720},{""year"":2026,""month"":1,""searchVolume"":880},{""year"":2025,""month"":12,""searchVolume"":590},{""year"":2025,""month"":11,""searchVolume"":880},{""year"":2025,""month"":10,""searchVolume"":880},{""year"":2025,""month"":9,""searchVolume"":1300},{""year"":2025,""month"":8,""searchVolume"":1000}]"
top construction companies in canada,2124,en,720,7,6.5,commercial,"[{""year"":2026,""month"":7,""searchVolume"":720},{""year"":2026,""month"":6,""searchVolume"":720},{""year"":2026,""month"":5,""searchVolume"":720},{""year"":2026,""month"":4,""searchVolume"":720},{""year"":2026,""month"":3,""searchVolume"":720},{""year"":2026,""month"":2,""searchVolume"":720},{""year"":2026,""month"":1,""searchVolume"":720},{""year"":2025,""month"":12,""searchVolume"":590},{""year"":2025,""month"":11,""searchVolume"":880},{""year"":2025,""month"":10,""searchVolume"":880},{""year"":2025,""month"":9,""searchVolume"":880},{""year"":2025,""month"":8,""searchVolume"":720}]"
ledcor edmonton,2124,en,720,8,3.53,navigational,"[{""year"":2026,""month"":7,""searchVolume"":590},{""year"":2026,""month"":6,""searchVolume"":590},{""year"":2026,""month"":5,""searchVolume"":590},{""year"":2026,""month"":4,""searchVolume"":720},{""year"":2026,""month"":3,""searchVolume"":720},{""year"":2026,""month"":2,""searchVolume"":590},{""year"":2026,""month"":1,""searchVolume"":720},{""year"":2025,""month"":12,""searchVolume"":590},{""year"":2025,""month"":11,""searchVolume"":720},{""year"":2025,""month"":10,""searchVolume"":720},{""year"":2025,""month"":9,""searchVolume"":720},{""year"":2025,""month"":8,""searchVolume"":720}]"
ledcor toronto,2124,en,720,11,0.26,navigational,"[{""year"":2026,""month"":7,""searchVolume"":880},{""year"":2026,""month"":6,""searchVolume"":880},{""year"":2026,""month"":5,""searchVolume"":720},{""year"":2026,""month"":4,""searchVolume"":880},{""year"":2026,""month"":3,""searchVolume"":720},{""year"":2026,""month"":2,""searchVolume"":720},{""year"":2026,""month"":1,""searchVolume"":720},{""year"":2025,""month"":12,""searchVolume"":590},{""year"":2025,""month"":11,""searchVolume"":720},{""year"":2025,""month"":10,""searchVolume"":720},{""year"":2025,""month"":9,""searchVolume"":880},{""year"":2025,""month"":8,""searchVolume"":480}]"
pcl construction jobs,2124,en,590,0,1.21,navigational,"[{""year"":2026,""month"":7,""searchVolume"":720},{""year"":2026,""month"":6,""searchVolume"":590},{""year"":2026,""month"":5,""searchVolume"":720},{""year"":2026,""month"":4,""searchVolume"":720},{""year"":2026,""month"":3,""searchVolume"":720},{""year"":2026,""month"":2,""searchVolume"":590},{""year"":2026,""month"":1,""searchVolume"":720},{""year"":2025,""month"":12,""searchVolume"":480},{""year"":2025,""month"":11,""searchVolume"":480},{""year"":2025,""month"":10,""searchVolume"":590},{""year"":2025,""month"":9,""searchVolume"":590},{""year"":2025,""month"":8,""searchVolume"":590}]"
ledcor group of companies,2124,en,590,7,,navigational,"[{""year"":2026,""month"":7,""searchVolume"":320},{""year"":2026,""month"":6,""searchVolume"":390},{""year"":2026,""month"":5,""searchVolume"":390},{""year"":2026,""month"":4,""searchVolume"":480},{""year"":2026,""month"":3,""searchVolume"":590},{""year"":2026,""month"":2,""searchVolume"":590},{""year"":2026,""month"":1,""searchVolume"":590},{""year"":2025,""month"":12,""searchVolume"":590},{""year"":2025,""month"":11,""searchVolume"":590},{""year"":2025,""month"":10,""searchVolume"":720},{""year"":2025,""month"":9,""searchVolume"":880},{""year"":2025,""month"":8,""searchVolume"":590}]"
bird construction edmonton,2124,en,390,14,1.64,navigational,"[{""year"":2026,""month"":7,""searchVolume"":390},{""year"":2026,""month"":6,""searchVolume"":480},{""year"":2026,""month"":5,""searchVolume"":480},{""year"":2026,""month"":4,""searchVolume"":390},{""year"":2026,""month"":3,""searchVolume"":480},{""year"":2026,""month"":2,""searchVolume"":390},{""year"":2026,""month"":1,""searchVolume"":390},{""year"":2025,""month"":12,""searchVolume"":320},{""year"":2025,""month"":11,""searchVolume"":390},{""year"":2025,""month"":10,""searchVolume"":480},{""year"":2025,""month"":9,""searchVolume"":390},{""year"":2025,""month"":8,""searchVolume"":320}]"
ledcor vancouver,2124,en,320,13,5.92,navigational,"[{""year"":2026,""month"":6,""searchVolume"":320},{""year"":2026,""month"":5,""searchVolume"":320},{""year"":2026,""month"":4,""searchVolume"":260},{""year"":2026,""month"":3,""searchVolume"":320},{""year"":2026,""month"":2,""searchVolume"":320},{""year"":2026,""month"":1,""searchVolume"":390},{""year"":2025,""month"":12,""searchVolume"":260},{""year"":2025,""month"":11,""searchVolume"":260},{""year"":2025,""month"":10,""searchVolume"":320},{""year"":2025,""month"":9,""searchVolume"":260},{""year"":2025,""month"":8,""searchVolume"":320},{""year"":2025,""month"":7,""searchVolume"":320}]"
ellisdon ottawa,2124,en,320,12,15.03,navigational,"[{""year"":2026,""month"":7,""searchVolume"":210},{""year"":2026,""month"":6,""searchVolume"":260},{""year"":2026,""month"":5,""searchVolume"":260},{""year"":2026,""month"":4,""searchVolume"":320},{""year"":2026,""month"":3,""searchVolume"":320},{""year"":2026,""month"":2,""searchVolume"":260},{""year"":2026,""month"":1,""searchVolume"":390},{""year"":2025,""month"":12,""searchVolume"":210},{""year"":2025,""month"":11,""searchVolume"":320},{""year"":2025,""month"":10,""searchVolume"":320},{""year"":2025,""month"":9,""searchVolume"":390},{""year"":2025,""month"":8,""searchVolume"":260}]"
pcl construction locations,2124,en,210,18,0.76,navigational,"[{""year"":2026,""month"":7,""searchVolume"":170},{""year"":2026,""month"":6,""searchVolume"":170},{""year"":2026,""month"":5,""searchVolume"":260},{""year"":2026,""month"":4,""searchVolume"":140},{""year"":2026,""month"":3,""searchVolume"":140},{""year"":2026,""month"":2,""searchVolume"":170},{""year"":2026,""month"":1,""searchVolume"":590},{""year"":2025,""month"":12,""searchVolume"":70},{""year"":2025,""month"":11,""searchVolume"":170},{""year"":2025,""month"":10,""searchVolume"":210},{""year"":2025,""month"":9,""searchVolume"":390},{""year"":2025,""month"":8,""searchVolume"":140}]"
pcl construction toronto,2124,en,210,18,5.46,navigational,"[{""year"":2026,""month"":7,""searchVolume"":170},{""year"":2026,""month"":6,""searchVolume"":170},{""year"":2026,""month"":5,""searchVolume"":210},{""year"":2026,""month"":4,""searchVolume"":170},{""year"":2026,""month"":3,""searchVolume"":210},{""year"":2026,""month"":2,""searchVolume"":210},{""year"":2026,""month"":1,""searchVolume"":320},{""year"":2025,""month"":12,""searchVolume"":140},{""year"":2025,""month"":11,""searchVolume"":170},{""year"":2025,""month"":10,""searchVolume"":210},{""year"":2025,""month"":9,""searchVolume"":260},{""year"":2025,""month"":8,""searchVolume"":170}]"
bird construction winnipeg,2124,en,210,7,,navigational,"[{""year"":2026,""month"":7,""searchVolume"":170},{""year"":2026,""month"":6,""searchVolume"":170},{""year"":2026,""month"":5,""searchVolume"":210},{""year"":2026,""month"":4,""searchVolume"":260},{""year"":2026,""month"":3,""searchVolume"":210},{""year"":2026,""month"":2,""searchVolume"":210},{""year"":2026,""month"":1,""searchVolume"":170},{""year"":2025,""month"":12,""searchVolume"":170},{""year"":2025,""month"":11,""searchVolume"":210},{""year"":2025,""month"":10,""searchVolume"":210},{""year"":2025,""month"":9,""searchVolume"":170},{""year"":2025,""month"":8,""searchVolume"":140}]"
bird construction head office,2124,en,170,6,,navigational,"[{""year"":2026,""month"":7,""searchVolume"":170},{""year"":2026,""month"":6,""searchVolume"":210},{""year"":2026,""month"":5,""searchVolume"":170},{""year"":2026,""month"":4,""searchVolume"":170},{""year"":2026,""month"":3,""searchVolume"":170},{""year"":2026,""month"":2,""searchVolume"":110},{""year"":2026,""month"":1,""searchVolume"":170},{""year"":2025,""month"":12,""searchVolume"":110},{""year"":2025,""month"":11,""searchVolume"":110},{""year"":2025,""month"":10,""searchVolume"":170},{""year"":2025,""month"":9,""searchVolume"":170},{""year"":2025,""month"":8,""searchVolume"":140}]"
ellisdon toronto,2124,en,170,35,11.46,navigational,"[{""year"":2026,""month"":7,""searchVolume"":260},{""year"":2026,""month"":6,""searchVolume"":260},{""year"":2026,""month"":5,""searchVolume"":260},{""year"":2026,""month"":4,""searchVolume"":210},{""year"":2026,""month"":3,""searchVolume"":210},{""year"":2026,""month"":2,""searchVolume"":170},{""year"":2026,""month"":1,""searchVolume"":210},{""year"":2025,""month"":12,""searchVolume"":110},{""year"":2025,""month"":11,""searchVolume"":140},{""year"":2025,""month"":10,""searchVolume"":110},{""year"":2025,""month"":9,""searchVolume"":110},{""year"":2025,""month"":8,""searchVolume"":90}]"
ledcor saskatoon,2124,en,140,0,0.49,navigational,"[{""year"":2026,""month"":7,""searchVolume"":140},{""year"":2026,""month"":6,""searchVolume"":170},{""year"":2026,""month"":5,""searchVolume"":170},{""year"":2026,""month"":4,""searchVolume"":140},{""year"":2026,""month"":3,""searchVolume"":110},{""year"":2026,""month"":2,""searchVolume"":110},{""year"":2026,""month"":1,""searchVolume"":140},{""year"":2025,""month"":12,""searchVolume"":170},{""year"":2025,""month"":11,""searchVolume"":140},{""year"":2025,""month"":10,""searchVolume"":170},{""year"":2025,""month"":9,""searchVolume"":170},{""year"":2025,""month"":8,""searchVolume"":140}]"
ellisdon head office,2124,en,140,16,,navigational,"[{""year"":2026,""month"":7,""searchVolume"":110},{""year"":2026,""month"":6,""searchVolume"":140},{""year"":2026,""month"":5,""searchVolume"":140},{""year"":2026,""month"":4,""searchVolume"":210},{""year"":2026,""month"":3,""searchVolume"":170},{""year"":2026,""month"":2,""searchVolume"":140},{""year"":2026,""month"":1,""searchVolume"":110},{""year"":2025,""month"":12,""searchVolume"":140},{""year"":2025,""month"":11,""searchVolume"":110},{""year"":2025,""month"":10,""searchVolume"":110},{""year"":2025,""month"":9,""searchVolume"":140},{""year"":2025,""month"":8,""searchVolume"":140}]"
pcl construction vancouver,2124,en,110,7,16.26,navigational,"[{""year"":2026,""month"":7,""searchVolume"":140},{""year"":2026,""month"":6,""searchVolume"":140},{""year"":2026,""month"":5,""searchVolume"":140},{""year"":2026,""month"":4,""searchVolume"":140},{""year"":2026,""month"":3,""searchVolume"":110},{""year"":2026,""month"":2,""searchVolume"":90},{""year"":2026,""month"":1,""searchVolume"":110},{""year"":2025,""month"":12,""searchVolume"":70},{""year"":2025,""month"":11,""searchVolume"":50},{""year"":2025,""month"":10,""searchVolume"":90},{""year"":2025,""month"":9,""searchVolume"":110},{""year"":2025,""month"":8,""searchVolume"":90}]"
pcl construction phone number,2124,en,110,4,,navigational,"[{""year"":2026,""month"":7,""searchVolume"":90},{""year"":2026,""month"":6,""searchVolume"":110},{""year"":2026,""month"":5,""searchVolume"":110},{""year"":2026,""month"":4,""searchVolume"":110},{""year"":2026,""month"":3,""searchVolume"":110},{""year"":2026,""month"":2,""searchVolume"":70},{""year"":2026,""month"":1,""searchVolume"":90},{""year"":2025,""month"":12,""searchVolume"":110},{""year"":2025,""month"":11,""searchVolume"":90},{""year"":2025,""month"":10,""searchVolume"":110},{""year"":2025,""month"":9,""searchVolume"":140},{""year"":2025,""month"":8,""searchVolume"":140}]"
top 100 construction companies in canada,2124,en,90,0,,informational,"[{""year"":2026,""month"":6,""searchVolume"":50},{""year"":2026,""month"":5,""searchVolume"":70},{""year"":2026,""month"":4,""searchVolume"":70},{""year"":2026,""month"":3,""searchVolume"":90},{""year"":2026,""month"":2,""searchVolume"":70},{""year"":2026,""month"":1,""searchVolume"":110},{""year"":2025,""month"":12,""searchVolume"":90},{""year"":2025,""month"":11,""searchVolume"":110},{""year"":2025,""month"":10,""searchVolume"":90},{""year"":2025,""month"":9,""searchVolume"":90},{""year"":2025,""month"":8,""searchVolume"":110},{""year"":2025,""month"":7,""searchVolume"":90}]"
top 10 construction companies in canada,2124,en,90,0,,commercial,"[{""year"":2026,""month"":7,""searchVolume"":70},{""year"":2026,""month"":6,""searchVolume"":110},{""year"":2026,""month"":5,""searchVolume"":110},{""year"":2026,""month"":4,""searchVolume"":110},{""year"":2026,""month"":3,""searchVolume"":70},{""year"":2026,""month"":2,""searchVolume"":110},{""year"":2026,""month"":1,""searchVolume"":70},{""year"":2025,""month"":12,""searchVolume"":90},{""year"":2025,""month"":11,""searchVolume"":110},{""year"":2025,""month"":10,""searchVolume"":70},{""year"":2025,""month"":9,""searchVolume"":90},{""year"":2025,""month"":8,""searchVolume"":110}]"
ellisdon locations,2124,en,90,23,,navigational,"[{""year"":2026,""month"":7,""searchVolume"":70},{""year"":2026,""month"":6,""searchVolume"":110},{""year"":2026,""month"":5,""searchVolume"":110},{""year"":2026,""month"":4,""searchVolume"":110},{""year"":2026,""month"":3,""searchVolume"":90},{""year"":2026,""month"":2,""searchVolume"":70},{""year"":2026,""month"":1,""searchVolume"":110},{""year"":2025,""month"":12,""searchVolume"":90},{""year"":2025,""month"":11,""searchVolume"":110},{""year"":2025,""month"":10,""searchVolume"":90},{""year"":2025,""month"":9,""searchVolume"":90},{""year"":2025,""month"":8,""searchVolume"":110}]"
top 10 construction companies in vancouver,2124,en,70,0,3.73,commercial,"[{""year"":2026,""month"":6,""searchVolume"":70},{""year"":2026,""month"":5,""searchVolume"":70},{""year"":2026,""month"":4,""searchVolume"":70},{""year"":2026,""month"":3,""searchVolume"":90},{""year"":2026,""month"":2,""searchVolume"":70},{""year"":2026,""month"":1,""searchVolume"":50},{""year"":2025,""month"":12,""searchVolume"":90},{""year"":2025,""month"":11,""searchVolume"":70},{""year"":2025,""month"":10,""searchVolume"":50},{""year"":2025,""month"":9,""searchVolume"":70},{""year"":2025,""month"":8,""searchVolume"":70},{""year"":2025,""month"":7,""searchVolume"":90}]"
ellisdon owner,2124,en,70,0,,navigational,"[{""year"":2026,""month"":7,""searchVolume"":50},{""year"":2026,""month"":6,""searchVolume"":90},{""year"":2026,""month"":5,""searchVolume"":50},{""year"":2026,""month"":4,""searchVolume"":50},{""year"":2026,""month"":3,""searchVolume"":40},{""year"":2026,""month"":2,""searchVolume"":40},{""year"":2026,""month"":1,""searchVolume"":40},{""year"":2025,""month"":12,""searchVolume"":90},{""year"":2025,""month"":11,""searchVolume"":50},{""year"":2025,""month"":10,""searchVolume"":70},{""year"":2025,""month"":9,""searchVolume"":70},{""year"":2025,""month"":8,""searchVolume"":90}]"
ellisdon careers canada,2124,en,70,10,0.34,navigational,"[{""year"":2026,""month"":7,""searchVolume"":110},{""year"":2026,""month"":6,""searchVolume"":140},{""year"":2026,""month"":5,""searchVolume"":110},{""year"":2026,""month"":4,""searchVolume"":140},{""year"":2026,""month"":3,""searchVolume"":110},{""year"":2026,""month"":2,""searchVolume"":70},{""year"":2026,""month"":1,""searchVolume"":90},{""year"":2025,""month"":12,""searchVolume"":40},{""year"":2025,""month"":11,""searchVolume"":50},{""year"":2025,""month"":10,""searchVolume"":20},{""year"":2025,""month"":9,""searchVolume"":10},{""year"":2025,""month"":8,""searchVolume"":10}]"
pcl construction company,2124,en,70,18,3.16,navigational,"[{""year"":2026,""month"":6,""searchVolume"":110},{""year"":2026,""month"":5,""searchVolume"":140},{""year"":2026,""month"":4,""searchVolume"":110},{""year"":2026,""month"":3,""searchVolume"":90},{""year"":2026,""month"":2,""searchVolume"":70},{""year"":2026,""month"":1,""searchVolume"":50},{""year"":2025,""month"":12,""searchVolume"":40},{""year"":2025,""month"":11,""searchVolume"":40},{""year"":2025,""month"":10,""searchVolume"":50},{""year"":2025,""month"":9,""searchVolume"":30},{""year"":2025,""month"":8,""searchVolume"":30},{""year"":2025,""month"":7,""searchVolume"":20}]"
pcl construction login,2124,en,50,,,navigational,"[{""year"":2026,""month"":6,""searchVolume"":70},{""year"":2026,""month"":5,""searchVolume"":50},{""year"":2026,""month"":4,""searchVolume"":70},{""year"":2026,""month"":3,""searchVolume"":90},{""year"":2026,""month"":2,""searchVolume"":70},{""year"":2026,""month"":1,""searchVolume"":50},{""year"":2025,""month"":12,""searchVolume"":20},{""year"":2025,""month"":11,""searchVolume"":40},{""year"":2025,""month"":10,""searchVolume"":40},{""year"":2025,""month"":9,""searchVolume"":50},{""year"":2025,""month"":8,""searchVolume"":40},{""year"":2025,""month"":7,""searchVolume"":30}]"
ledcor milton,2124,en,50,0,,navigational,"[{""year"":2026,""month"":7,""searchVolume"":50},{""year"":2026,""month"":6,""searchVolume"":70},{""year"":2026,""month"":5,""searchVolume"":30},{""year"":2026,""month"":4,""searchVolume"":70},{""year"":2026,""month"":3,""searchVolume"":50},{""year"":2026,""month"":2,""searchVolume"":50},{""year"":2026,""month"":1,""searchVolume"":70},{""year"":2025,""month"":12,""searchVolume"":70},{""year"":2025,""month"":11,""searchVolume"":30},{""year"":2025,""month"":10,""searchVolume"":20},{""year"":2025,""month"":9,""searchVolume"":40},{""year"":2025,""month"":8,""searchVolume"":40}]"
ledcor kitimat,2124,en,50,0,,transactional,"[{""year"":2026,""month"":7,""searchVolume"":30},{""year"":2026,""month"":6,""searchVolume"":50},{""year"":2026,""month"":5,""searchVolume"":70},{""year"":2026,""month"":4,""searchVolume"":70},{""year"":2026,""month"":3,""searchVolume"":70},{""year"":2026,""month"":2,""searchVolume"":70},{""year"":2026,""month"":1,""searchVolume"":20},{""year"":2025,""month"":12,""searchVolume"":20},{""year"":2025,""month"":11,""searchVolume"":20},{""year"":2025,""month"":10,""searchVolume"":50},{""year"":2025,""month"":9,""searchVolume"":70},{""year"":2025,""month"":8,""searchVolume"":40}]"
ledcor sign in,2124,en,50,15,,navigational,"[{""year"":2026,""month"":6,""searchVolume"":110},{""year"":2026,""month"":5,""searchVolume"":70},{""year"":2026,""month"":4,""searchVolume"":90},{""year"":2026,""month"":3,""searchVolume"":90},{""year"":2026,""month"":2,""searchVolume"":70},{""year"":2026,""month"":1,""searchVolume"":40},{""year"":2025,""month"":12,""searchVolume"":40},{""year"":2025,""month"":11,""searchVolume"":30},{""year"":2025,""month"":10,""searchVolume"":40},{""year"":2025,""month"":9,""searchVolume"":30},{""year"":2025,""month"":8,""searchVolume"":40},{""year"":2025,""month"":7,""searchVolume"":30}]"
bird construction company fake,2124,en,50,0,,informational,"[{""year"":2026,""month"":7,""searchVolume"":40},{""year"":2026,""month"":6,""searchVolume"":50},{""year"":2026,""month"":5,""searchVolume"":50},{""year"":2026,""month"":4,""searchVolume"":50},{""year"":2026,""month"":3,""searchVolume"":70},{""year"":2026,""month"":2,""searchVolume"":40},{""year"":2026,""month"":1,""searchVolume"":40},{""year"":2025,""month"":12,""searchVolume"":40},{""year"":2025,""month"":11,""searchVolume"":40},{""year"":2025,""month"":10,""searchVolume"":70},{""year"":2025,""month"":9,""searchVolume"":70},{""year"":2025,""month"":8,""searchVolume"":90}]"
top 20 construction companies in canada,2124,en,40,0,,commercial,"[{""year"":2026,""month"":7,""searchVolume"":20},{""year"":2026,""month"":6,""searchVolume"":20},{""year"":2026,""month"":5,""searchVolume"":30},{""year"":2026,""month"":4,""searchVolume"":40},{""year"":2026,""month"":3,""searchVolume"":40},{""year"":2026,""month"":2,""searchVolume"":30},{""year"":2026,""month"":1,""searchVolume"":50},{""year"":2025,""month"":12,""searchVolume"":30},{""year"":2025,""month"":11,""searchVolume"":30},{""year"":2025,""month"":10,""searchVolume"":30},{""year"":2025,""month"":9,""searchVolume"":50},{""year"":2025,""month"":8,""searchVolume"":50}]"
commercial construction companies vancouver,2124,en,30,20,,commercial,"[{""year"":2026,""month"":7,""searchVolume"":20},{""year"":2026,""month"":6,""searchVolume"":30},{""year"":2026,""month"":5,""searchVolume"":20},{""year"":2026,""month"":4,""searchVolume"":40},{""year"":2026,""month"":3,""searchVolume"":30},{""year"":2026,""month"":2,""searchVolume"":30},{""year"":2026,""month"":1,""searchVolume"":30},{""year"":2025,""month"":12,""searchVolume"":10},{""year"":2025,""month"":11,""searchVolume"":40},{""year"":2025,""month"":10,""searchVolume"":20},{""year"":2025,""month"":9,""searchVolume"":30},{""year"":2025,""month"":8,""searchVolume"":50}]"
top construction companies in ontario,2124,en,30,6,,commercial,"[{""year"":2026,""month"":7,""searchVolume"":20},{""year"":2026,""month"":6,""searchVolume"":30},{""year"":2026,""month"":5,""searchVolume"":30},{""year"":2026,""month"":4,""searchVolume"":20},{""year"":2026,""month"":3,""searchVolume"":30},{""year"":2026,""month"":2,""searchVolume"":20},{""year"":2026,""month"":1,""searchVolume"":30},{""year"":2025,""month"":12,""searchVolume"":30},{""year"":2025,""month"":11,""searchVolume"":40},{""year"":2025,""month"":10,""searchVolume"":50},{""year"":2025,""month"":9,""searchVolume"":40},{""year"":2025,""month"":8,""searchVolume"":70}]"
bird construction canada,2124,en,30,,4.72,navigational,"[{""year"":2026,""month"":7,""searchVolume"":30},{""year"":2026,""month"":6,""searchVolume"":30},{""year"":2026,""month"":5,""searchVolume"":40},{""year"":2026,""month"":4,""searchVolume"":40},{""year"":2026,""month"":3,""searchVolume"":30},{""year"":2026,""month"":2,""searchVolume"":40},{""year"":2026,""month"":1,""searchVolume"":40},{""year"":2025,""month"":12,""searchVolume"":20},{""year"":2025,""month"":11,""searchVolume"":30},{""year"":2025,""month"":10,""searchVolume"":40},{""year"":2025,""month"":9,""searchVolume"":30},{""year"":2025,""month"":8,""searchVolume"":30}]"
ellisdon linkedin,2124,en,30,51,,navigational,"[{""year"":2026,""month"":7,""searchVolume"":20},{""year"":2026,""month"":6,""searchVolume"":30},{""year"":2026,""month"":5,""searchVolume"":30},{""year"":2026,""month"":4,""searchVolume"":30},{""year"":2026,""month"":3,""searchVolume"":40},{""year"":2026,""month"":2,""searchVolume"":30},{""year"":2026,""month"":1,""searchVolume"":40},{""year"":2025,""month"":12,""searchVolume"":20},{""year"":2025,""month"":11,""searchVolume"":20},{""year"":2025,""month"":10,""searchVolume"":50},{""year"":2025,""month"":9,""searchVolume"":40},{""year"":2025,""month"":8,""searchVolume"":20}]"
pcl construction address,2124,en,30,27,,navigational,"[{""year"":2026,""month"":7,""searchVolume"":40},{""year"":2026,""month"":6,""searchVolume"":20},{""year"":2026,""month"":5,""searchVolume"":30},{""year"":2026,""month"":4,""searchVolume"":40},{""year"":2026,""month"":3,""searchVolume"":20},{""year"":2026,""month"":2,""searchVolume"":30},{""year"":2026,""month"":1,""searchVolume"":40},{""year"":2025,""month"":12,""searchVolume"":20},{""year"":2025,""month"":11,""searchVolume"":20},{""year"":2025,""month"":10,""searchVolume"":30},{""year"":2025,""month"":9,""searchVolume"":50},{""year"":2025,""month"":8,""searchVolume"":30}]"
biggest construction companies in vancouver,2124,en,20,0,,informational,"[{""year"":2026,""month"":7,""searchVolume"":10},{""year"":2026,""month"":6,""searchVolume"":10},{""year"":2026,""month"":5,""searchVolume"":10},{""year"":2026,""month"":4,""searchVolume"":10},{""year"":2026,""month"":3,""searchVolume"":20},{""year"":2026,""month"":2,""searchVolume"":10},{""year"":2026,""month"":1,""searchVolume"":20},{""year"":2025,""month"":12,""searchVolume"":30},{""year"":2025,""month"":11,""searchVolume"":20},{""year"":2025,""month"":10,""searchVolume"":20},{""year"":2025,""month"":9,""searchVolume"":40},{""year"":2025,""month"":8,""searchVolume"":30}]"
big construction companies in vancouver,2124,en,20,,,commercial,"[{""year"":2026,""month"":7,""searchVolume"":10},{""year"":2026,""month"":6,""searchVolume"":10},{""year"":2026,""month"":5,""searchVolume"":10},{""year"":2026,""month"":4,""searchVolume"":10},{""year"":2026,""month"":3,""searchVolume"":10},{""year"":2026,""month"":2,""searchVolume"":20},{""year"":2026,""month"":1,""searchVolume"":70},{""year"":2025,""month"":12,""searchVolume"":10},{""year"":2025,""month"":11,""searchVolume"":30},{""year"":2025,""month"":10,""searchVolume"":10},{""year"":2025,""month"":9,""searchVolume"":30},{""year"":2025,""month"":8,""searchVolume"":10}]"
biggest construction companies in bc,2124,en,20,43,,informational,"[{""year"":2026,""month"":7,""searchVolume"":20},{""year"":2026,""month"":6,""searchVolume"":20},{""year"":2026,""month"":5,""searchVolume"":40},{""year"":2026,""month"":4,""searchVolume"":20},{""year"":2026,""month"":3,""searchVolume"":20},{""year"":2026,""month"":2,""searchVolume"":20},{""year"":2026,""month"":1,""searchVolume"":20},{""year"":2025,""month"":12,""searchVolume"":10},{""year"":2025,""month"":11,""searchVolume"":30},{""year"":2025,""month"":10,""searchVolume"":20},{""year"":2025,""month"":9,""searchVolume"":20},{""year"":2025,""month"":8,""searchVolume"":20}]"
civil construction companies vancouver,2124,en,20,43,,commercial,"[{""year"":2026,""month"":7,""searchVolume"":10},{""year"":2026,""month"":6,""searchVolume"":20},{""year"":2026,""month"":5,""searchVolume"":20},{""year"":2026,""month"":4,""searchVolume"":10},{""year"":2026,""month"":3,""searchVolume"":30},{""year"":2026,""month"":2,""searchVolume"":20},{""year"":2026,""month"":1,""searchVolume"":20},{""year"":2025,""month"":12,""searchVolume"":20},{""year"":2025,""month"":11,""searchVolume"":10},{""year"":2025,""month"":10,""searchVolume"":30},{""year"":2025,""month"":9,""searchVolume"":20},{""year"":2025,""month"":8,""searchVolume"":10}]"
top 50 construction companies in canada,2124,en,20,40,,commercial,"[{""year"":2026,""month"":7,""searchVolume"":20},{""year"":2026,""month"":6,""searchVolume"":20},{""year"":2026,""month"":5,""searchVolume"":20},{""year"":2026,""month"":4,""searchVolume"":20},{""year"":2026,""month"":3,""searchVolume"":20},{""year"":2026,""month"":2,""searchVolume"":20},{""year"":2026,""month"":1,""searchVolume"":20},{""year"":2025,""month"":12,""searchVolume"":30},{""year"":2025,""month"":11,""searchVolume"":30},{""year"":2025,""month"":10,""searchVolume"":10},{""year"":2025,""month"":9,""searchVolume"":20},{""year"":2025,""month"":8,""searchVolume"":10}]"
pcl construction whatsapp number,2124,en,10,,,navigational,"[{""year"":2026,""month"":7,""searchVolume"":10},{""year"":2026,""month"":6,""searchVolume"":10},{""year"":2026,""month"":5,""searchVolume"":10},{""year"":2026,""month"":4,""searchVolume"":10},{""year"":2026,""month"":3,""searchVolume"":10},{""year"":2026,""month"":2,""searchVolume"":10},{""year"":2026,""month"":1,""searchVolume"":10},{""year"":2025,""month"":12,""searchVolume"":10},{""year"":2025,""month"":11,""searchVolume"":10},{""year"":2025,""month"":10,""searchVolume"":10},{""year"":2025,""month"":9,""searchVolume"":10},{""year"":2025,""month"":8,""searchVolume"":10}]"
pcl construction website,2124,en,10,,,navigational,"[{""year"":2026,""month"":7,""searchVolume"":10},{""year"":2026,""month"":6,""searchVolume"":30},{""year"":2026,""month"":5,""searchVolume"":20},{""year"":2026,""month"":4,""searchVolume"":30},{""year"":2026,""month"":3,""searchVolume"":20},{""year"":2026,""month"":2,""searchVolume"":10},{""year"":2026,""month"":1,""searchVolume"":10},{""year"":2025,""month"":12,""searchVolume"":10},{""year"":2025,""month"":11,""searchVolume"":10},{""year"":2025,""month"":10,""searchVolume"":10},{""year"":2025,""month"":9,""searchVolume"":10},{""year"":2025,""month"":8,""searchVolume"":10}]"
top construction companies in canada 2022,2124,en,10,,,commercial,"[{""year"":2026,""month"":6,""searchVolume"":0},{""year"":2026,""month"":5,""searchVolume"":0},{""year"":2026,""month"":4,""searchVolume"":0},{""year"":2026,""month"":3,""searchVolume"":0},{""year"":2026,""month"":2,""searchVolume"":0},{""year"":2026,""month"":1,""searchVolume"":10},{""year"":2025,""month"":12,""searchVolume"":0},{""year"":2025,""month"":11,""searchVolume"":0},{""year"":2025,""month"":10,""searchVolume"":0},{""year"":2025,""month"":9,""searchVolume"":0},{""year"":2025,""month"":8,""searchVolume"":0},{""year"":2025,""month"":7,""searchVolume"":0}]"
pcl construction locations ontario,2124,en,10,,,navigational,"[{""year"":2026,""month"":7,""searchVolume"":10},{""year"":2026,""month"":6,""searchVolume"":10},{""year"":2026,""month"":5,""searchVolume"":10},{""year"":2026,""month"":4,""searchVolume"":10},{""year"":2026,""month"":3,""searchVolume"":10},{""year"":2026,""month"":2,""searchVolume"":10},{""year"":2026,""month"":1,""searchVolume"":0},{""year"":2025,""month"":12,""searchVolume"":0},{""year"":2025,""month"":11,""searchVolume"":0},{""year"":2025,""month"":10,""searchVolume"":0},{""year"":2025,""month"":9,""searchVolume"":0},{""year"":2025,""month"":8,""searchVolume"":0}]"
pcl construction head office phone number,2124,en,10,,3.34,navigational,"[{""year"":2026,""month"":6,""searchVolume"":10},{""year"":2026,""month"":5,""searchVolume"":10},{""year"":2026,""month"":4,""searchVolume"":10},{""year"":2026,""month"":3,""searchVolume"":20},{""year"":2026,""month"":2,""searchVolume"":10},{""year"":2026,""month"":1,""searchVolume"":10},{""year"":2025,""month"":12,""searchVolume"":10},{""year"":2025,""month"":11,""searchVolume"":10},{""year"":2025,""month"":10,""searchVolume"":10},{""year"":2025,""month"":9,""searchVolume"":10},{""year"":2025,""month"":8,""searchVolume"":10},{""year"":2025,""month"":7,""searchVolume"":10}]"
pcl construction email address,2124,en,10,,,navigational,"[{""year"":2026,""month"":7,""searchVolume"":10},{""year"":2026,""month"":6,""searchVolume"":10},{""year"":2026,""month"":5,""searchVolume"":10},{""year"":2026,""month"":4,""searchVolume"":20},{""year"":2026,""month"":3,""searchVolume"":20},{""year"":2026,""month"":2,""searchVolume"":10},{""year"":2026,""month"":1,""searchVolume"":20},{""year"":2025,""month"":12,""searchVolume"":10},{""year"":2025,""month"":11,""searchVolume"":20},{""year"":2025,""month"":10,""searchVolume"":10},{""year"":2025,""month"":9,""searchVolume"":10},{""year"":2025,""month"":8,""searchVolume"":10}]"
custom home builder calgary,2124,en,880,31,6.24,commercial,"[{""year"":2026,""month"":7,""searchVolume"":720},{""year"":2026,""month"":6,""searchVolume"":590},{""year"":2026,""month"":5,""searchVolume"":720},{""year"":2026,""month"":4,""searchVolume"":1000},{""year"":2026,""month"":3,""searchVolume"":1000},{""year"":2026,""month"":2,""searchVolume"":880},{""year"":2026,""month"":1,""searchVolume"":880},{""year"":2025,""month"":12,""searchVolume"":590},{""year"":2025,""month"":11,""searchVolume"":720},{""year"":2025,""month"":10,""searchVolume"":880},{""year"":2025,""month"":9,""searchVolume"":2400},{""year"":2025,""month"":8,""searchVolume"":720}]"
custom home builder vancouver,2124,en,390,27,,commercial,[]
home builders vancouver,2124,en,390,33,7.37,commercial,[]
custom home builders vancouver,2124,en,390,30,8.62,commercial,[]
versa homes,2124,en,320,0,4.25,navigational,"[{""year"":2026,""month"":6,""searchVolume"":260},{""year"":2026,""month"":5,""searchVolume"":390},{""year"":2026,""month"":4,""searchVolume"":390},{""year"":2026,""month"":3,""searchVolume"":390},{""year"":2026,""month"":2,""searchVolume"":260},{""year"":2026,""month"":1,""searchVolume"":320},{""year"":2025,""month"":12,""searchVolume"":260},{""year"":2025,""month"":11,""searchVolume"":320},{""year"":2025,""month"":10,""searchVolume"":320},{""year"":2025,""month"":9,""searchVolume"":320},{""year"":2025,""month"":8,""searchVolume"":260},{""year"":2025,""month"":7,""searchVolume"":390}]"
hasler homes,2124,en,170,0,0.55,navigational,"[{""year"":2026,""month"":7,""searchVolume"":170},{""year"":2026,""month"":6,""searchVolume"":170},{""year"":2026,""month"":5,""searchVolume"":210},{""year"":2026,""month"":4,""searchVolume"":260},{""year"":2026,""month"":3,""searchVolume"":170},{""year"":2026,""month"":2,""searchVolume"":140},{""year"":2026,""month"":1,""searchVolume"":210},{""year"":2025,""month"":12,""searchVolume"":140},{""year"":2025,""month"":11,""searchVolume"":170},{""year"":2025,""month"":10,""searchVolume"":140},{""year"":2025,""month"":9,""searchVolume"":140},{""year"":2025,""month"":8,""searchVolume"":110}]"
used tiny house for sale bc,2124,en,140,0,2.11,transactional,"[{""year"":2026,""month"":7,""searchVolume"":110},{""year"":2026,""month"":6,""searchVolume"":110},{""year"":2026,""month"":5,""searchVolume"":140},{""year"":2026,""month"":4,""searchVolume"":140},{""year"":2026,""month"":3,""searchVolume"":170},{""year"":2026,""month"":2,""searchVolume"":110},{""year"":2026,""month"":1,""searchVolume"":140},{""year"":2025,""month"":12,""searchVolume"":110},{""year"":2025,""month"":11,""searchVolume"":140},{""year"":2025,""month"":10,""searchVolume"":170},{""year"":2025,""month"":9,""searchVolume"":140},{""year"":2025,""month"":8,""searchVolume"":170}]"
luxury home builders vancouver,2124,en,110,30,1.85,commercial,[]
small home builders bc,2124,en,110,34,1.93,commercial,"[{""year"":2026,""month"":6,""searchVolume"":90},{""year"":2026,""month"":5,""searchVolume"":90},{""year"":2026,""month"":4,""searchVolume"":110},{""year"":2026,""month"":3,""searchVolume"":110},{""year"":2026,""month"":2,""searchVolume"":90},{""year"":2026,""month"":1,""searchVolume"":110},{""year"":2025,""month"":12,""searchVolume"":90},{""year"":2025,""month"":11,""searchVolume"":140},{""year"":2025,""month"":10,""searchVolume"":90},{""year"":2025,""month"":9,""searchVolume"":140},{""year"":2025,""month"":8,""searchVolume"":210},{""year"":2025,""month"":7,""searchVolume"":170}]"
home builders bc,2124,en,90,30,,commercial,"[{""year"":2026,""month"":7,""searchVolume"":90},{""year"":2026,""month"":6,""searchVolume"":70},{""year"":2026,""month"":5,""searchVolume"":110},{""year"":2026,""month"":4,""searchVolume"":110},{""year"":2026,""month"":3,""searchVolume"":90},{""year"":2026,""month"":2,""searchVolume"":90},{""year"":2026,""month"":1,""searchVolume"":110},{""year"":2025,""month"":12,""searchVolume"":90},{""year"":2025,""month"":11,""searchVolume"":90},{""year"":2025,""month"":10,""searchVolume"":90},{""year"":2025,""month"":9,""searchVolume"":90},{""year"":2025,""month"":8,""searchVolume"":70}]"
luxury custom homes,2124,en,90,15,,commercial,"[{""year"":2026,""month"":7,""searchVolume"":90},{""year"":2026,""month"":6,""searchVolume"":40},{""year"":2026,""month"":5,""searchVolume"":110},{""year"":2026,""month"":4,""searchVolume"":110},{""year"":2026,""month"":3,""searchVolume"":210},{""year"":2026,""month"":2,""searchVolume"":70},{""year"":2026,""month"":1,""searchVolume"":70},{""year"":2025,""month"":12,""searchVolume"":30},{""year"":2025,""month"":11,""searchVolume"":50},{""year"":2025,""month"":10,""searchVolume"":90},{""year"":2025,""month"":9,""searchVolume"":140},{""year"":2025,""month"":8,""searchVolume"":70}]"
custom home builders langley,2124,en,90,0,4.04,navigational,"[{""year"":2026,""month"":6,""searchVolume"":50},{""year"":2026,""month"":5,""searchVolume"":20},{""year"":2026,""month"":4,""searchVolume"":50},{""year"":2026,""month"":3,""searchVolume"":90},{""year"":2026,""month"":2,""searchVolume"":40},{""year"":2026,""month"":1,""searchVolume"":70},{""year"":2025,""month"":12,""searchVolume"":30},{""year"":2025,""month"":11,""searchVolume"":40},{""year"":2025,""month"":10,""searchVolume"":110},{""year"":2025,""month"":9,""searchVolume"":480},{""year"":2025,""month"":8,""searchVolume"":30},{""year"":2025,""month"":7,""searchVolume"":70}]"
luxury custom home builders calgary,2124,en,90,25,,commercial,"[{""year"":2026,""month"":7,""searchVolume"":40},{""year"":2026,""month"":6,""searchVolume"":20},{""year"":2026,""month"":5,""searchVolume"":70},{""year"":2026,""month"":4,""searchVolume"":90},{""year"":2026,""month"":3,""searchVolume"":70},{""year"":2026,""month"":2,""searchVolume"":50},{""year"":2026,""month"":1,""searchVolume"":70},{""year"":2025,""month"":12,""searchVolume"":30},{""year"":2025,""month"":11,""searchVolume"":50},{""year"":2025,""month"":10,""searchVolume"":110},{""year"":2025,""month"":9,""searchVolume"":390},{""year"":2025,""month"":8,""searchVolume"":70}]"
best custom home builders calgary,2124,en,70,15,5.92,commercial,"[{""year"":2026,""month"":7,""searchVolume"":40},{""year"":2026,""month"":6,""searchVolume"":50},{""year"":2026,""month"":5,""searchVolume"":40},{""year"":2026,""month"":4,""searchVolume"":40},{""year"":2026,""month"":3,""searchVolume"":50},{""year"":2026,""month"":2,""searchVolume"":30},{""year"":2026,""month"":1,""searchVolume"":30},{""year"":2025,""month"":12,""searchVolume"":20},{""year"":2025,""month"":11,""searchVolume"":30},{""year"":2025,""month"":10,""searchVolume"":50},{""year"":2025,""month"":9,""searchVolume"":390},{""year"":2025,""month"":8,""searchVolume"":40}]"
custom home builders north vancouver,2124,en,50,30,,commercial,[]
home builders association vancouver,2124,en,40,100,5.0,navigational,"[{""year"":2026,""month"":6,""searchVolume"":40},{""year"":2026,""month"":5,""searchVolume"":50},{""year"":2026,""month"":4,""searchVolume"":40},{""year"":2026,""month"":3,""searchVolume"":40},{""year"":2026,""month"":2,""searchVolume"":30},{""year"":2026,""month"":1,""searchVolume"":50},{""year"":2025,""month"":12,""searchVolume"":20},{""year"":2025,""month"":11,""searchVolume"":40},{""year"":2025,""month"":10,""searchVolume"":40},{""year"":2025,""month"":9,""searchVolume"":30},{""year"":2025,""month"":8,""searchVolume"":30},{""year"":2025,""month"":7,""searchVolume"":40}]"
kennedy homes,2124,en,40,19,,navigational,"[{""year"":2026,""month"":6,""searchVolume"":30},{""year"":2026,""month"":5,""searchVolume"":30},{""year"":2026,""month"":4,""searchVolume"":50},{""year"":2026,""month"":3,""searchVolume"":70},{""year"":2026,""month"":2,""searchVolume"":50},{""year"":2026,""month"":1,""searchVolume"":40},{""year"":2025,""month"":12,""searchVolume"":20},{""year"":2025,""month"":11,""searchVolume"":40},{""year"":2025,""month"":10,""searchVolume"":30},{""year"":2025,""month"":9,""searchVolume"":50},{""year"":2025,""month"":8,""searchVolume"":40},{""year"":2025,""month"":7,""searchVolume"":40}]"
phw homes,2124,en,30,22,0.65,navigational,"[{""year"":2026,""month"":7,""searchVolume"":20},{""year"":2026,""month"":6,""searchVolume"":20},{""year"":2026,""month"":5,""searchVolume"":30},{""year"":2026,""month"":4,""searchVolume"":50},{""year"":2026,""month"":3,""searchVolume"":40},{""year"":2026,""month"":2,""searchVolume"":30},{""year"":2026,""month"":1,""searchVolume"":40},{""year"":2025,""month"":12,""searchVolume"":20},{""year"":2025,""month"":11,""searchVolume"":30},{""year"":2025,""month"":10,""searchVolume"":40},{""year"":2025,""month"":9,""searchVolume"":30},{""year"":2025,""month"":8,""searchVolume"":40}]"
cressman homes,2124,en,30,6,,navigational,"[{""year"":2026,""month"":6,""searchVolume"":20},{""year"":2026,""month"":5,""searchVolume"":30},{""year"":2026,""month"":4,""searchVolume"":30},{""year"":2026,""month"":3,""searchVolume"":20},{""year"":2026,""month"":2,""searchVolume"":50},{""year"":2026,""month"":1,""searchVolume"":40},{""year"":2025,""month"":12,""searchVolume"":40},{""year"":2025,""month"":11,""searchVolume"":30},{""year"":2025,""month"":10,""searchVolume"":40},{""year"":2025,""month"":9,""searchVolume"":40},{""year"":2025,""month"":8,""searchVolume"":50},{""year"":2025,""month"":7,""searchVolume"":30}]"
best home builders in vancouver bc,2124,en,30,46,8.75,commercial,[]
coreval homes reviews,2124,en,20,,,informational,"[{""year"":2026,""month"":7,""searchVolume"":20},{""year"":2026,""month"":6,""searchVolume"":30},{""year"":2026,""month"":5,""searchVolume"":70},{""year"":2026,""month"":4,""searchVolume"":20},{""year"":2026,""month"":3,""searchVolume"":20},{""year"":2026,""month"":2,""searchVolume"":20},{""year"":2026,""month"":1,""searchVolume"":30},{""year"":2025,""month"":12,""searchVolume"":20},{""year"":2025,""month"":11,""searchVolume"":20},{""year"":2025,""month"":10,""searchVolume"":30},{""year"":2025,""month"":9,""searchVolume"":10},{""year"":2025,""month"":8,""searchVolume"":20}]"
home builders association bc,2124,en,20,68,1.55,navigational,"[{""year"":2026,""month"":7,""searchVolume"":10},{""year"":2026,""month"":6,""searchVolume"":20},{""year"":2026,""month"":5,""searchVolume"":20},{""year"":2026,""month"":4,""searchVolume"":20},{""year"":2026,""month"":3,""searchVolume"":20},{""year"":2026,""month"":2,""searchVolume"":20},{""year"":2026,""month"":1,""searchVolume"":20},{""year"":2025,""month"":12,""searchVolume"":20},{""year"":2025,""month"":11,""searchVolume"":20},{""year"":2025,""month"":10,""searchVolume"":20},{""year"":2025,""month"":9,""searchVolume"":20},{""year"":2025,""month"":8,""searchVolume"":30}]"
custom homes bc,2124,en,10,57,1.94,navigational,"[{""year"":2026,""month"":6,""searchVolume"":10},{""year"":2026,""month"":5,""searchVolume"":10},{""year"":2026,""month"":4,""searchVolume"":10},{""year"":2026,""month"":3,""searchVolume"":10},{""year"":2026,""month"":2,""searchVolume"":10},{""year"":2026,""month"":1,""searchVolume"":10},{""year"":2025,""month"":12,""searchVolume"":10},{""year"":2025,""month"":11,""searchVolume"":10},{""year"":2025,""month"":10,""searchVolume"":10},{""year"":2025,""month"":9,""searchVolume"":20},{""year"":2025,""month"":8,""searchVolume"":10},{""year"":2025,""month"":7,""searchVolume"":20}]"
hasler construction,2124,en,10,,,navigational,"[{""year"":2026,""month"":6,""searchVolume"":10},{""year"":2026,""month"":5,""searchVolume"":10},{""year"":2026,""month"":4,""searchVolume"":0},{""year"":2026,""month"":3,""searchVolume"":10},{""year"":2026,""month"":2,""searchVolume"":0},{""year"":2026,""month"":1,""searchVolume"":10},{""year"":2025,""month"":12,""searchVolume"":10},{""year"":2025,""month"":11,""searchVolume"":10},{""year"":2025,""month"":10,""searchVolume"":10},{""year"":2025,""month"":9,""searchVolume"":10},{""year"":2025,""month"":8,""searchVolume"":10},{""year"":2025,""month"":7,""searchVolume"":0}]"
rain city homes,2124,en,10,44,,commercial,"[{""year"":2026,""month"":6,""searchVolume"":30},{""year"":2026,""month"":5,""searchVolume"":20},{""year"":2026,""month"":4,""searchVolume"":20},{""year"":2026,""month"":3,""searchVolume"":10},{""year"":2026,""month"":2,""searchVolume"":10},{""year"":2026,""month"":1,""searchVolume"":10},{""year"":2025,""month"":12,""searchVolume"":10},{""year"":2025,""month"":11,""searchVolume"":10},{""year"":2025,""month"":10,""searchVolume"":20},{""year"":2025,""month"":9,""searchVolume"":10},{""year"":2025,""month"":8,""searchVolume"":10},{""year"":2025,""month"":7,""searchVolume"":20}]"
luxury custom homes for sale,2124,en,10,,,transactional,"[{""year"":2026,""month"":7,""searchVolume"":0},{""year"":2026,""month"":6,""searchVolume"":0},{""year"":2026,""month"":5,""searchVolume"":0},{""year"":2026,""month"":4,""searchVolume"":0},{""year"":2026,""month"":3,""searchVolume"":10},{""year"":2026,""month"":2,""searchVolume"":0},{""year"":2026,""month"":1,""searchVolume"":10},{""year"":2025,""month"":12,""searchVolume"":0},{""year"":2025,""month"":11,""searchVolume"":0},{""year"":2025,""month"":10,""searchVolume"":0},{""year"":2025,""month"":9,""searchVolume"":10},{""year"":2025,""month"":8,""searchVolume"":0}]"
fraser valley home builders,2124,en,10,47,1.36,navigational,"[{""year"":2026,""month"":7,""searchVolume"":10},{""year"":2026,""month"":6,""searchVolume"":0},{""year"":2026,""month"":5,""searchVolume"":10},{""year"":2026,""month"":4,""searchVolume"":10},{""year"":2026,""month"":3,""searchVolume"":10},{""year"":2026,""month"":2,""searchVolume"":10},{""year"":2026,""month"":1,""searchVolume"":10},{""year"":2025,""month"":12,""searchVolume"":10},{""year"":2025,""month"":11,""searchVolume"":10},{""year"":2025,""month"":10,""searchVolume"":10},{""year"":2025,""month"":9,""searchVolume"":10},{""year"":2025,""month"":8,""searchVolume"":0}]"
best home builders bc,2124,en,,,,commercial,"[{""year"":2026,""month"":5,""searchVolume"":0},{""year"":2026,""month"":4,""searchVolume"":0},{""year"":2026,""month"":3,""searchVolume"":0},{""year"":2026,""month"":2,""searchVolume"":0},{""year"":2026,""month"":1,""searchVolume"":0},{""year"":2025,""month"":12,""searchVolume"":0},{""year"":2025,""month"":11,""searchVolume"":0},{""year"":2025,""month"":10,""searchVolume"":0},{""year"":2025,""month"":9,""searchVolume"":0},{""year"":2025,""month"":8,""searchVolume"":0},{""year"":2025,""month"":7,""searchVolume"":0},{""year"":2025,""month"":6,""searchVolume"":0}]"
luxury home builders bc,2124,en,,,,commercial,"[{""year"":2026,""month"":5,""searchVolume"":0},{""year"":2026,""month"":4,""searchVolume"":0},{""year"":2026,""month"":3,""searchVolume"":0},{""year"":2026,""month"":2,""searchVolume"":0},{""year"":2026,""month"":1,""searchVolume"":0},{""year"":2025,""month"":12,""searchVolume"":0},{""year"":2025,""month"":11,""searchVolume"":0},{""year"":2025,""month"":10,""searchVolume"":0},{""year"":2025,""month"":9,""searchVolume"":0},{""year"":2025,""month"":8,""searchVolume"":0},{""year"":2025,""month"":7,""searchVolume"":0},{""year"":2025,""month"":6,""searchVolume"":0}]"
hasler homes reviews,2124,en,,,,informational,"[{""year"":2026,""month"":5,""searchVolume"":0},{""year"":2026,""month"":4,""searchVolume"":0},{""year"":2026,""month"":3,""searchVolume"":0},{""year"":2026,""month"":2,""searchVolume"":0},{""year"":2026,""month"":1,""searchVolume"":0},{""year"":2025,""month"":12,""searchVolume"":0},{""year"":2025,""month"":11,""searchVolume"":0},{""year"":2025,""month"":10,""searchVolume"":0},{""year"":2025,""month"":9,""searchVolume"":0},{""year"":2025,""month"":8,""searchVolume"":0},{""year"":2025,""month"":7,""searchVolume"":0},{""year"":2025,""month"":6,""searchVolume"":0}]"
small home builders vancouver,2124,en,,,,navigational,"[{""year"":2026,""month"":5,""searchVolume"":0},{""year"":2026,""month"":4,""searchVolume"":0},{""year"":2026,""month"":3,""searchVolume"":0},{""year"":2026,""month"":2,""searchVolume"":0},{""year"":2026,""month"":1,""searchVolume"":0},{""year"":2025,""month"":12,""searchVolume"":0},{""year"":2025,""month"":11,""searchVolume"":0},{""year"":2025,""month"":10,""searchVolume"":0},{""year"":2025,""month"":9,""searchVolume"":0},{""year"":2025,""month"":8,""searchVolume"":0},{""year"":2025,""month"":7,""searchVolume"":0},{""year"":2025,""month"":6,""searchVolume"":0}]"
bathroom renovation vancouver,2124,en,880,0,20.61,commercial,"[{""year"":2026,""month"":6,""searchVolume"":590},{""year"":2026,""month"":5,""searchVolume"":590},{""year"":2026,""month"":4,""searchVolume"":880},{""year"":2026,""month"":3,""searchVolume"":1600},{""year"":2026,""month"":2,""searchVolume"":880},{""year"":2026,""month"":1,""searchVolume"":720},{""year"":2025,""month"":12,""searchVolume"":590},{""year"":2025,""month"":11,""searchVolume"":590},{""year"":2025,""month"":10,""searchVolume"":1000},{""year"":2025,""month"":9,""searchVolume"":1900},{""year"":2025,""month"":8,""searchVolume"":1000},{""year"":2025,""month"":7,""searchVolume"":1000}]"
kitchen renovation vancouver,2124,en,880,3,12.4,commercial,"[{""year"":2026,""month"":7,""searchVolume"":720},{""year"":2026,""month"":6,""searchVolume"":320},{""year"":2026,""month"":5,""searchVolume"":590},{""year"":2026,""month"":4,""searchVolume"":720},{""year"":2026,""month"":3,""searchVolume"":720},{""year"":2026,""month"":2,""searchVolume"":720},{""year"":2026,""month"":1,""searchVolume"":1300},{""year"":2025,""month"":12,""searchVolume"":1000},{""year"":2025,""month"":11,""searchVolume"":1000},{""year"":2025,""month"":10,""searchVolume"":1000},{""year"":2025,""month"":9,""searchVolume"":720},{""year"":2025,""month"":8,""searchVolume"":480}]"
contractor vancouver,2124,en,720,27,15.27,commercial,[]
contractors vancouver,2124,en,720,31,14.92,commercial,"[{""year"":2026,""month"":7,""searchVolume"":480},{""year"":2026,""month"":6,""searchVolume"":480},{""year"":2026,""month"":5,""searchVolume"":720},{""year"":2026,""month"":4,""searchVolume"":720},{""year"":2026,""month"":3,""searchVolume"":880},{""year"":2026,""month"":2,""searchVolume"":590},{""year"":2026,""month"":1,""searchVolume"":720},{""year"":2025,""month"":12,""searchVolume"":480},{""year"":2025,""month"":11,""searchVolume"":720},{""year"":2025,""month"":10,""searchVolume"":720},{""year"":2025,""month"":9,""searchVolume"":880},{""year"":2025,""month"":8,""searchVolume"":720}]"
construction contractor vancouver,2124,en,720,26,14.92,commercial,[]
lower coast building group,2124,en,590,21,,navigational,"[{""year"":2026,""month"":7,""searchVolume"":880},{""year"":2026,""month"":6,""searchVolume"":590},{""year"":2026,""month"":5,""searchVolume"":720},{""year"":2026,""month"":4,""searchVolume"":720},{""year"":2026,""month"":3,""searchVolume"":880},{""year"":2026,""month"":2,""searchVolume"":880},{""year"":2026,""month"":1,""searchVolume"":1000},{""year"":2025,""month"":12,""searchVolume"":880},{""year"":2025,""month"":11,""searchVolume"":480},{""year"":2025,""month"":10,""searchVolume"":70},{""year"":2025,""month"":9,""searchVolume"":90},{""year"":2025,""month"":8,""searchVolume"":140}]"
home renovation vancouver,2124,en,390,13,13.84,commercial,"[{""year"":2026,""month"":6,""searchVolume"":480},{""year"":2026,""month"":5,""searchVolume"":390},{""year"":2026,""month"":4,""searchVolume"":480},{""year"":2026,""month"":3,""searchVolume"":720},{""year"":2026,""month"":2,""searchVolume"":390},{""year"":2026,""month"":1,""searchVolume"":390},{""year"":2025,""month"":12,""searchVolume"":260},{""year"":2025,""month"":11,""searchVolume"":320},{""year"":2025,""month"":10,""searchVolume"":390},{""year"":2025,""month"":9,""searchVolume"":480},{""year"":2025,""month"":8,""searchVolume"":390},{""year"":2025,""month"":7,""searchVolume"":480}]"
vancouver general contractors,2124,en,390,31,10.92,navigational,[]
vancouver general contractor,2124,en,140,30,11.25,navigational,[]
renovation contractors vancouver,2124,en,140,16,22.59,commercial,"[{""year"":2026,""month"":7,""searchVolume"":140},{""year"":2026,""month"":6,""searchVolume"":90},{""year"":2026,""month"":5,""searchVolume"":110},{""year"":2026,""month"":4,""searchVolume"":140},{""year"":2026,""month"":3,""searchVolume"":260},{""year"":2026,""month"":2,""searchVolume"":170},{""year"":2026,""month"":1,""searchVolume"":170},{""year"":2025,""month"":12,""searchVolume"":140},{""year"":2025,""month"":11,""searchVolume"":90},{""year"":2025,""month"":10,""searchVolume"":140},{""year"":2025,""month"":9,""searchVolume"":210},{""year"":2025,""month"":8,""searchVolume"":140}]"
condo renovations vancouver,2124,en,140,0,16.07,commercial,"[{""year"":2026,""month"":7,""searchVolume"":210},{""year"":2026,""month"":6,""searchVolume"":90},{""year"":2026,""month"":5,""searchVolume"":140},{""year"":2026,""month"":4,""searchVolume"":140},{""year"":2026,""month"":3,""searchVolume"":210},{""year"":2026,""month"":2,""searchVolume"":140},{""year"":2026,""month"":1,""searchVolume"":140},{""year"":2025,""month"":12,""searchVolume"":90},{""year"":2025,""month"":11,""searchVolume"":70},{""year"":2025,""month"":10,""searchVolume"":140},{""year"":2025,""month"":9,""searchVolume"":110},{""year"":2025,""month"":8,""searchVolume"":170}]"
heilman renovations,2124,en,140,4,,navigational,"[{""year"":2026,""month"":7,""searchVolume"":140},{""year"":2026,""month"":6,""searchVolume"":170},{""year"":2026,""month"":5,""searchVolume"":140},{""year"":2026,""month"":4,""searchVolume"":170},{""year"":2026,""month"":3,""searchVolume"":140},{""year"":2026,""month"":2,""searchVolume"":210},{""year"":2026,""month"":1,""searchVolume"":210},{""year"":2025,""month"":12,""searchVolume"":90},{""year"":2025,""month"":11,""searchVolume"":140},{""year"":2025,""month"":10,""searchVolume"":140},{""year"":2025,""month"":9,""searchVolume"":140},{""year"":2025,""month"":8,""searchVolume"":140}]"
north vancouver general contractor,2124,en,110,21,,navigational,[]
general contractors north vancouver,2124,en,110,18,42.13,commercial,[]
bathroom renovations north vancouver,2124,en,110,0,20.62,commercial,"[{""year"":2026,""month"":6,""searchVolume"":90},{""year"":2026,""month"":5,""searchVolume"":110},{""year"":2026,""month"":4,""searchVolume"":90},{""year"":2026,""month"":3,""searchVolume"":110},{""year"":2026,""month"":2,""searchVolume"":110},{""year"":2026,""month"":1,""searchVolume"":140},{""year"":2025,""month"":12,""searchVolume"":40},{""year"":2025,""month"":11,""searchVolume"":90},{""year"":2025,""month"":10,""searchVolume"":90},{""year"":2025,""month"":9,""searchVolume"":320},{""year"":2025,""month"":8,""searchVolume"":90},{""year"":2025,""month"":7,""searchVolume"":90}]"
yvr construction group,2124,en,110,2,,navigational,"[{""year"":2026,""month"":7,""searchVolume"":110},{""year"":2026,""month"":6,""searchVolume"":50},{""year"":2026,""month"":5,""searchVolume"":90},{""year"":2026,""month"":4,""searchVolume"":110},{""year"":2026,""month"":3,""searchVolume"":70},{""year"":2026,""month"":2,""searchVolume"":50},{""year"":2026,""month"":1,""searchVolume"":70},{""year"":2025,""month"":12,""searchVolume"":110},{""year"":2025,""month"":11,""searchVolume"":90},{""year"":2025,""month"":10,""searchVolume"":140},{""year"":2025,""month"":9,""searchVolume"":70},{""year"":2025,""month"":8,""searchVolume"":210}]"
bathroom renovation north vancouver,2124,en,110,0,20.62,commercial,"[{""year"":2026,""month"":6,""searchVolume"":90},{""year"":2026,""month"":5,""searchVolume"":110},{""year"":2026,""month"":4,""searchVolume"":90},{""year"":2026,""month"":3,""searchVolume"":110},{""year"":2026,""month"":2,""searchVolume"":110},{""year"":2026,""month"":1,""searchVolume"":140},{""year"":2025,""month"":12,""searchVolume"":40},{""year"":2025,""month"":11,""searchVolume"":90},{""year"":2025,""month"":10,""searchVolume"":90},{""year"":2025,""month"":9,""searchVolume"":320},{""year"":2025,""month"":8,""searchVolume"":90},{""year"":2025,""month"":7,""searchVolume"":90}]"
north vancouver renovations,2124,en,90,23,,commercial,"[{""year"":2026,""month"":7,""searchVolume"":70},{""year"":2026,""month"":6,""searchVolume"":40},{""year"":2026,""month"":5,""searchVolume"":90},{""year"":2026,""month"":4,""searchVolume"":70},{""year"":2026,""month"":3,""searchVolume"":90},{""year"":2026,""month"":2,""searchVolume"":50},{""year"":2026,""month"":1,""searchVolume"":140},{""year"":2025,""month"":12,""searchVolume"":20},{""year"":2025,""month"":11,""searchVolume"":70},{""year"":2025,""month"":10,""searchVolume"":140},{""year"":2025,""month"":9,""searchVolume"":320},{""year"":2025,""month"":8,""searchVolume"":70}]"
sitka coast construction,2124,en,90,8,,informational,"[{""year"":2026,""month"":7,""searchVolume"":90},{""year"":2026,""month"":6,""searchVolume"":50},{""year"":2026,""month"":5,""searchVolume"":50},{""year"":2026,""month"":4,""searchVolume"":50},{""year"":2026,""month"":3,""searchVolume"":70},{""year"":2026,""month"":2,""searchVolume"":70},{""year"":2026,""month"":1,""searchVolume"":110},{""year"":2025,""month"":12,""searchVolume"":90},{""year"":2025,""month"":11,""searchVolume"":70},{""year"":2025,""month"":10,""searchVolume"":140},{""year"":2025,""month"":9,""searchVolume"":90},{""year"":2025,""month"":8,""searchVolume"":110}]"
vancouver general contractors reviews,2124,en,70,0,,informational,"[{""year"":2026,""month"":7,""searchVolume"":90},{""year"":2026,""month"":6,""searchVolume"":110},{""year"":2026,""month"":5,""searchVolume"":110},{""year"":2026,""month"":4,""searchVolume"":70},{""year"":2026,""month"":3,""searchVolume"":90},{""year"":2026,""month"":2,""searchVolume"":140},{""year"":2026,""month"":1,""searchVolume"":50},{""year"":2025,""month"":12,""searchVolume"":10},{""year"":2025,""month"":11,""searchVolume"":50},{""year"":2025,""month"":10,""searchVolume"":30},{""year"":2025,""month"":9,""searchVolume"":50},{""year"":2025,""month"":8,""searchVolume"":70}]"
bc general contractors,2124,en,70,0,10.07,commercial,"[{""year"":2026,""month"":7,""searchVolume"":50},{""year"":2026,""month"":6,""searchVolume"":30},{""year"":2026,""month"":5,""searchVolume"":40},{""year"":2026,""month"":4,""searchVolume"":90},{""year"":2026,""month"":3,""searchVolume"":70},{""year"":2026,""month"":2,""searchVolume"":70},{""year"":2026,""month"":1,""searchVolume"":90},{""year"":2025,""month"":12,""searchVolume"":40},{""year"":2025,""month"":11,""searchVolume"":40},{""year"":2025,""month"":10,""searchVolume"":70},{""year"":2025,""month"":9,""searchVolume"":50},{""year"":2025,""month"":8,""searchVolume"":70}]"
vancouver builder,2124,en,50,29,7.58,navigational,"[{""year"":2026,""month"":7,""searchVolume"":30},{""year"":2026,""month"":6,""searchVolume"":30},{""year"":2026,""month"":5,""searchVolume"":30},{""year"":2026,""month"":4,""searchVolume"":90},{""year"":2026,""month"":3,""searchVolume"":110},{""year"":2026,""month"":2,""searchVolume"":50},{""year"":2026,""month"":1,""searchVolume"":70},{""year"":2025,""month"":12,""searchVolume"":30},{""year"":2025,""month"":11,""searchVolume"":30},{""year"":2025,""month"":10,""searchVolume"":50},{""year"":2025,""month"":9,""searchVolume"":70},{""year"":2025,""month"":8,""searchVolume"":40}]"
north vancouver renovation contractors,2124,en,50,16,,commercial,"[{""year"":2026,""month"":7,""searchVolume"":20},{""year"":2026,""month"":6,""searchVolume"":40},{""year"":2026,""month"":5,""searchVolume"":20},{""year"":2026,""month"":4,""searchVolume"":20},{""year"":2026,""month"":3,""searchVolume"":30},{""year"":2026,""month"":2,""searchVolume"":30},{""year"":2026,""month"":1,""searchVolume"":40},{""year"":2025,""month"":12,""searchVolume"":20},{""year"":2025,""month"":11,""searchVolume"":10},{""year"":2025,""month"":10,""searchVolume"":70},{""year"":2025,""month"":9,""searchVolume"":320},{""year"":2025,""month"":8,""searchVolume"":30}]"
design build vancouver,2124,en,50,32,,navigational,[]
vancouver bathroom renovation cost,2124,en,50,0,8.79,informational,"[{""year"":2026,""month"":6,""searchVolume"":50},{""year"":2026,""month"":5,""searchVolume"":40},{""year"":2026,""month"":4,""searchVolume"":70},{""year"":2026,""month"":3,""searchVolume"":70},{""year"":2026,""month"":2,""searchVolume"":50},{""year"":2026,""month"":1,""searchVolume"":50},{""year"":2025,""month"":12,""searchVolume"":50},{""year"":2025,""month"":11,""searchVolume"":50},{""year"":2025,""month"":10,""searchVolume"":70},{""year"":2025,""month"":9,""searchVolume"":50},{""year"":2025,""month"":8,""searchVolume"":70},{""year"":2025,""month"":7,""searchVolume"":70}]"
north vancouver builders,2124,en,40,26,55.2,navigational,"[{""year"":2026,""month"":7,""searchVolume"":50},{""year"":2026,""month"":6,""searchVolume"":20},{""year"":2026,""month"":5,""searchVolume"":50},{""year"":2026,""month"":4,""searchVolume"":50},{""year"":2026,""month"":3,""searchVolume"":50},{""year"":2026,""month"":2,""searchVolume"":40},{""year"":2026,""month"":1,""searchVolume"":20},{""year"":2025,""month"":12,""searchVolume"":30},{""year"":2025,""month"":11,""searchVolume"":20},{""year"":2025,""month"":10,""searchVolume"":70},{""year"":2025,""month"":9,""searchVolume"":30},{""year"":2025,""month"":8,""searchVolume"":20}]"
commercial general contractors vancouver bc,2124,en,20,,7.88,commercial,"[{""year"":2026,""month"":6,""searchVolume"":30},{""year"":2026,""month"":5,""searchVolume"":30},{""year"":2026,""month"":4,""searchVolume"":30},{""year"":2026,""month"":3,""searchVolume"":10},{""year"":2026,""month"":2,""searchVolume"":20},{""year"":2026,""month"":1,""searchVolume"":20},{""year"":2025,""month"":12,""searchVolume"":20},{""year"":2025,""month"":11,""searchVolume"":10},{""year"":2025,""month"":10,""searchVolume"":10},{""year"":2025,""month"":9,""searchVolume"":30},{""year"":2025,""month"":8,""searchVolume"":10},{""year"":2025,""month"":7,""searchVolume"":40}]"
city of vancouver renovation permit,2124,en,20,53,,navigational,"[{""year"":2026,""month"":7,""searchVolume"":10},{""year"":2026,""month"":6,""searchVolume"":20},{""year"":2026,""month"":5,""searchVolume"":30},{""year"":2026,""month"":4,""searchVolume"":20},{""year"":2026,""month"":3,""searchVolume"":30},{""year"":2026,""month"":2,""searchVolume"":30},{""year"":2026,""month"":1,""searchVolume"":20},{""year"":2025,""month"":12,""searchVolume"":10},{""year"":2025,""month"":11,""searchVolume"":30},{""year"":2025,""month"":10,""searchVolume"":20},{""year"":2025,""month"":9,""searchVolume"":40},{""year"":2025,""month"":8,""searchVolume"":30}]"
vancouver general contractor reviews,2124,en,10,0,,informational,"[{""year"":2026,""month"":6,""searchVolume"":10},{""year"":2026,""month"":5,""searchVolume"":0},{""year"":2026,""month"":4,""searchVolume"":0},{""year"":2026,""month"":3,""searchVolume"":10},{""year"":2026,""month"":2,""searchVolume"":0},{""year"":2026,""month"":1,""searchVolume"":0},{""year"":2025,""month"":12,""searchVolume"":0},{""year"":2025,""month"":11,""searchVolume"":10},{""year"":2025,""month"":10,""searchVolume"":0},{""year"":2025,""month"":9,""searchVolume"":10},{""year"":2025,""month"":8,""searchVolume"":0},{""year"":2025,""month"":7,""searchVolume"":10}]"
companies in north vancouver,2124,en,10,,,commercial,"[{""year"":2026,""month"":6,""searchVolume"":10},{""year"":2026,""month"":5,""searchVolume"":10},{""year"":2026,""month"":4,""searchVolume"":10},{""year"":2026,""month"":3,""searchVolume"":20},{""year"":2026,""month"":2,""searchVolume"":10},{""year"":2026,""month"":1,""searchVolume"":10},{""year"":2025,""month"":12,""searchVolume"":20},{""year"":2025,""month"":11,""searchVolume"":20},{""year"":2025,""month"":10,""searchVolume"":10},{""year"":2025,""month"":9,""searchVolume"":10},{""year"":2025,""month"":8,""searchVolume"":30},{""year"":2025,""month"":7,""searchVolume"":10}]"
heilman renovations reviews,2124,en,10,,,informational,"[{""year"":2026,""month"":7,""searchVolume"":20},{""year"":2026,""month"":6,""searchVolume"":30},{""year"":2026,""month"":5,""searchVolume"":30},{""year"":2026,""month"":4,""searchVolume"":20},{""year"":2026,""month"":3,""searchVolume"":10},{""year"":2026,""month"":2,""searchVolume"":30},{""year"":2026,""month"":1,""searchVolume"":0},{""year"":2025,""month"":12,""searchVolume"":0},{""year"":2025,""month"":11,""searchVolume"":0},{""year"":2025,""month"":10,""searchVolume"":0},{""year"":2025,""month"":9,""searchVolume"":0},{""year"":2025,""month"":8,""searchVolume"":0}]"
enzo design and build,2124,en,10,,,navigational,"[{""year"":2026,""month"":7,""searchVolume"":10},{""year"":2026,""month"":6,""searchVolume"":0},{""year"":2026,""month"":5,""searchVolume"":10},{""year"":2026,""month"":4,""searchVolume"":0},{""year"":2026,""month"":3,""searchVolume"":10},{""year"":2026,""month"":2,""searchVolume"":10},{""year"":2026,""month"":1,""searchVolume"":10},{""year"":2025,""month"":12,""searchVolume"":0},{""year"":2025,""month"":11,""searchVolume"":10},{""year"":2025,""month"":10,""searchVolume"":10},{""year"":2025,""month"":9,""searchVolume"":0},{""year"":2025,""month"":8,""searchVolume"":10}]"
home contractor vancouver,2124,en,10,,,navigational,"[{""year"":2026,""month"":7,""searchVolume"":10},{""year"":2026,""month"":6,""searchVolume"":10},{""year"":2026,""month"":5,""searchVolume"":10},{""year"":2026,""month"":4,""searchVolume"":10},{""year"":2026,""month"":3,""searchVolume"":10},{""year"":2026,""month"":2,""searchVolume"":10},{""year"":2026,""month"":1,""searchVolume"":10},{""year"":2025,""month"":12,""searchVolume"":10},{""year"":2025,""month"":11,""searchVolume"":0},{""year"":2025,""month"":10,""searchVolume"":0},{""year"":2025,""month"":9,""searchVolume"":10},{""year"":2025,""month"":8,""searchVolume"":10}]"
best bathroom renovation vancouver,2124,en,10,,,commercial,"[{""year"":2026,""month"":7,""searchVolume"":0},{""year"":2026,""month"":6,""searchVolume"":0},{""year"":2026,""month"":5,""searchVolume"":10},{""year"":2026,""month"":4,""searchVolume"":10},{""year"":2026,""month"":3,""searchVolume"":10},{""year"":2026,""month"":2,""searchVolume"":10},{""year"":2026,""month"":1,""searchVolume"":10},{""year"":2025,""month"":12,""searchVolume"":0},{""year"":2025,""month"":11,""searchVolume"":10},{""year"":2025,""month"":10,""searchVolume"":10},{""year"":2025,""month"":9,""searchVolume"":10},{""year"":2025,""month"":8,""searchVolume"":10}]"
bathroom renovation vancouver cost,2124,en,10,0,,commercial,"[{""year"":2026,""month"":7,""searchVolume"":10},{""year"":2026,""month"":6,""searchVolume"":10},{""year"":2026,""month"":5,""searchVolume"":10},{""year"":2026,""month"":4,""searchVolume"":20},{""year"":2026,""month"":3,""searchVolume"":20},{""year"":2026,""month"":2,""searchVolume"":10},{""year"":2026,""month"":1,""searchVolume"":20},{""year"":2025,""month"":12,""searchVolume"":10},{""year"":2025,""month"":11,""searchVolume"":10},{""year"":2025,""month"":10,""searchVolume"":10},{""year"":2025,""month"":9,""searchVolume"":10},{""year"":2025,""month"":8,""searchVolume"":10}]"
vancouver general contractors careers,2124,en,,,,navigational,"[{""year"":2026,""month"":7,""searchVolume"":0},{""year"":2026,""month"":6,""searchVolume"":0},{""year"":2026,""month"":5,""searchVolume"":0},{""year"":2026,""month"":4,""searchVolume"":0},{""year"":2026,""month"":3,""searchVolume"":0},{""year"":2026,""month"":2,""searchVolume"":0},{""year"":2026,""month"":1,""searchVolume"":0},{""year"":2025,""month"":12,""searchVolume"":0},{""year"":2025,""month"":11,""searchVolume"":0},{""year"":2025,""month"":10,""searchVolume"":0},{""year"":2025,""month"":9,""searchVolume"":0},{""year"":2025,""month"":8,""searchVolume"":0}]"
small renovation contractors vancouver,2124,en,,,,commercial,"[{""year"":2026,""month"":5,""searchVolume"":0},{""year"":2026,""month"":4,""searchVolume"":0},{""year"":2026,""month"":3,""searchVolume"":0},{""year"":2026,""month"":2,""searchVolume"":0},{""year"":2026,""month"":1,""searchVolume"":0},{""year"":2025,""month"":12,""searchVolume"":0},{""year"":2025,""month"":11,""searchVolume"":0},{""year"":2025,""month"":10,""searchVolume"":0},{""year"":2025,""month"":9,""searchVolume"":0},{""year"":2025,""month"":8,""searchVolume"":0},{""year"":2025,""month"":7,""searchVolume"":0},{""year"":2025,""month"":6,""searchVolume"":0}]"
small home renovation vancouver,2124,en,,,,commercial,"[{""year"":2026,""month"":5,""searchVolume"":0},{""year"":2026,""month"":4,""searchVolume"":0},{""year"":2026,""month"":3,""searchVolume"":0},{""year"":2026,""month"":2,""searchVolume"":0},{""year"":2026,""month"":1,""searchVolume"":0},{""year"":2025,""month"":12,""searchVolume"":0},{""year"":2025,""month"":11,""searchVolume"":0},{""year"":2025,""month"":10,""searchVolume"":0},{""year"":2025,""month"":9,""searchVolume"":0},{""year"":2025,""month"":8,""searchVolume"":0},{""year"":2025,""month"":7,""searchVolume"":0},{""year"":2025,""month"":6,""searchVolume"":0}]"
bathroom renovation vancouver reddit,2124,en,,,,informational,"[{""year"":2026,""month"":5,""searchVolume"":0},{""year"":2026,""month"":4,""searchVolume"":0},{""year"":2026,""month"":3,""searchVolume"":0},{""year"":2026,""month"":2,""searchVolume"":0},{""year"":2026,""month"":1,""searchVolume"":0},{""year"":2025,""month"":12,""searchVolume"":0},{""year"":2025,""month"":11,""searchVolume"":0},{""year"":2025,""month"":10,""searchVolume"":0},{""year"":2025,""month"":9,""searchVolume"":0},{""year"":2025,""month"":8,""searchVolume"":0},{""year"":2025,""month"":7,""searchVolume"":0},{""year"":2025,""month"":6,""searchVolume"":0}]"
best condo renovations vancouver,2124,en,,,,commercial,"[{""year"":2026,""month"":5,""searchVolume"":0},{""year"":2026,""month"":4,""searchVolume"":0},{""year"":2026,""month"":3,""searchVolume"":0},{""year"":2026,""month"":2,""searchVolume"":0},{""year"":2026,""month"":1,""searchVolume"":0},{""year"":2025,""month"":12,""searchVolume"":0},{""year"":2025,""month"":11,""searchVolume"":0},{""year"":2025,""month"":10,""searchVolume"":0},{""year"":2025,""month"":9,""searchVolume"":0},{""year"":2025,""month"":8,""searchVolume"":0},{""year"":2025,""month"":7,""searchVolume"":0},{""year"":2025,""month"":6,""searchVolume"":0}]"
indeed,2124,en,2740000,30,3.22,informational,"[{""year"":2026,""month"":6,""searchVolume"":2240000},{""year"":2026,""month"":5,""searchVolume"":2740000},{""year"":2026,""month"":4,""searchVolume"":2740000},{""year"":2026,""month"":3,""searchVolume"":2740000},{""year"":2026,""month"":2,""searchVolume"":2740000},{""year"":2026,""month"":1,""searchVolume"":2740000},{""year"":2025,""month"":12,""searchVolume"":1830000},{""year"":2025,""month"":11,""searchVolume"":2240000},{""year"":2025,""month"":10,""searchVolume"":2740000},{""year"":2025,""month"":9,""searchVolume"":2740000},{""year"":2025,""month"":8,""searchVolume"":2740000},{""year"":2025,""month"":7,""searchVolume"":2740000}]"
bosa properties,2124,en,2900,17,0.82,navigational,"[{""year"":2026,""month"":6,""searchVolume"":2900},{""year"":2026,""month"":5,""searchVolume"":2900},{""year"":2026,""month"":4,""searchVolume"":2900},{""year"":2026,""month"":3,""searchVolume"":2900},{""year"":2026,""month"":2,""searchVolume"":2900},{""year"":2026,""month"":1,""searchVolume"":3600},{""year"":2025,""month"":12,""searchVolume"":2900},{""year"":2025,""month"":11,""searchVolume"":2900},{""year"":2025,""month"":10,""searchVolume"":2900},{""year"":2025,""month"":9,""searchVolume"":2900},{""year"":2025,""month"":8,""searchVolume"":2900},{""year"":2025,""month"":7,""searchVolume"":3600}]"
bosa properties vancouver,2124,en,2900,26,,navigational,"[{""year"":2026,""month"":7,""searchVolume"":2900},{""year"":2026,""month"":6,""searchVolume"":2900},{""year"":2026,""month"":5,""searchVolume"":2900},{""year"":2026,""month"":4,""searchVolume"":2900},{""year"":2026,""month"":3,""searchVolume"":2900},{""year"":2026,""month"":2,""searchVolume"":2900},{""year"":2026,""month"":1,""searchVolume"":3600},{""year"":2025,""month"":12,""searchVolume"":2900},{""year"":2025,""month"":11,""searchVolume"":2900},{""year"":2025,""month"":10,""searchVolume"":2900},{""year"":2025,""month"":9,""searchVolume"":2900},{""year"":2025,""month"":8,""searchVolume"":2900}]"
concord pacific developments,2124,en,2900,8,3.65,informational,"[{""year"":2026,""month"":6,""searchVolume"":2900},{""year"":2026,""month"":5,""searchVolume"":2400},{""year"":2026,""month"":4,""searchVolume"":2400},{""year"":2026,""month"":3,""searchVolume"":2400},{""year"":2026,""month"":2,""searchVolume"":2900},{""year"":2026,""month"":1,""searchVolume"":2400},{""year"":2025,""month"":12,""searchVolume"":2400},{""year"":2025,""month"":11,""searchVolume"":2400},{""year"":2025,""month"":10,""searchVolume"":2400},{""year"":2025,""month"":9,""searchVolume"":2400},{""year"":2025,""month"":8,""searchVolume"":3600},{""year"":2025,""month"":7,""searchVolume"":4400}]"
tridel,2124,en,2900,13,1.26,informational,"[{""year"":2026,""month"":7,""searchVolume"":2400},{""year"":2026,""month"":6,""searchVolume"":2900},{""year"":2026,""month"":5,""searchVolume"":2900},{""year"":2026,""month"":4,""searchVolume"":2900},{""year"":2026,""month"":3,""searchVolume"":2900},{""year"":2026,""month"":2,""searchVolume"":2900},{""year"":2026,""month"":1,""searchVolume"":3600},{""year"":2025,""month"":12,""searchVolume"":2900},{""year"":2025,""month"":11,""searchVolume"":3600},{""year"":2025,""month"":10,""searchVolume"":3600},{""year"":2025,""month"":9,""searchVolume"":3600},{""year"":2025,""month"":8,""searchVolume"":3600}]"
concord pacific,2124,en,2400,10,5.15,navigational,"[{""year"":2026,""month"":7,""searchVolume"":2400},{""year"":2026,""month"":6,""searchVolume"":2900},{""year"":2026,""month"":5,""searchVolume"":2400},{""year"":2026,""month"":4,""searchVolume"":2400},{""year"":2026,""month"":3,""searchVolume"":2400},{""year"":2026,""month"":2,""searchVolume"":2900},{""year"":2026,""month"":1,""searchVolume"":2400},{""year"":2025,""month"":12,""searchVolume"":2400},{""year"":2025,""month"":11,""searchVolume"":2400},{""year"":2025,""month"":10,""searchVolume"":2400},{""year"":2025,""month"":9,""searchVolume"":2400},{""year"":2025,""month"":8,""searchVolume"":3600}]"
sam mizrahi,2124,en,1300,20,,informational,"[{""year"":2026,""month"":7,""searchVolume"":590},{""year"":2026,""month"":6,""searchVolume"":720},{""year"":2026,""month"":5,""searchVolume"":1300},{""year"":2026,""month"":4,""searchVolume"":1300},{""year"":2026,""month"":3,""searchVolume"":2400},{""year"":2026,""month"":2,""searchVolume"":2900},{""year"":2026,""month"":1,""searchVolume"":880},{""year"":2025,""month"":12,""searchVolume"":720},{""year"":2025,""month"":11,""searchVolume"":880},{""year"":2025,""month"":10,""searchVolume"":720},{""year"":2025,""month"":9,""searchVolume"":2900},{""year"":2025,""month"":8,""searchVolume"":880}]"
menkes,2124,en,1300,14,6.24,informational,"[{""year"":2026,""month"":7,""searchVolume"":1000},{""year"":2026,""month"":6,""searchVolume"":1300},{""year"":2026,""month"":5,""searchVolume"":1300},{""year"":2026,""month"":4,""searchVolume"":1300},{""year"":2026,""month"":3,""searchVolume"":1300},{""year"":2026,""month"":2,""searchVolume"":1000},{""year"":2026,""month"":1,""searchVolume"":1300},{""year"":2025,""month"":12,""searchVolume"":1000},{""year"":2025,""month"":11,""searchVolume"":1000},{""year"":2025,""month"":10,""searchVolume"":1300},{""year"":2025,""month"":9,""searchVolume"":1300},{""year"":2025,""month"":8,""searchVolume"":1300}]"
concord pacific place,2124,en,880,4,,navigational,"[{""year"":2026,""month"":7,""searchVolume"":590},{""year"":2026,""month"":6,""searchVolume"":480},{""year"":2026,""month"":5,""searchVolume"":720},{""year"":2026,""month"":4,""searchVolume"":260},{""year"":2026,""month"":3,""searchVolume"":260},{""year"":2026,""month"":2,""searchVolume"":210},{""year"":2026,""month"":1,""searchVolume"":210},{""year"":2025,""month"":12,""searchVolume"":260},{""year"":2025,""month"":11,""searchVolume"":590},{""year"":2025,""month"":10,""searchVolume"":590},{""year"":2025,""month"":9,""searchVolume"":480},{""year"":2025,""month"":8,""searchVolume"":5400}]"
udi careers,2124,en,720,0,,navigational,"[{""year"":2026,""month"":7,""searchVolume"":590},{""year"":2026,""month"":6,""searchVolume"":590},{""year"":2026,""month"":5,""searchVolume"":720},{""year"":2026,""month"":4,""searchVolume"":720},{""year"":2026,""month"":3,""searchVolume"":720},{""year"":2026,""month"":2,""searchVolume"":720},{""year"":2026,""month"":1,""searchVolume"":880},{""year"":2025,""month"":12,""searchVolume"":480},{""year"":2025,""month"":11,""searchVolume"":590},{""year"":2025,""month"":10,""searchVolume"":720},{""year"":2025,""month"":9,""searchVolume"":720},{""year"":2025,""month"":8,""searchVolume"":720}]"
bosa development,2124,en,590,12,1.66,navigational,"[{""year"":2026,""month"":7,""searchVolume"":480},{""year"":2026,""month"":6,""searchVolume"":480},{""year"":2026,""month"":5,""searchVolume"":480},{""year"":2026,""month"":4,""searchVolume"":590},{""year"":2026,""month"":3,""searchVolume"":590},{""year"":2026,""month"":2,""searchVolume"":480},{""year"":2026,""month"":1,""searchVolume"":720},{""year"":2025,""month"":12,""searchVolume"":590},{""year"":2025,""month"":11,""searchVolume"":720},{""year"":2025,""month"":10,""searchVolume"":720},{""year"":2025,""month"":9,""searchVolume"":720},{""year"":2025,""month"":8,""searchVolume"":720}]"
bosa construction,2124,en,480,12,0.97,navigational,"[{""year"":2026,""month"":6,""searchVolume"":390},{""year"":2026,""month"":5,""searchVolume"":480},{""year"":2026,""month"":4,""searchVolume"":480},{""year"":2026,""month"":3,""searchVolume"":590},{""year"":2026,""month"":2,""searchVolume"":480},{""year"":2026,""month"":1,""searchVolume"":480},{""year"":2025,""month"":12,""searchVolume"":390},{""year"":2025,""month"":11,""searchVolume"":480},{""year"":2025,""month"":10,""searchVolume"":480},{""year"":2025,""month"":9,""searchVolume"":480},{""year"":2025,""month"":8,""searchVolume"":390},{""year"":2025,""month"":7,""searchVolume"":480}]"
concord pacific vancouver,2124,en,480,11,1.43,navigational,"[{""year"":2026,""month"":7,""searchVolume"":480},{""year"":2026,""month"":6,""searchVolume"":880},{""year"":2026,""month"":5,""searchVolume"":590},{""year"":2026,""month"":4,""searchVolume"":590},{""year"":2026,""month"":3,""searchVolume"":320},{""year"":2026,""month"":2,""searchVolume"":320},{""year"":2026,""month"":1,""searchVolume"":390},{""year"":2025,""month"":12,""searchVolume"":320},{""year"":2025,""month"":11,""searchVolume"":390},{""year"":2025,""month"":10,""searchVolume"":480},{""year"":2025,""month"":9,""searchVolume"":390},{""year"":2025,""month"":8,""searchVolume"":590}]"
bosa construction vancouver,2124,en,480,12,3.9,navigational,"[{""year"":2026,""month"":7,""searchVolume"":390},{""year"":2026,""month"":6,""searchVolume"":390},{""year"":2026,""month"":5,""searchVolume"":480},{""year"":2026,""month"":4,""searchVolume"":480},{""year"":2026,""month"":3,""searchVolume"":590},{""year"":2026,""month"":2,""searchVolume"":480},{""year"":2026,""month"":1,""searchVolume"":480},{""year"":2025,""month"":12,""searchVolume"":390},{""year"":2025,""month"":11,""searchVolume"":480},{""year"":2025,""month"":10,""searchVolume"":480},{""year"":2025,""month"":9,""searchVolume"":480},{""year"":2025,""month"":8,""searchVolume"":390}]"
sam mizrahi net worth,2124,en,320,18,,informational,"[{""year"":2026,""month"":7,""searchVolume"":110},{""year"":2026,""month"":6,""searchVolume"":110},{""year"":2026,""month"":5,""searchVolume"":260},{""year"":2026,""month"":4,""searchVolume"":260},{""year"":2026,""month"":3,""searchVolume"":590},{""year"":2026,""month"":2,""searchVolume"":880},{""year"":2026,""month"":1,""searchVolume"":210},{""year"":2025,""month"":12,""searchVolume"":140},{""year"":2025,""month"":11,""searchVolume"":170},{""year"":2025,""month"":10,""searchVolume"":140},{""year"":2025,""month"":9,""searchVolume"":390},{""year"":2025,""month"":8,""searchVolume"":170}]"
real estate development companies,2124,en,260,2,,commercial,"[{""year"":2026,""month"":7,""searchVolume"":140},{""year"":2026,""month"":6,""searchVolume"":140},{""year"":2026,""month"":5,""searchVolume"":140},{""year"":2026,""month"":4,""searchVolume"":170},{""year"":2026,""month"":3,""searchVolume"":210},{""year"":2026,""month"":2,""searchVolume"":170},{""year"":2026,""month"":1,""searchVolume"":170},{""year"":2025,""month"":12,""searchVolume"":110},{""year"":2025,""month"":11,""searchVolume"":110},{""year"":2025,""month"":10,""searchVolume"":170},{""year"":2025,""month"":9,""searchVolume"":170},{""year"":2025,""month"":8,""searchVolume"":1300}]"
real estate companies vancouver,2124,en,210,22,4.48,commercial,"[{""year"":2026,""month"":6,""searchVolume"":140},{""year"":2026,""month"":5,""searchVolume"":140},{""year"":2026,""month"":4,""searchVolume"":140},{""year"":2026,""month"":3,""searchVolume"":140},{""year"":2026,""month"":2,""searchVolume"":110},{""year"":2026,""month"":1,""searchVolume"":210},{""year"":2025,""month"":12,""searchVolume"":170},{""year"":2025,""month"":11,""searchVolume"":260},{""year"":2025,""month"":10,""searchVolume"":210},{""year"":2025,""month"":9,""searchVolume"":390},{""year"":2025,""month"":8,""searchVolume"":170},{""year"":2025,""month"":7,""searchVolume"":170}]"
pandora by bosa properties,2124,en,210,0,1.21,navigational,"[{""year"":2026,""month"":6,""searchVolume"":210},{""year"":2026,""month"":5,""searchVolume"":210},{""year"":2026,""month"":4,""searchVolume"":170},{""year"":2026,""month"":3,""searchVolume"":210},{""year"":2026,""month"":2,""searchVolume"":210},{""year"":2026,""month"":1,""searchVolume"":260},{""year"":2025,""month"":12,""searchVolume"":140},{""year"":2025,""month"":11,""searchVolume"":170},{""year"":2025,""month"":10,""searchVolume"":210},{""year"":2025,""month"":9,""searchVolume"":210},{""year"":2025,""month"":8,""searchVolume"":260},{""year"":2025,""month"":7,""searchVolume"":260}]"
real estate development courses,2124,en,170,6,,informational,"[{""year"":2026,""month"":7,""searchVolume"":140},{""year"":2026,""month"":6,""searchVolume"":110},{""year"":2026,""month"":5,""searchVolume"":170},{""year"":2026,""month"":4,""searchVolume"":110},{""year"":2026,""month"":3,""searchVolume"":320},{""year"":2026,""month"":2,""searchVolume"":320},{""year"":2026,""month"":1,""searchVolume"":170},{""year"":2025,""month"":12,""searchVolume"":140},{""year"":2025,""month"":11,""searchVolume"":90},{""year"":2025,""month"":10,""searchVolume"":110},{""year"":2025,""month"":9,""searchVolume"":90},{""year"":2025,""month"":8,""searchVolume"":90}]"
concord pacific careers,2124,en,170,6,0.29,navigational,"[{""year"":2026,""month"":7,""searchVolume"":110},{""year"":2026,""month"":6,""searchVolume"":110},{""year"":2026,""month"":5,""searchVolume"":140},{""year"":2026,""month"":4,""searchVolume"":260},{""year"":2026,""month"":3,""searchVolume"":260},{""year"":2026,""month"":2,""searchVolume"":170},{""year"":2026,""month"":1,""searchVolume"":260},{""year"":2025,""month"":12,""searchVolume"":170},{""year"":2025,""month"":11,""searchVolume"":170},{""year"":2025,""month"":10,""searchVolume"":170},{""year"":2025,""month"":9,""searchVolume"":210},{""year"":2025,""month"":8,""searchVolume"":170}]"
concord pacific metrotown,2124,en,170,0,0.71,navigational,"[{""year"":2026,""month"":7,""searchVolume"":170},{""year"":2026,""month"":6,""searchVolume"":210},{""year"":2026,""month"":5,""searchVolume"":260},{""year"":2026,""month"":4,""searchVolume"":170},{""year"":2026,""month"":3,""searchVolume"":170},{""year"":2026,""month"":2,""searchVolume"":140},{""year"":2026,""month"":1,""searchVolume"":140},{""year"":2025,""month"":12,""searchVolume"":110},{""year"":2025,""month"":11,""searchVolume"":110},{""year"":2025,""month"":10,""searchVolume"":110},{""year"":2025,""month"":9,""searchVolume"":140},{""year"":2025,""month"":8,""searchVolume"":140}]"
real estate developers vancouver,2124,en,140,14,2.69,commercial,"[{""year"":2026,""month"":6,""searchVolume"":110},{""year"":2026,""month"":5,""searchVolume"":70},{""year"":2026,""month"":4,""searchVolume"":70},{""year"":2026,""month"":3,""searchVolume"":110},{""year"":2026,""month"":2,""searchVolume"":170},{""year"":2026,""month"":1,""searchVolume"":110},{""year"":2025,""month"":12,""searchVolume"":110},{""year"":2025,""month"":11,""searchVolume"":210},{""year"":2025,""month"":10,""searchVolume"":210},{""year"":2025,""month"":9,""searchVolume"":210},{""year"":2025,""month"":8,""searchVolume"":170},{""year"":2025,""month"":7,""searchVolume"":210}]"
bosa properties careers,2124,en,140,6,,navigational,"[{""year"":2026,""month"":7,""searchVolume"":110},{""year"":2026,""month"":6,""searchVolume"":140},{""year"":2026,""month"":5,""searchVolume"":90},{""year"":2026,""month"":4,""searchVolume"":110},{""year"":2026,""month"":3,""searchVolume"":110},{""year"":2026,""month"":2,""searchVolume"":140},{""year"":2026,""month"":1,""searchVolume"":260},{""year"":2025,""month"":12,""searchVolume"":110},{""year"":2025,""month"":11,""searchVolume"":140},{""year"":2025,""month"":10,""searchVolume"":140},{""year"":2025,""month"":9,""searchVolume"":140},{""year"":2025,""month"":8,""searchVolume"":170}]"
robert bosa,2124,en,140,0,,informational,"[{""year"":2026,""month"":7,""searchVolume"":170},{""year"":2026,""month"":6,""searchVolume"":110},{""year"":2026,""month"":5,""searchVolume"":140},{""year"":2026,""month"":4,""searchVolume"":140},{""year"":2026,""month"":3,""searchVolume"":110},{""year"":2026,""month"":2,""searchVolume"":90},{""year"":2026,""month"":1,""searchVolume"":110},{""year"":2025,""month"":12,""searchVolume"":140},{""year"":2025,""month"":11,""searchVolume"":140},{""year"":2025,""month"":10,""searchVolume"":110},{""year"":2025,""month"":9,""searchVolume"":170},{""year"":2025,""month"":8,""searchVolume"":110}]"
anthem properties careers,2124,en,140,0,,navigational,"[{""year"":2026,""month"":7,""searchVolume"":140},{""year"":2026,""month"":6,""searchVolume"":110},{""year"":2026,""month"":5,""searchVolume"":210},{""year"":2026,""month"":4,""searchVolume"":170},{""year"":2026,""month"":3,""searchVolume"":170},{""year"":2026,""month"":2,""searchVolume"":140},{""year"":2026,""month"":1,""searchVolume"":140},{""year"":2025,""month"":12,""searchVolume"":110},{""year"":2025,""month"":11,""searchVolume"":140},{""year"":2025,""month"":10,""searchVolume"":140},{""year"":2025,""month"":9,""searchVolume"":170},{""year"":2025,""month"":8,""searchVolume"":140}]"
real estate developers toronto,2124,en,110,24,,commercial,"[{""year"":2026,""month"":7,""searchVolume"":70},{""year"":2026,""month"":6,""searchVolume"":110},{""year"":2026,""month"":5,""searchVolume"":90},{""year"":2026,""month"":4,""searchVolume"":110},{""year"":2026,""month"":3,""searchVolume"":140},{""year"":2026,""month"":2,""searchVolume"":90},{""year"":2026,""month"":1,""searchVolume"":90},{""year"":2025,""month"":12,""searchVolume"":90},{""year"":2025,""month"":11,""searchVolume"":110},{""year"":2025,""month"":10,""searchVolume"":170},{""year"":2025,""month"":9,""searchVolume"":110},{""year"":2025,""month"":8,""searchVolume"":140}]"
real estate developer salary,2124,en,110,0,,informational,"[{""year"":2026,""month"":7,""searchVolume"":110},{""year"":2026,""month"":6,""searchVolume"":90},{""year"":2026,""month"":5,""searchVolume"":90},{""year"":2026,""month"":4,""searchVolume"":110},{""year"":2026,""month"":3,""searchVolume"":90},{""year"":2026,""month"":2,""searchVolume"":140},{""year"":2026,""month"":1,""searchVolume"":140},{""year"":2025,""month"":12,""searchVolume"":140},{""year"":2025,""month"":11,""searchVolume"":140},{""year"":2025,""month"":10,""searchVolume"":140},{""year"":2025,""month"":9,""searchVolume"":170},{""year"":2025,""month"":8,""searchVolume"":110}]"
biggest real estate companies in canada,2124,en,110,0,,commercial,"[{""year"":2026,""month"":7,""searchVolume"":90},{""year"":2026,""month"":6,""searchVolume"":90},{""year"":2026,""month"":5,""searchVolume"":110},{""year"":2026,""month"":4,""searchVolume"":110},{""year"":2026,""month"":3,""searchVolume"":110},{""year"":2026,""month"":2,""searchVolume"":110},{""year"":2026,""month"":1,""searchVolume"":140},{""year"":2025,""month"":12,""searchVolume"":140},{""year"":2025,""month"":11,""searchVolume"":140},{""year"":2025,""month"":10,""searchVolume"":90},{""year"":2025,""month"":9,""searchVolume"":140},{""year"":2025,""month"":8,""searchVolume"":140}]"
real estate developers in toronto,2124,en,110,28,3.78,commercial,"[{""year"":2026,""month"":7,""searchVolume"":70},{""year"":2026,""month"":6,""searchVolume"":110},{""year"":2026,""month"":5,""searchVolume"":90},{""year"":2026,""month"":4,""searchVolume"":110},{""year"":2026,""month"":3,""searchVolume"":140},{""year"":2026,""month"":2,""searchVolume"":90},{""year"":2026,""month"":1,""searchVolume"":90},{""year"":2025,""month"":12,""searchVolume"":90},{""year"":2025,""month"":11,""searchVolume"":110},{""year"":2025,""month"":10,""searchVolume"":170},{""year"":2025,""month"":9,""searchVolume"":110},{""year"":2025,""month"":8,""searchVolume"":140}]"
how to become a real estate developer,2124,en,110,6,,informational,"[{""year"":2026,""month"":7,""searchVolume"":90},{""year"":2026,""month"":6,""searchVolume"":90},{""year"":2026,""month"":5,""searchVolume"":90},{""year"":2026,""month"":4,""searchVolume"":90},{""year"":2026,""month"":3,""searchVolume"":90},{""year"":2026,""month"":2,""searchVolume"":70},{""year"":2026,""month"":1,""searchVolume"":110},{""year"":2025,""month"":12,""searchVolume"":140},{""year"":2025,""month"":11,""searchVolume"":110},{""year"":2025,""month"":10,""searchVolume"":140},{""year"":2025,""month"":9,""searchVolume"":140},{""year"":2025,""month"":8,""searchVolume"":110}]"
real estate development jobs vancouver,2124,en,90,0,,informational,"[{""year"":2026,""month"":7,""searchVolume"":90},{""year"":2026,""month"":6,""searchVolume"":90},{""year"":2026,""month"":5,""searchVolume"":90},{""year"":2026,""month"":4,""searchVolume"":70},{""year"":2026,""month"":3,""searchVolume"":90},{""year"":2026,""month"":2,""searchVolume"":70},{""year"":2026,""month"":1,""searchVolume"":70},{""year"":2025,""month"":12,""searchVolume"":90},{""year"":2025,""month"":11,""searchVolume"":90},{""year"":2025,""month"":10,""searchVolume"":90},{""year"":2025,""month"":9,""searchVolume"":110},{""year"":2025,""month"":8,""searchVolume"":50}]"
onni group owners,2124,en,90,2,,navigational,"[{""year"":2026,""month"":7,""searchVolume"":90},{""year"":2026,""month"":6,""searchVolume"":140},{""year"":2026,""month"":5,""searchVolume"":210},{""year"":2026,""month"":4,""searchVolume"":140},{""year"":2026,""month"":3,""searchVolume"":50},{""year"":2026,""month"":2,""searchVolume"":50},{""year"":2026,""month"":1,""searchVolume"":70},{""year"":2025,""month"":12,""searchVolume"":70},{""year"":2025,""month"":11,""searchVolume"":50},{""year"":2025,""month"":10,""searchVolume"":90},{""year"":2025,""month"":9,""searchVolume"":50},{""year"":2025,""month"":8,""searchVolume"":90}]"
biggest real estate companies in the world,2124,en,90,21,,informational,"[{""year"":2026,""month"":7,""searchVolume"":90},{""year"":2026,""month"":6,""searchVolume"":70},{""year"":2026,""month"":5,""searchVolume"":90},{""year"":2026,""month"":4,""searchVolume"":90},{""year"":2026,""month"":3,""searchVolume"":90},{""year"":2026,""month"":2,""searchVolume"":90},{""year"":2026,""month"":1,""searchVolume"":90},{""year"":2025,""month"":12,""searchVolume"":110},{""year"":2025,""month"":11,""searchVolume"":90},{""year"":2025,""month"":10,""searchVolume"":70},{""year"":2025,""month"":9,""searchVolume"":70},{""year"":2025,""month"":8,""searchVolume"":70}]"
bosa family vancouver,2124,en,90,12,,navigational,"[{""year"":2026,""month"":7,""searchVolume"":110},{""year"":2026,""month"":6,""searchVolume"":90},{""year"":2026,""month"":5,""searchVolume"":90},{""year"":2026,""month"":4,""searchVolume"":90},{""year"":2026,""month"":3,""searchVolume"":90},{""year"":2026,""month"":2,""searchVolume"":70},{""year"":2026,""month"":1,""searchVolume"":90},{""year"":2025,""month"":12,""searchVolume"":110},{""year"":2025,""month"":11,""searchVolume"":70},{""year"":2025,""month"":10,""searchVolume"":110},{""year"":2025,""month"":9,""searchVolume"":90},{""year"":2025,""month"":8,""searchVolume"":70}]"
onni developments,2124,en,70,21,0.79,informational,"[{""year"":2026,""month"":7,""searchVolume"":50},{""year"":2026,""month"":6,""searchVolume"":50},{""year"":2026,""month"":5,""searchVolume"":90},{""year"":2026,""month"":4,""searchVolume"":70},{""year"":2026,""month"":3,""searchVolume"":50},{""year"":2026,""month"":2,""searchVolume"":70},{""year"":2026,""month"":1,""searchVolume"":50},{""year"":2025,""month"":12,""searchVolume"":50},{""year"":2025,""month"":11,""searchVolume"":50},{""year"":2025,""month"":10,""searchVolume"":70},{""year"":2025,""month"":9,""searchVolume"":90},{""year"":2025,""month"":8,""searchVolume"":70}]"
bosa properties surrey,2124,en,70,7,2.28,navigational,"[{""year"":2026,""month"":7,""searchVolume"":90},{""year"":2026,""month"":6,""searchVolume"":90},{""year"":2026,""month"":5,""searchVolume"":110},{""year"":2026,""month"":4,""searchVolume"":70},{""year"":2026,""month"":3,""searchVolume"":70},{""year"":2026,""month"":2,""searchVolume"":70},{""year"":2026,""month"":1,""searchVolume"":90},{""year"":2025,""month"":12,""searchVolume"":70},{""year"":2025,""month"":11,""searchVolume"":70},{""year"":2025,""month"":10,""searchVolume"":70},{""year"":2025,""month"":9,""searchVolume"":50},{""year"":2025,""month"":8,""searchVolume"":70}]"
concord pacific owner,2124,en,70,31,,navigational,"[{""year"":2026,""month"":7,""searchVolume"":70},{""year"":2026,""month"":6,""searchVolume"":70},{""year"":2026,""month"":5,""searchVolume"":70},{""year"":2026,""month"":4,""searchVolume"":70},{""year"":2026,""month"":3,""searchVolume"":50},{""year"":2026,""month"":2,""searchVolume"":50},{""year"":2026,""month"":1,""searchVolume"":50},{""year"":2025,""month"":12,""searchVolume"":50},{""year"":2025,""month"":11,""searchVolume"":50},{""year"":2025,""month"":10,""searchVolume"":70},{""year"":2025,""month"":9,""searchVolume"":90},{""year"":2025,""month"":8,""searchVolume"":90}]"
real estate companies ontario,2124,en,70,74,4.32,commercial,"[{""year"":2026,""month"":7,""searchVolume"":50},{""year"":2026,""month"":6,""searchVolume"":70},{""year"":2026,""month"":5,""searchVolume"":70},{""year"":2026,""month"":4,""searchVolume"":50},{""year"":2026,""month"":3,""searchVolume"":70},{""year"":2026,""month"":2,""searchVolume"":90},{""year"":2026,""month"":1,""searchVolume"":40},{""year"":2025,""month"":12,""searchVolume"":40},{""year"":2025,""month"":11,""searchVolume"":90},{""year"":2025,""month"":10,""searchVolume"":50},{""year"":2025,""month"":9,""searchVolume"":70},{""year"":2025,""month"":8,""searchVolume"":110}]"
development companies vancouver,2124,en,70,41,5.54,commercial,"[{""year"":2026,""month"":7,""searchVolume"":70},{""year"":2026,""month"":6,""searchVolume"":70},{""year"":2026,""month"":5,""searchVolume"":90},{""year"":2026,""month"":4,""searchVolume"":70},{""year"":2026,""month"":3,""searchVolume"":70},{""year"":2026,""month"":2,""searchVolume"":50},{""year"":2026,""month"":1,""searchVolume"":90},{""year"":2025,""month"":12,""searchVolume"":70},{""year"":2025,""month"":11,""searchVolume"":90},{""year"":2025,""month"":10,""searchVolume"":90},{""year"":2025,""month"":9,""searchVolume"":70},{""year"":2025,""month"":8,""searchVolume"":50}]"
bosa development corporation,2124,en,70,7,,navigational,"[{""year"":2026,""month"":7,""searchVolume"":30},{""year"":2026,""month"":6,""searchVolume"":30},{""year"":2026,""month"":5,""searchVolume"":40},{""year"":2026,""month"":4,""searchVolume"":40},{""year"":2026,""month"":3,""searchVolume"":50},{""year"":2026,""month"":2,""searchVolume"":40},{""year"":2026,""month"":1,""searchVolume"":70},{""year"":2025,""month"":12,""searchVolume"":50},{""year"":2025,""month"":11,""searchVolume"":70},{""year"":2025,""month"":10,""searchVolume"":90},{""year"":2025,""month"":9,""searchVolume"":110},{""year"":2025,""month"":8,""searchVolume"":140}]"
bosa properties victoria,2124,en,50,0,1.05,navigational,"[{""year"":2026,""month"":7,""searchVolume"":50},{""year"":2026,""month"":6,""searchVolume"":50},{""year"":2026,""month"":5,""searchVolume"":50},{""year"":2026,""month"":4,""searchVolume"":50},{""year"":2026,""month"":3,""searchVolume"":50},{""year"":2026,""month"":2,""searchVolume"":40},{""year"":2026,""month"":1,""searchVolume"":70},{""year"":2025,""month"":12,""searchVolume"":40},{""year"":2025,""month"":11,""searchVolume"":40},{""year"":2025,""month"":10,""searchVolume"":50},{""year"":2025,""month"":9,""searchVolume"":50},{""year"":2025,""month"":8,""searchVolume"":70}]"
1008 pandora avenue victoria,2124,en,50,0,0.21,navigational,"[{""year"":2026,""month"":7,""searchVolume"":30},{""year"":2026,""month"":6,""searchVolume"":30},{""year"":2026,""month"":5,""searchVolume"":30},{""year"":2026,""month"":4,""searchVolume"":50},{""year"":2026,""month"":3,""searchVolume"":50},{""year"":2026,""month"":2,""searchVolume"":50},{""year"":2026,""month"":1,""searchVolume"":40},{""year"":2025,""month"":12,""searchVolume"":40},{""year"":2025,""month"":11,""searchVolume"":40},{""year"":2025,""month"":10,""searchVolume"":50},{""year"":2025,""month"":9,""searchVolume"":50},{""year"":2025,""month"":8,""searchVolume"":70}]"
parkway bosa properties,2124,en,50,0,1.21,navigational,"[{""year"":2026,""month"":7,""searchVolume"":90},{""year"":2026,""month"":6,""searchVolume"":90},{""year"":2026,""month"":5,""searchVolume"":70},{""year"":2026,""month"":4,""searchVolume"":70},{""year"":2026,""month"":3,""searchVolume"":50},{""year"":2026,""month"":2,""searchVolume"":50},{""year"":2026,""month"":1,""searchVolume"":70},{""year"":2025,""month"":12,""searchVolume"":20},{""year"":2025,""month"":11,""searchVolume"":40},{""year"":2025,""month"":10,""searchVolume"":40},{""year"":2025,""month"":9,""searchVolume"":30},{""year"":2025,""month"":8,""searchVolume"":40}]"
top 10 real estate developers in vancouver,2124,en,40,0,6.69,commercial,"[{""year"":2026,""month"":7,""searchVolume"":20},{""year"":2026,""month"":6,""searchVolume"":30},{""year"":2026,""month"":5,""searchVolume"":40},{""year"":2026,""month"":4,""searchVolume"":50},{""year"":2026,""month"":3,""searchVolume"":30},{""year"":2026,""month"":2,""searchVolume"":30},{""year"":2026,""month"":1,""searchVolume"":30},{""year"":2025,""month"":12,""searchVolume"":20},{""year"":2025,""month"":11,""searchVolume"":40},{""year"":2025,""month"":10,""searchVolume"":70},{""year"":2025,""month"":9,""searchVolume"":50},{""year"":2025,""month"":8,""searchVolume"":70}]"
top real estate companies in canada,2124,en,40,0,,commercial,"[{""year"":2026,""month"":7,""searchVolume"":20},{""year"":2026,""month"":6,""searchVolume"":40},{""year"":2026,""month"":5,""searchVolume"":30},{""year"":2026,""month"":4,""searchVolume"":30},{""year"":2026,""month"":3,""searchVolume"":30},{""year"":2026,""month"":2,""searchVolume"":30},{""year"":2026,""month"":1,""searchVolume"":40},{""year"":2025,""month"":12,""searchVolume"":30},{""year"":2025,""month"":11,""searchVolume"":40},{""year"":2025,""month"":10,""searchVolume"":40},{""year"":2025,""month"":9,""searchVolume"":50},{""year"":2025,""month"":8,""searchVolume"":50}]"
bosa development vancouver,2124,en,40,43,,navigational,"[{""year"":2026,""month"":7,""searchVolume"":40},{""year"":2026,""month"":6,""searchVolume"":50},{""year"":2026,""month"":5,""searchVolume"":50},{""year"":2026,""month"":4,""searchVolume"":50},{""year"":2026,""month"":3,""searchVolume"":50},{""year"":2026,""month"":2,""searchVolume"":40},{""year"":2026,""month"":1,""searchVolume"":40},{""year"":2025,""month"":12,""searchVolume"":40},{""year"":2025,""month"":11,""searchVolume"":30},{""year"":2025,""month"":10,""searchVolume"":50},{""year"":2025,""month"":9,""searchVolume"":30},{""year"":2025,""month"":8,""searchVolume"":30}]"
onni group corruption,2124,en,40,0,,informational,"[{""year"":2026,""month"":7,""searchVolume"":40},{""year"":2026,""month"":6,""searchVolume"":50},{""year"":2026,""month"":5,""searchVolume"":30},{""year"":2026,""month"":4,""searchVolume"":30},{""year"":2026,""month"":3,""searchVolume"":20},{""year"":2026,""month"":2,""searchVolume"":50},{""year"":2026,""month"":1,""searchVolume"":50},{""year"":2025,""month"":12,""searchVolume"":40},{""year"":2025,""month"":11,""searchVolume"":30},{""year"":2025,""month"":10,""searchVolume"":50},{""year"":2025,""month"":9,""searchVolume"":40},{""year"":2025,""month"":8,""searchVolume"":40}]"
concord pacific burnaby,2124,en,40,42,2.39,navigational,"[{""year"":2026,""month"":6,""searchVolume"":50},{""year"":2026,""month"":5,""searchVolume"":50},{""year"":2026,""month"":4,""searchVolume"":40},{""year"":2026,""month"":3,""searchVolume"":40},{""year"":2026,""month"":2,""searchVolume"":40},{""year"":2026,""month"":1,""searchVolume"":30},{""year"":2025,""month"":12,""searchVolume"":30},{""year"":2025,""month"":11,""searchVolume"":50},{""year"":2025,""month"":10,""searchVolume"":30},{""year"":2025,""month"":9,""searchVolume"":50},{""year"":2025,""month"":8,""searchVolume"":50},{""year"":2025,""month"":7,""searchVolume"":50}]"
colin bosa net worth,2124,en,40,0,,informational,"[{""year"":2026,""month"":7,""searchVolume"":30},{""year"":2026,""month"":6,""searchVolume"":30},{""year"":2026,""month"":5,""searchVolume"":40},{""year"":2026,""month"":4,""searchVolume"":40},{""year"":2026,""month"":3,""searchVolume"":40},{""year"":2026,""month"":2,""searchVolume"":40},{""year"":2026,""month"":1,""searchVolume"":30},{""year"":2025,""month"":12,""searchVolume"":50},{""year"":2025,""month"":11,""searchVolume"":40},{""year"":2025,""month"":10,""searchVolume"":50},{""year"":2025,""month"":9,""searchVolume"":40},{""year"":2025,""month"":8,""searchVolume"":70}]"
best developers in vancouver reddit,2124,en,30,,,informational,"[{""year"":2026,""month"":6,""searchVolume"":20},{""year"":2026,""month"":5,""searchVolume"":30},{""year"":2026,""month"":4,""searchVolume"":20},{""year"":2026,""month"":3,""searchVolume"":30},{""year"":2026,""month"":2,""searchVolume"":30},{""year"":2026,""month"":1,""searchVolume"":40},{""year"":2025,""month"":12,""searchVolume"":20},{""year"":2025,""month"":11,""searchVolume"":20},{""year"":2025,""month"":10,""searchVolume"":30},{""year"":2025,""month"":9,""searchVolume"":30},{""year"":2025,""month"":8,""searchVolume"":30},{""year"":2025,""month"":7,""searchVolume"":20}]"
biggest developers in vancouver,2124,en,30,3,,informational,"[{""year"":2026,""month"":7,""searchVolume"":10},{""year"":2026,""month"":6,""searchVolume"":30},{""year"":2026,""month"":5,""searchVolume"":30},{""year"":2026,""month"":4,""searchVolume"":20},{""year"":2026,""month"":3,""searchVolume"":10},{""year"":2026,""month"":2,""searchVolume"":40},{""year"":2026,""month"":1,""searchVolume"":20},{""year"":2025,""month"":12,""searchVolume"":10},{""year"":2025,""month"":11,""searchVolume"":40},{""year"":2025,""month"":10,""searchVolume"":40},{""year"":2025,""month"":9,""searchVolume"":30},{""year"":2025,""month"":8,""searchVolume"":30}]"
best developers in vancouver,2124,en,30,0,,commercial,"[{""year"":2026,""month"":7,""searchVolume"":30},{""year"":2026,""month"":6,""searchVolume"":20},{""year"":2026,""month"":5,""searchVolume"":40},{""year"":2026,""month"":4,""searchVolume"":30},{""year"":2026,""month"":3,""searchVolume"":30},{""year"":2026,""month"":2,""searchVolume"":40},{""year"":2026,""month"":1,""searchVolume"":30},{""year"":2025,""month"":12,""searchVolume"":20},{""year"":2025,""month"":11,""searchVolume"":30},{""year"":2025,""month"":10,""searchVolume"":30},{""year"":2025,""month"":9,""searchVolume"":40},{""year"":2025,""month"":8,""searchVolume"":40}]"
bosa development careers,2124,en,30,45,0.11,navigational,"[{""year"":2026,""month"":7,""searchVolume"":20},{""year"":2026,""month"":6,""searchVolume"":20},{""year"":2026,""month"":5,""searchVolume"":10},{""year"":2026,""month"":4,""searchVolume"":10},{""year"":2026,""month"":3,""searchVolume"":20},{""year"":2026,""month"":2,""searchVolume"":20},{""year"":2026,""month"":1,""searchVolume"":30},{""year"":2025,""month"":12,""searchVolume"":40},{""year"":2025,""month"":11,""searchVolume"":40},{""year"":2025,""month"":10,""searchVolume"":40},{""year"":2025,""month"":9,""searchVolume"":20},{""year"":2025,""month"":8,""searchVolume"":40}]"
bosa development vs bosa properties,2124,en,30,18,,informational,"[{""year"":2026,""month"":7,""searchVolume"":20},{""year"":2026,""month"":6,""searchVolume"":20},{""year"":2026,""month"":5,""searchVolume"":40},{""year"":2026,""month"":4,""searchVolume"":30},{""year"":2026,""month"":3,""searchVolume"":20},{""year"":2026,""month"":2,""searchVolume"":30},{""year"":2026,""month"":1,""searchVolume"":20},{""year"":2025,""month"":12,""searchVolume"":20},{""year"":2025,""month"":11,""searchVolume"":30},{""year"":2025,""month"":10,""searchVolume"":20},{""year"":2025,""month"":9,""searchVolume"":40},{""year"":2025,""month"":8,""searchVolume"":30}]"
onni group reviews,2124,en,30,45,,navigational,"[{""year"":2026,""month"":7,""searchVolume"":20},{""year"":2026,""month"":6,""searchVolume"":40},{""year"":2026,""month"":5,""searchVolume"":30},{""year"":2026,""month"":4,""searchVolume"":30},{""year"":2026,""month"":3,""searchVolume"":50},{""year"":2026,""month"":2,""searchVolume"":40},{""year"":2026,""month"":1,""searchVolume"":30},{""year"":2025,""month"":12,""searchVolume"":30},{""year"":2025,""month"":11,""searchVolume"":20},{""year"":2025,""month"":10,""searchVolume"":20},{""year"":2025,""month"":9,""searchVolume"":30},{""year"":2025,""month"":8,""searchVolume"":40}]"
real estate development companies vancouver,2124,en,30,13,,commercial,[]
menkes family net worth,2124,en,30,52,,informational,"[{""year"":2026,""month"":7,""searchVolume"":30},{""year"":2026,""month"":6,""searchVolume"":40},{""year"":2026,""month"":5,""searchVolume"":30},{""year"":2026,""month"":4,""searchVolume"":20},{""year"":2026,""month"":3,""searchVolume"":20},{""year"":2026,""month"":2,""searchVolume"":20},{""year"":2026,""month"":1,""searchVolume"":40},{""year"":2025,""month"":12,""searchVolume"":20},{""year"":2025,""month"":11,""searchVolume"":20},{""year"":2025,""month"":10,""searchVolume"":20},{""year"":2025,""month"":9,""searchVolume"":30},{""year"":2025,""month"":8,""searchVolume"":40}]"
top 10 real estate companies in canada,2124,en,30,0,,commercial,"[{""year"":2026,""month"":7,""searchVolume"":20},{""year"":2026,""month"":6,""searchVolume"":20},{""year"":2026,""month"":5,""searchVolume"":20},{""year"":2026,""month"":4,""searchVolume"":20},{""year"":2026,""month"":3,""searchVolume"":50},{""year"":2026,""month"":2,""searchVolume"":40},{""year"":2026,""month"":1,""searchVolume"":30},{""year"":2025,""month"":12,""searchVolume"":30},{""year"":2025,""month"":11,""searchVolume"":30},{""year"":2025,""month"":10,""searchVolume"":30},{""year"":2025,""month"":9,""searchVolume"":30},{""year"":2025,""month"":8,""searchVolume"":40}]"
top 10 home builders in canada,2124,en,30,10,1.64,commercial,"[{""year"":2026,""month"":7,""searchVolume"":10},{""year"":2026,""month"":6,""searchVolume"":20},{""year"":2026,""month"":5,""searchVolume"":20},{""year"":2026,""month"":4,""searchVolume"":30},{""year"":2026,""month"":3,""searchVolume"":30},{""year"":2026,""month"":2,""searchVolume"":30},{""year"":2026,""month"":1,""searchVolume"":20},{""year"":2025,""month"":12,""searchVolume"":20},{""year"":2025,""month"":11,""searchVolume"":20},{""year"":2025,""month"":10,""searchVolume"":30},{""year"":2025,""month"":9,""searchVolume"":30},{""year"":2025,""month"":8,""searchVolume"":30}]"
vancouver developer bankruptcies,2124,en,30,0,,informational,"[{""year"":2026,""month"":7,""searchVolume"":10},{""year"":2026,""month"":6,""searchVolume"":20},{""year"":2026,""month"":5,""searchVolume"":50},{""year"":2026,""month"":4,""searchVolume"":20},{""year"":2026,""month"":3,""searchVolume"":40},{""year"":2026,""month"":2,""searchVolume"":30},{""year"":2026,""month"":1,""searchVolume"":20},{""year"":2025,""month"":12,""searchVolume"":20},{""year"":2025,""month"":11,""searchVolume"":20},{""year"":2025,""month"":10,""searchVolume"":20},{""year"":2025,""month"":9,""searchVolume"":40},{""year"":2025,""month"":8,""searchVolume"":30}]"
bosa properties owner,2124,en,30,,,navigational,"[{""year"":2026,""month"":7,""searchVolume"":40},{""year"":2026,""month"":6,""searchVolume"":30},{""year"":2026,""month"":5,""searchVolume"":20},{""year"":2026,""month"":4,""searchVolume"":30},{""year"":2026,""month"":3,""searchVolume"":10},{""year"":2026,""month"":2,""searchVolume"":30},{""year"":2026,""month"":1,""searchVolume"":20},{""year"":2025,""month"":12,""searchVolume"":20},{""year"":2025,""month"":11,""searchVolume"":30},{""year"":2025,""month"":10,""searchVolume"":10},{""year"":2025,""month"":9,""searchVolume"":30},{""year"":2025,""month"":8,""searchVolume"":20}]"
vancouver real estate development,2124,en,20,13,,commercial,"[{""year"":2026,""month"":7,""searchVolume"":10},{""year"":2026,""month"":6,""searchVolume"":10},{""year"":2026,""month"":5,""searchVolume"":10},{""year"":2026,""month"":4,""searchVolume"":30},{""year"":2026,""month"":3,""searchVolume"":20},{""year"":2026,""month"":2,""searchVolume"":20},{""year"":2026,""month"":1,""searchVolume"":30},{""year"":2025,""month"":12,""searchVolume"":10},{""year"":2025,""month"":11,""searchVolume"":10},{""year"":2025,""month"":10,""searchVolume"":20},{""year"":2025,""month"":9,""searchVolume"":10},{""year"":2025,""month"":8,""searchVolume"":30}]"
best condo developers in vancouver,2124,en,20,,,commercial,"[{""year"":2026,""month"":7,""searchVolume"":10},{""year"":2026,""month"":6,""searchVolume"":10},{""year"":2026,""month"":5,""searchVolume"":20},{""year"":2026,""month"":4,""searchVolume"":10},{""year"":2026,""month"":3,""searchVolume"":10},{""year"":2026,""month"":2,""searchVolume"":20},{""year"":2026,""month"":1,""searchVolume"":20},{""year"":2025,""month"":12,""searchVolume"":10},{""year"":2025,""month"":11,""searchVolume"":10},{""year"":2025,""month"":10,""searchVolume"":20},{""year"":2025,""month"":9,""searchVolume"":20},{""year"":2025,""month"":8,""searchVolume"":30}]"
real estate development vancouver,2124,en,20,13,,commercial,"[{""year"":2026,""month"":7,""searchVolume"":10},{""year"":2026,""month"":6,""searchVolume"":10},{""year"":2026,""month"":5,""searchVolume"":10},{""year"":2026,""month"":4,""searchVolume"":30},{""year"":2026,""month"":3,""searchVolume"":20},{""year"":2026,""month"":2,""searchVolume"":20},{""year"":2026,""month"":1,""searchVolume"":30},{""year"":2025,""month"":12,""searchVolume"":10},{""year"":2025,""month"":11,""searchVolume"":10},{""year"":2025,""month"":10,""searchVolume"":20},{""year"":2025,""month"":9,""searchVolume"":10},{""year"":2025,""month"":8,""searchVolume"":30}]"
bosa properties ceo,2124,en,20,,,navigational,"[{""year"":2026,""month"":7,""searchVolume"":10},{""year"":2026,""month"":6,""searchVolume"":20},{""year"":2026,""month"":5,""searchVolume"":10},{""year"":2026,""month"":4,""searchVolume"":20},{""year"":2026,""month"":3,""searchVolume"":20},{""year"":2026,""month"":2,""searchVolume"":20},{""year"":2026,""month"":1,""searchVolume"":20},{""year"":2025,""month"":12,""searchVolume"":20},{""year"":2025,""month"":11,""searchVolume"":20},{""year"":2025,""month"":10,""searchVolume"":20},{""year"":2025,""month"":9,""searchVolume"":30},{""year"":2025,""month"":8,""searchVolume"":30}]"
onni group lawsuit,2124,en,20,42,,informational,"[{""year"":2026,""month"":7,""searchVolume"":10},{""year"":2026,""month"":6,""searchVolume"":20},{""year"":2026,""month"":5,""searchVolume"":20},{""year"":2026,""month"":4,""searchVolume"":20},{""year"":2026,""month"":3,""searchVolume"":20},{""year"":2026,""month"":2,""searchVolume"":10},{""year"":2026,""month"":1,""searchVolume"":20},{""year"":2025,""month"":12,""searchVolume"":20},{""year"":2025,""month"":11,""searchVolume"":20},{""year"":2025,""month"":10,""searchVolume"":10},{""year"":2025,""month"":9,""searchVolume"":10},{""year"":2025,""month"":8,""searchVolume"":20}]"
onni group net worth,2124,en,20,5,,informational,"[{""year"":2026,""month"":7,""searchVolume"":10},{""year"":2026,""month"":6,""searchVolume"":30},{""year"":2026,""month"":5,""searchVolume"":30},{""year"":2026,""month"":4,""searchVolume"":20},{""year"":2026,""month"":3,""searchVolume"":20},{""year"":2026,""month"":2,""searchVolume"":20},{""year"":2026,""month"":1,""searchVolume"":20},{""year"":2025,""month"":12,""searchVolume"":30},{""year"":2025,""month"":11,""searchVolume"":20},{""year"":2025,""month"":10,""searchVolume"":20},{""year"":2025,""month"":9,""searchVolume"":30},{""year"":2025,""month"":8,""searchVolume"":30}]"
concord pacific wiki,2124,en,20,49,,navigational,"[{""year"":2026,""month"":7,""searchVolume"":10},{""year"":2026,""month"":6,""searchVolume"":10},{""year"":2026,""month"":5,""searchVolume"":20},{""year"":2026,""month"":4,""searchVolume"":10},{""year"":2026,""month"":3,""searchVolume"":10},{""year"":2026,""month"":2,""searchVolume"":30},{""year"":2026,""month"":1,""searchVolume"":10},{""year"":2025,""month"":12,""searchVolume"":10},{""year"":2025,""month"":11,""searchVolume"":20},{""year"":2025,""month"":10,""searchVolume"":10},{""year"":2025,""month"":9,""searchVolume"":20},{""year"":2025,""month"":8,""searchVolume"":30}]"
top real estate brokerages in vancouver,2124,en,20,26,,commercial,"[{""year"":2026,""month"":7,""searchVolume"":10},{""year"":2026,""month"":6,""searchVolume"":10},{""year"":2026,""month"":5,""searchVolume"":20},{""year"":2026,""month"":4,""searchVolume"":20},{""year"":2026,""month"":3,""searchVolume"":10},{""year"":2026,""month"":2,""searchVolume"":10},{""year"":2026,""month"":1,""searchVolume"":10},{""year"":2025,""month"":12,""searchVolume"":20},{""year"":2025,""month"":11,""searchVolume"":20},{""year"":2025,""month"":10,""searchVolume"":10},{""year"":2025,""month"":9,""searchVolume"":30},{""year"":2025,""month"":8,""searchVolume"":20}]"
who owns bosa properties,2124,en,20,,,informational,"[{""year"":2026,""month"":7,""searchVolume"":20},{""year"":2026,""month"":6,""searchVolume"":30},{""year"":2026,""month"":5,""searchVolume"":20},{""year"":2026,""month"":4,""searchVolume"":20},{""year"":2026,""month"":3,""searchVolume"":20},{""year"":2026,""month"":2,""searchVolume"":20},{""year"":2026,""month"":1,""searchVolume"":20},{""year"":2025,""month"":12,""searchVolume"":20},{""year"":2025,""month"":11,""searchVolume"":40},{""year"":2025,""month"":10,""searchVolume"":20},{""year"":2025,""month"":9,""searchVolume"":20},{""year"":2025,""month"":8,""searchVolume"":30}]"
bosa properties office,2124,en,20,,,navigational,"[{""year"":2026,""month"":7,""searchVolume"":10},{""year"":2026,""month"":6,""searchVolume"":10},{""year"":2026,""month"":5,""searchVolume"":10},{""year"":2026,""month"":4,""searchVolume"":10},{""year"":2026,""month"":3,""searchVolume"":20},{""year"":2026,""month"":2,""searchVolume"":20},{""year"":2026,""month"":1,""searchVolume"":20},{""year"":2025,""month"":12,""searchVolume"":30},{""year"":2025,""month"":11,""searchVolume"":30},{""year"":2025,""month"":10,""searchVolume"":20},{""year"":2025,""month"":9,""searchVolume"":30},{""year"":2025,""month"":8,""searchVolume"":40}]"
broadview bosa properties,2124,en,20,,0.29,navigational,"[{""year"":2026,""month"":7,""searchVolume"":20},{""year"":2026,""month"":6,""searchVolume"":20},{""year"":2026,""month"":5,""searchVolume"":30},{""year"":2026,""month"":4,""searchVolume"":30},{""year"":2026,""month"":3,""searchVolume"":30},{""year"":2026,""month"":2,""searchVolume"":20},{""year"":2026,""month"":1,""searchVolume"":20},{""year"":2025,""month"":12,""searchVolume"":20},{""year"":2025,""month"":11,""searchVolume"":30},{""year"":2025,""month"":10,""searchVolume"":30},{""year"":2025,""month"":9,""searchVolume"":10},{""year"":2025,""month"":8,""searchVolume"":30}]"
top real estate developers in vancouver,2124,en,10,0,,commercial,"[{""year"":2026,""month"":7,""searchVolume"":10},{""year"":2026,""month"":6,""searchVolume"":10},{""year"":2026,""month"":5,""searchVolume"":10},{""year"":2026,""month"":4,""searchVolume"":10},{""year"":2026,""month"":3,""searchVolume"":10},{""year"":2026,""month"":2,""searchVolume"":10},{""year"":2026,""month"":1,""searchVolume"":10},{""year"":2025,""month"":12,""searchVolume"":10},{""year"":2025,""month"":11,""searchVolume"":10},{""year"":2025,""month"":10,""searchVolume"":10},{""year"":2025,""month"":9,""searchVolume"":10},{""year"":2025,""month"":8,""searchVolume"":10}]"
top 10 real estate developers in canada,2124,en,10,29,,commercial,"[{""year"":2026,""month"":7,""searchVolume"":10},{""year"":2026,""month"":6,""searchVolume"":10},{""year"":2026,""month"":5,""searchVolume"":10},{""year"":2026,""month"":4,""searchVolume"":10},{""year"":2026,""month"":3,""searchVolume"":10},{""year"":2026,""month"":2,""searchVolume"":10},{""year"":2026,""month"":1,""searchVolume"":10},{""year"":2025,""month"":12,""searchVolume"":10},{""year"":2025,""month"":11,""searchVolume"":10},{""year"":2025,""month"":10,""searchVolume"":10},{""year"":2025,""month"":9,""searchVolume"":10},{""year"":2025,""month"":8,""searchVolume"":20}]"
list of vancouver developers,2124,en,10,44,,informational,"[{""year"":2026,""month"":6,""searchVolume"":10},{""year"":2026,""month"":5,""searchVolume"":10},{""year"":2026,""month"":4,""searchVolume"":10},{""year"":2026,""month"":3,""searchVolume"":10},{""year"":2026,""month"":2,""searchVolume"":0},{""year"":2026,""month"":1,""searchVolume"":10},{""year"":2025,""month"":12,""searchVolume"":0},{""year"":2025,""month"":11,""searchVolume"":10},{""year"":2025,""month"":10,""searchVolume"":10},{""year"":2025,""month"":9,""searchVolume"":10},{""year"":2025,""month"":8,""searchVolume"":10},{""year"":2025,""month"":7,""searchVolume"":10}]"
biggest real estate developers in vancouver,2124,en,10,,,informational,"[{""year"":2026,""month"":6,""searchVolume"":10},{""year"":2026,""month"":5,""searchVolume"":10},{""year"":2026,""month"":4,""searchVolume"":0},{""year"":2026,""month"":3,""searchVolume"":10},{""year"":2026,""month"":2,""searchVolume"":10},{""year"":2026,""month"":1,""searchVolume"":10},{""year"":2025,""month"":12,""searchVolume"":10},{""year"":2025,""month"":11,""searchVolume"":10},{""year"":2025,""month"":10,""searchVolume"":10},{""year"":2025,""month"":9,""searchVolume"":10},{""year"":2025,""month"":8,""searchVolume"":10},{""year"":2025,""month"":7,""searchVolume"":10}]"
top real estate developers in ontario,2124,en,10,29,,commercial,"[{""year"":2026,""month"":7,""searchVolume"":10},{""year"":2026,""month"":6,""searchVolume"":0},{""year"":2026,""month"":5,""searchVolume"":10},{""year"":2026,""month"":4,""searchVolume"":10},{""year"":2026,""month"":3,""searchVolume"":10},{""year"":2026,""month"":2,""searchVolume"":10},{""year"":2026,""month"":1,""searchVolume"":10},{""year"":2025,""month"":12,""searchVolume"":0},{""year"":2025,""month"":11,""searchVolume"":10},{""year"":2025,""month"":10,""searchVolume"":10},{""year"":2025,""month"":9,""searchVolume"":10},{""year"":2025,""month"":8,""searchVolume"":10}]"
top real estate developers in toronto,2124,en,10,0,5.55,commercial,"[{""year"":2026,""month"":7,""searchVolume"":10},{""year"":2026,""month"":6,""searchVolume"":10},{""year"":2026,""month"":5,""searchVolume"":10},{""year"":2026,""month"":4,""searchVolume"":10},{""year"":2026,""month"":3,""searchVolume"":10},{""year"":2026,""month"":2,""searchVolume"":10},{""year"":2026,""month"":1,""searchVolume"":10},{""year"":2025,""month"":12,""searchVolume"":10},{""year"":2025,""month"":11,""searchVolume"":10},{""year"":2025,""month"":10,""searchVolume"":20},{""year"":2025,""month"":9,""searchVolume"":20},{""year"":2025,""month"":8,""searchVolume"":20}]"
real estate developers bc,2124,en,10,47,,commercial,"[{""year"":2026,""month"":7,""searchVolume"":10},{""year"":2026,""month"":6,""searchVolume"":10},{""year"":2026,""month"":5,""searchVolume"":10},{""year"":2026,""month"":4,""searchVolume"":10},{""year"":2026,""month"":3,""searchVolume"":10},{""year"":2026,""month"":2,""searchVolume"":20},{""year"":2026,""month"":1,""searchVolume"":20},{""year"":2025,""month"":12,""searchVolume"":10},{""year"":2025,""month"":11,""searchVolume"":10},{""year"":2025,""month"":10,""searchVolume"":10},{""year"":2025,""month"":9,""searchVolume"":10},{""year"":2025,""month"":8,""searchVolume"":10}]"
top real estate developers in canada,2124,en,10,22,,commercial,"[{""year"":2026,""month"":7,""searchVolume"":10},{""year"":2026,""month"":6,""searchVolume"":10},{""year"":2026,""month"":5,""searchVolume"":10},{""year"":2026,""month"":4,""searchVolume"":10},{""year"":2026,""month"":3,""searchVolume"":10},{""year"":2026,""month"":2,""searchVolume"":10},{""year"":2026,""month"":1,""searchVolume"":10},{""year"":2025,""month"":12,""searchVolume"":10},{""year"":2025,""month"":11,""searchVolume"":10},{""year"":2025,""month"":10,""searchVolume"":10},{""year"":2025,""month"":9,""searchVolume"":10},{""year"":2025,""month"":8,""searchVolume"":10}]"
biggest real estate developers in canada,2124,en,10,,,commercial,"[{""year"":2026,""month"":7,""searchVolume"":10},{""year"":2026,""month"":6,""searchVolume"":10},{""year"":2026,""month"":5,""searchVolume"":10},{""year"":2026,""month"":4,""searchVolume"":10},{""year"":2026,""month"":3,""searchVolume"":10},{""year"":2026,""month"":2,""searchVolume"":10},{""year"":2026,""month"":1,""searchVolume"":20},{""year"":2025,""month"":12,""searchVolume"":10},{""year"":2025,""month"":11,""searchVolume"":10},{""year"":2025,""month"":10,""searchVolume"":10},{""year"":2025,""month"":9,""searchVolume"":20},{""year"":2025,""month"":8,""searchVolume"":20}]"
bad builders vancouver,2124,en,10,,,commercial,"[{""year"":2026,""month"":6,""searchVolume"":0},{""year"":2026,""month"":5,""searchVolume"":0},{""year"":2026,""month"":4,""searchVolume"":0},{""year"":2026,""month"":3,""searchVolume"":0},{""year"":2026,""month"":2,""searchVolume"":0},{""year"":2026,""month"":1,""searchVolume"":10},{""year"":2025,""month"":12,""searchVolume"":0},{""year"":2025,""month"":11,""searchVolume"":0},{""year"":2025,""month"":10,""searchVolume"":0},{""year"":2025,""month"":9,""searchVolume"":10},{""year"":2025,""month"":8,""searchVolume"":0},{""year"":2025,""month"":7,""searchVolume"":0}]"
bosa development reviews,2124,en,10,,,informational,"[{""year"":2026,""month"":7,""searchVolume"":10},{""year"":2026,""month"":6,""searchVolume"":10},{""year"":2026,""month"":5,""searchVolume"":10},{""year"":2026,""month"":4,""searchVolume"":10},{""year"":2026,""month"":3,""searchVolume"":10},{""year"":2026,""month"":2,""searchVolume"":10},{""year"":2026,""month"":1,""searchVolume"":10},{""year"":2025,""month"":12,""searchVolume"":10},{""year"":2025,""month"":11,""searchVolume"":10},{""year"":2025,""month"":10,""searchVolume"":10},{""year"":2025,""month"":9,""searchVolume"":10},{""year"":2025,""month"":8,""searchVolume"":10}]"
real estate development companies in canada,2124,en,10,49,,commercial,"[{""year"":2026,""month"":6,""searchVolume"":10},{""year"":2026,""month"":5,""searchVolume"":10},{""year"":2026,""month"":4,""searchVolume"":10},{""year"":2026,""month"":3,""searchVolume"":10},{""year"":2026,""month"":2,""searchVolume"":10},{""year"":2026,""month"":1,""searchVolume"":10},{""year"":2025,""month"":12,""searchVolume"":10},{""year"":2025,""month"":11,""searchVolume"":10},{""year"":2025,""month"":10,""searchVolume"":10},{""year"":2025,""month"":9,""searchVolume"":10},{""year"":2025,""month"":8,""searchVolume"":10},{""year"":2025,""month"":7,""searchVolume"":10}]"
top real estate development companies,2124,en,10,,,commercial,"[{""year"":2026,""month"":7,""searchVolume"":10},{""year"":2026,""month"":6,""searchVolume"":0},{""year"":2026,""month"":5,""searchVolume"":10},{""year"":2026,""month"":4,""searchVolume"":10},{""year"":2026,""month"":3,""searchVolume"":10},{""year"":2026,""month"":2,""searchVolume"":0},{""year"":2026,""month"":1,""searchVolume"":10},{""year"":2025,""month"":12,""searchVolume"":10},{""year"":2025,""month"":11,""searchVolume"":10},{""year"":2025,""month"":10,""searchVolume"":10},{""year"":2025,""month"":9,""searchVolume"":0},{""year"":2025,""month"":8,""searchVolume"":10}]"
list of real estate development companies,2124,en,10,,,informational,"[{""year"":2026,""month"":7,""searchVolume"":0},{""year"":2026,""month"":6,""searchVolume"":10},{""year"":2026,""month"":5,""searchVolume"":0},{""year"":2026,""month"":4,""searchVolume"":0},{""year"":2026,""month"":3,""searchVolume"":0},{""year"":2026,""month"":2,""searchVolume"":0},{""year"":2026,""month"":1,""searchVolume"":10},{""year"":2025,""month"":12,""searchVolume"":0},{""year"":2025,""month"":11,""searchVolume"":0},{""year"":2025,""month"":10,""searchVolume"":0},{""year"":2025,""month"":9,""searchVolume"":0},{""year"":2025,""month"":8,""searchVolume"":0}]"
enso group developments inc,2124,en,10,,,navigational,"[{""year"":2026,""month"":7,""searchVolume"":10},{""year"":2026,""month"":6,""searchVolume"":10},{""year"":2026,""month"":5,""searchVolume"":10},{""year"":2026,""month"":4,""searchVolume"":10},{""year"":2026,""month"":3,""searchVolume"":10},{""year"":2026,""month"":2,""searchVolume"":10},{""year"":2026,""month"":1,""searchVolume"":10},{""year"":2025,""month"":12,""searchVolume"":30},{""year"":2025,""month"":11,""searchVolume"":10},{""year"":2025,""month"":10,""searchVolume"":10},{""year"":2025,""month"":9,""searchVolume"":10},{""year"":2025,""month"":8,""searchVolume"":10}]"
best real estate brokerage to work for in vancouver,2124,en,10,44,,commercial,"[{""year"":2026,""month"":7,""searchVolume"":10},{""year"":2026,""month"":6,""searchVolume"":0},{""year"":2026,""month"":5,""searchVolume"":0},{""year"":2026,""month"":4,""searchVolume"":10},{""year"":2026,""month"":3,""searchVolume"":10},{""year"":2026,""month"":2,""searchVolume"":10},{""year"":2026,""month"":1,""searchVolume"":10},{""year"":2025,""month"":12,""searchVolume"":0},{""year"":2025,""month"":11,""searchVolume"":0},{""year"":2025,""month"":10,""searchVolume"":0},{""year"":2025,""month"":9,""searchVolume"":0},{""year"":2025,""month"":8,""searchVolume"":0}]"
list of real estate companies in vancouver,2124,en,10,,,commercial,"[{""year"":2026,""month"":7,""searchVolume"":0},{""year"":2026,""month"":6,""searchVolume"":10},{""year"":2026,""month"":5,""searchVolume"":10},{""year"":2026,""month"":4,""searchVolume"":10},{""year"":2026,""month"":3,""searchVolume"":10},{""year"":2026,""month"":2,""searchVolume"":10},{""year"":2026,""month"":1,""searchVolume"":10},{""year"":2025,""month"":12,""searchVolume"":10},{""year"":2025,""month"":11,""searchVolume"":10},{""year"":2025,""month"":10,""searchVolume"":10},{""year"":2025,""month"":9,""searchVolume"":10},{""year"":2025,""month"":8,""searchVolume"":10}]"
top 20 condo developers in toronto,2124,en,10,0,,commercial,"[{""year"":2026,""month"":7,""searchVolume"":10},{""year"":2026,""month"":6,""searchVolume"":10},{""year"":2026,""month"":5,""searchVolume"":10},{""year"":2026,""month"":4,""searchVolume"":10},{""year"":2026,""month"":3,""searchVolume"":20},{""year"":2026,""month"":2,""searchVolume"":10},{""year"":2026,""month"":1,""searchVolume"":10},{""year"":2025,""month"":12,""searchVolume"":10},{""year"":2025,""month"":11,""searchVolume"":20},{""year"":2025,""month"":10,""searchVolume"":20},{""year"":2025,""month"":9,""searchVolume"":10},{""year"":2025,""month"":8,""searchVolume"":10}]"
top 10 condo developers in toronto,2124,en,10,,,commercial,"[{""year"":2026,""month"":7,""searchVolume"":0},{""year"":2026,""month"":6,""searchVolume"":10},{""year"":2026,""month"":5,""searchVolume"":10},{""year"":2026,""month"":4,""searchVolume"":10},{""year"":2026,""month"":3,""searchVolume"":10},{""year"":2026,""month"":2,""searchVolume"":10},{""year"":2026,""month"":1,""searchVolume"":0},{""year"":2025,""month"":12,""searchVolume"":0},{""year"":2025,""month"":11,""searchVolume"":10},{""year"":2025,""month"":10,""searchVolume"":0},{""year"":2025,""month"":9,""searchVolume"":0},{""year"":2025,""month"":8,""searchVolume"":10}]"
worst condo developers toronto,2124,en,10,22,,commercial,"[{""year"":2026,""month"":7,""searchVolume"":10},{""year"":2026,""month"":6,""searchVolume"":10},{""year"":2026,""month"":5,""searchVolume"":10},{""year"":2026,""month"":4,""searchVolume"":10},{""year"":2026,""month"":3,""searchVolume"":10},{""year"":2026,""month"":2,""searchVolume"":10},{""year"":2026,""month"":1,""searchVolume"":10},{""year"":2025,""month"":12,""searchVolume"":10},{""year"":2025,""month"":11,""searchVolume"":10},{""year"":2025,""month"":10,""searchVolume"":10},{""year"":2025,""month"":9,""searchVolume"":10},{""year"":2025,""month"":8,""searchVolume"":10}]"
commercial developers toronto,2124,en,10,,,commercial,"[{""year"":2026,""month"":7,""searchVolume"":10},{""year"":2026,""month"":6,""searchVolume"":10},{""year"":2026,""month"":5,""searchVolume"":10},{""year"":2026,""month"":4,""searchVolume"":10},{""year"":2026,""month"":3,""searchVolume"":10},{""year"":2026,""month"":2,""searchVolume"":10},{""year"":2026,""month"":1,""searchVolume"":10},{""year"":2025,""month"":12,""searchVolume"":10},{""year"":2025,""month"":11,""searchVolume"":10},{""year"":2025,""month"":10,""searchVolume"":10},{""year"":2025,""month"":9,""searchVolume"":10},{""year"":2025,""month"":8,""searchVolume"":10}]"
real estate developer salary toronto,2124,en,10,,,informational,"[{""year"":2026,""month"":7,""searchVolume"":10},{""year"":2026,""month"":6,""searchVolume"":10},{""year"":2026,""month"":5,""searchVolume"":10},{""year"":2026,""month"":4,""searchVolume"":10},{""year"":2026,""month"":3,""searchVolume"":10},{""year"":2026,""month"":2,""searchVolume"":10},{""year"":2026,""month"":1,""searchVolume"":10},{""year"":2025,""month"":12,""searchVolume"":10},{""year"":2025,""month"":11,""searchVolume"":10},{""year"":2025,""month"":10,""searchVolume"":10},{""year"":2025,""month"":9,""searchVolume"":0},{""year"":2025,""month"":8,""searchVolume"":10}]"
real estate developer salary per month,2124,en,10,,,informational,"[{""year"":2026,""month"":6,""searchVolume"":10},{""year"":2026,""month"":5,""searchVolume"":10},{""year"":2026,""month"":4,""searchVolume"":0},{""year"":2026,""month"":3,""searchVolume"":0},{""year"":2026,""month"":2,""searchVolume"":0},{""year"":2026,""month"":1,""searchVolume"":0},{""year"":2025,""month"":12,""searchVolume"":10},{""year"":2025,""month"":11,""searchVolume"":10},{""year"":2025,""month"":10,""searchVolume"":10},{""year"":2025,""month"":9,""searchVolume"":10},{""year"":2025,""month"":8,""searchVolume"":0},{""year"":2025,""month"":7,""searchVolume"":0}]"
real estate developer salary reddit,2124,en,10,,,informational,"[{""year"":2026,""month"":7,""searchVolume"":10},{""year"":2026,""month"":6,""searchVolume"":0},{""year"":2026,""month"":5,""searchVolume"":0},{""year"":2026,""month"":4,""searchVolume"":10},{""year"":2026,""month"":3,""searchVolume"":10},{""year"":2026,""month"":2,""searchVolume"":0},{""year"":2026,""month"":1,""searchVolume"":0},{""year"":2025,""month"":12,""searchVolume"":0},{""year"":2025,""month"":11,""searchVolume"":10},{""year"":2025,""month"":10,""searchVolume"":10},{""year"":2025,""month"":9,""searchVolume"":10},{""year"":2025,""month"":8,""searchVolume"":0}]"
top 100 real estate companies in canada,2124,en,10,,,commercial,"[{""year"":2026,""month"":7,""searchVolume"":10},{""year"":2026,""month"":6,""searchVolume"":10},{""year"":2026,""month"":5,""searchVolume"":10},{""year"":2026,""month"":4,""searchVolume"":10},{""year"":2026,""month"":3,""searchVolume"":10},{""year"":2026,""month"":2,""searchVolume"":10},{""year"":2026,""month"":1,""searchVolume"":10},{""year"":2025,""month"":12,""searchVolume"":10},{""year"":2025,""month"":11,""searchVolume"":10},{""year"":2025,""month"":10,""searchVolume"":10},{""year"":2025,""month"":9,""searchVolume"":10},{""year"":2025,""month"":8,""searchVolume"":10}]"
largest commercial real estate companies in canada,2124,en,10,44,1.77,commercial,"[{""year"":2026,""month"":7,""searchVolume"":10},{""year"":2026,""month"":6,""searchVolume"":10},{""year"":2026,""month"":5,""searchVolume"":20},{""year"":2026,""month"":4,""searchVolume"":10},{""year"":2026,""month"":3,""searchVolume"":20},{""year"":2026,""month"":2,""searchVolume"":20},{""year"":2026,""month"":1,""searchVolume"":10},{""year"":2025,""month"":12,""searchVolume"":10},{""year"":2025,""month"":11,""searchVolume"":10},{""year"":2025,""month"":10,""searchVolume"":20},{""year"":2025,""month"":9,""searchVolume"":10},{""year"":2025,""month"":8,""searchVolume"":10}]"
largest real estate brokerages in canada,2124,en,10,43,,commercial,"[{""year"":2026,""month"":7,""searchVolume"":10},{""year"":2026,""month"":6,""searchVolume"":10},{""year"":2026,""month"":5,""searchVolume"":10},{""year"":2026,""month"":4,""searchVolume"":10},{""year"":2026,""month"":3,""searchVolume"":20},{""year"":2026,""month"":2,""searchVolume"":10},{""year"":2026,""month"":1,""searchVolume"":10},{""year"":2025,""month"":12,""searchVolume"":10},{""year"":2025,""month"":11,""searchVolume"":10},{""year"":2025,""month"":10,""searchVolume"":10},{""year"":2025,""month"":9,""searchVolume"":10},{""year"":2025,""month"":8,""searchVolume"":20}]"
top real estate companies in ontario,2124,en,10,,,commercial,"[{""year"":2026,""month"":7,""searchVolume"":10},{""year"":2026,""month"":6,""searchVolume"":10},{""year"":2026,""month"":5,""searchVolume"":10},{""year"":2026,""month"":4,""searchVolume"":10},{""year"":2026,""month"":3,""searchVolume"":10},{""year"":2026,""month"":2,""searchVolume"":10},{""year"":2026,""month"":1,""searchVolume"":10},{""year"":2025,""month"":12,""searchVolume"":10},{""year"":2025,""month"":11,""searchVolume"":10},{""year"":2025,""month"":10,""searchVolume"":10},{""year"":2025,""month"":9,""searchVolume"":10},{""year"":2025,""month"":8,""searchVolume"":20}]"
biggest real estate companies toronto,2124,en,10,,,commercial,"[{""year"":2026,""month"":7,""searchVolume"":10},{""year"":2026,""month"":6,""searchVolume"":10},{""year"":2026,""month"":5,""searchVolume"":10},{""year"":2026,""month"":4,""searchVolume"":0},{""year"":2026,""month"":3,""searchVolume"":10},{""year"":2026,""month"":2,""searchVolume"":10},{""year"":2026,""month"":1,""searchVolume"":10},{""year"":2025,""month"":12,""searchVolume"":10},{""year"":2025,""month"":11,""searchVolume"":10},{""year"":2025,""month"":10,""searchVolume"":10},{""year"":2025,""month"":9,""searchVolume"":10},{""year"":2025,""month"":8,""searchVolume"":10}]"
vancouver real estate developer bankruptcies,2124,en,10,,,informational,"[{""year"":2026,""month"":7,""searchVolume"":10},{""year"":2026,""month"":6,""searchVolume"":10},{""year"":2026,""month"":5,""searchVolume"":10},{""year"":2026,""month"":4,""searchVolume"":10},{""year"":2026,""month"":3,""searchVolume"":10},{""year"":2026,""month"":2,""searchVolume"":10},{""year"":2026,""month"":1,""searchVolume"":10},{""year"":2025,""month"":12,""searchVolume"":10},{""year"":2025,""month"":11,""searchVolume"":10},{""year"":2025,""month"":10,""searchVolume"":10},{""year"":2025,""month"":9,""searchVolume"":10},{""year"":2025,""month"":8,""searchVolume"":10}]"
bosa family vancouver net worth,2124,en,10,39,,informational,"[{""year"":2026,""month"":7,""searchVolume"":10},{""year"":2026,""month"":6,""searchVolume"":10},{""year"":2026,""month"":5,""searchVolume"":10},{""year"":2026,""month"":4,""searchVolume"":10},{""year"":2026,""month"":3,""searchVolume"":10},{""year"":2026,""month"":2,""searchVolume"":10},{""year"":2026,""month"":1,""searchVolume"":20},{""year"":2025,""month"":12,""searchVolume"":10},{""year"":2025,""month"":11,""searchVolume"":20},{""year"":2025,""month"":10,""searchVolume"":20},{""year"":2025,""month"":9,""searchVolume"":20},{""year"":2025,""month"":8,""searchVolume"":10}]"
bosa construction owner,2124,en,10,,,navigational,"[{""year"":2026,""month"":6,""searchVolume"":10},{""year"":2026,""month"":5,""searchVolume"":10},{""year"":2026,""month"":4,""searchVolume"":10},{""year"":2026,""month"":3,""searchVolume"":10},{""year"":2026,""month"":2,""searchVolume"":10},{""year"":2026,""month"":1,""searchVolume"":10},{""year"":2025,""month"":12,""searchVolume"":10},{""year"":2025,""month"":11,""searchVolume"":10},{""year"":2025,""month"":10,""searchVolume"":10},{""year"":2025,""month"":9,""searchVolume"":10},{""year"":2025,""month"":8,""searchVolume"":10},{""year"":2025,""month"":7,""searchVolume"":10}]"
bosa construction careers,2124,en,10,,,navigational,"[{""year"":2026,""month"":7,""searchVolume"":10},{""year"":2026,""month"":6,""searchVolume"":10},{""year"":2026,""month"":5,""searchVolume"":10},{""year"":2026,""month"":4,""searchVolume"":10},{""year"":2026,""month"":3,""searchVolume"":10},{""year"":2026,""month"":2,""searchVolume"":10},{""year"":2026,""month"":1,""searchVolume"":10},{""year"":2025,""month"":12,""searchVolume"":0},{""year"":2025,""month"":11,""searchVolume"":10},{""year"":2025,""month"":10,""searchVolume"":0},{""year"":2025,""month"":9,""searchVolume"":10},{""year"":2025,""month"":8,""searchVolume"":10}]"
bosa construction industrial,2124,en,10,,,navigational,"[{""year"":2026,""month"":7,""searchVolume"":0},{""year"":2026,""month"":6,""searchVolume"":0},{""year"":2026,""month"":5,""searchVolume"":0},{""year"":2026,""month"":4,""searchVolume"":0},{""year"":2026,""month"":3,""searchVolume"":0},{""year"":2026,""month"":2,""searchVolume"":0},{""year"":2026,""month"":1,""searchVolume"":10},{""year"":2025,""month"":12,""searchVolume"":0},{""year"":2025,""month"":11,""searchVolume"":0},{""year"":2025,""month"":10,""searchVolume"":0},{""year"":2025,""month"":9,""searchVolume"":10},{""year"":2025,""month"":8,""searchVolume"":0}]"
bosa properties for sale,2124,en,10,42,2.46,transactional,"[{""year"":2026,""month"":6,""searchVolume"":20},{""year"":2026,""month"":5,""searchVolume"":10},{""year"":2026,""month"":4,""searchVolume"":20},{""year"":2026,""month"":3,""searchVolume"":10},{""year"":2026,""month"":2,""searchVolume"":20},{""year"":2026,""month"":1,""searchVolume"":20},{""year"":2025,""month"":12,""searchVolume"":10},{""year"":2025,""month"":11,""searchVolume"":20},{""year"":2025,""month"":10,""searchVolume"":20},{""year"":2025,""month"":9,""searchVolume"":20},{""year"":2025,""month"":8,""searchVolume"":10},{""year"":2025,""month"":7,""searchVolume"":10}]"
top condo developers in vancouver,2124,en,,,,commercial,"[{""year"":2026,""month"":5,""searchVolume"":0},{""year"":2026,""month"":4,""searchVolume"":0},{""year"":2026,""month"":3,""searchVolume"":0},{""year"":2026,""month"":2,""searchVolume"":0},{""year"":2026,""month"":1,""searchVolume"":0},{""year"":2025,""month"":12,""searchVolume"":0},{""year"":2025,""month"":11,""searchVolume"":0},{""year"":2025,""month"":10,""searchVolume"":0},{""year"":2025,""month"":9,""searchVolume"":0},{""year"":2025,""month"":8,""searchVolume"":0},{""year"":2025,""month"":7,""searchVolume"":0},{""year"":2025,""month"":6,""searchVolume"":0}]"
largest industrial developers in canada,2124,en,,,,informational,"[{""year"":2026,""month"":5,""searchVolume"":0},{""year"":2026,""month"":4,""searchVolume"":0},{""year"":2026,""month"":3,""searchVolume"":0},{""year"":2026,""month"":2,""searchVolume"":0},{""year"":2026,""month"":1,""searchVolume"":0},{""year"":2025,""month"":12,""searchVolume"":0},{""year"":2025,""month"":11,""searchVolume"":0},{""year"":2025,""month"":10,""searchVolume"":0},{""year"":2025,""month"":9,""searchVolume"":0},{""year"":2025,""month"":8,""searchVolume"":0},{""year"":2025,""month"":7,""searchVolume"":0},{""year"":2025,""month"":6,""searchVolume"":0}]"
vancouver developers reddit,2124,en,,,,navigational,"[{""year"":2026,""month"":5,""searchVolume"":0},{""year"":2026,""month"":4,""searchVolume"":0},{""year"":2026,""month"":3,""searchVolume"":0},{""year"":2026,""month"":2,""searchVolume"":0},{""year"":2026,""month"":1,""searchVolume"":0},{""year"":2025,""month"":12,""searchVolume"":0},{""year"":2025,""month"":11,""searchVolume"":0},{""year"":2025,""month"":10,""searchVolume"":0},{""year"":2025,""month"":9,""searchVolume"":0},{""year"":2025,""month"":8,""searchVolume"":0},{""year"":2025,""month"":7,""searchVolume"":0},{""year"":2025,""month"":6,""searchVolume"":0}]"
onni group employees,2124,en,,,,navigational,"[{""year"":2026,""month"":5,""searchVolume"":0},{""year"":2026,""month"":4,""searchVolume"":0},{""year"":2026,""month"":3,""searchVolume"":0},{""year"":2026,""month"":2,""searchVolume"":0},{""year"":2026,""month"":1,""searchVolume"":0},{""year"":2025,""month"":12,""searchVolume"":0},{""year"":2025,""month"":11,""searchVolume"":0},{""year"":2025,""month"":10,""searchVolume"":0},{""year"":2025,""month"":9,""searchVolume"":0},{""year"":2025,""month"":8,""searchVolume"":0},{""year"":2025,""month"":7,""searchVolume"":0},{""year"":2025,""month"":6,""searchVolume"":0}]"
top real estate developers in ottawa,2124,en,,,,commercial,"[{""year"":2026,""month"":5,""searchVolume"":0},{""year"":2026,""month"":4,""searchVolume"":0},{""year"":2026,""month"":3,""searchVolume"":0},{""year"":2026,""month"":2,""searchVolume"":0},{""year"":2026,""month"":1,""searchVolume"":0},{""year"":2025,""month"":12,""searchVolume"":0},{""year"":2025,""month"":11,""searchVolume"":0},{""year"":2025,""month"":10,""searchVolume"":0},{""year"":2025,""month"":9,""searchVolume"":0},{""year"":2025,""month"":8,""searchVolume"":0},{""year"":2025,""month"":7,""searchVolume"":0},{""year"":2025,""month"":6,""searchVolume"":0}]"
top real estate developers in montreal,2124,en,,,,commercial,"[{""year"":2026,""month"":5,""searchVolume"":0},{""year"":2026,""month"":4,""searchVolume"":0},{""year"":2026,""month"":3,""searchVolume"":0},{""year"":2026,""month"":2,""searchVolume"":0},{""year"":2026,""month"":1,""searchVolume"":0},{""year"":2025,""month"":12,""searchVolume"":0},{""year"":2025,""month"":11,""searchVolume"":0},{""year"":2025,""month"":10,""searchVolume"":0},{""year"":2025,""month"":9,""searchVolume"":0},{""year"":2025,""month"":8,""searchVolume"":0},{""year"":2025,""month"":7,""searchVolume"":0},{""year"":2025,""month"":6,""searchVolume"":0}]"
best condo developers in toronto reddit,2124,en,,,,commercial,"[{""year"":2026,""month"":5,""searchVolume"":0},{""year"":2026,""month"":4,""searchVolume"":0},{""year"":2026,""month"":3,""searchVolume"":0},{""year"":2026,""month"":2,""searchVolume"":0},{""year"":2026,""month"":1,""searchVolume"":0},{""year"":2025,""month"":12,""searchVolume"":0},{""year"":2025,""month"":11,""searchVolume"":0},{""year"":2025,""month"":10,""searchVolume"":0},{""year"":2025,""month"":9,""searchVolume"":0},{""year"":2025,""month"":8,""searchVolume"":0},{""year"":2025,""month"":7,""searchVolume"":0},{""year"":2025,""month"":6,""searchVolume"":0}]"
top 20 real estate companies in canada,2124,en,,,,commercial,"[{""year"":2026,""month"":5,""searchVolume"":0},{""year"":2026,""month"":4,""searchVolume"":0},{""year"":2026,""month"":3,""searchVolume"":0},{""year"":2026,""month"":2,""searchVolume"":0},{""year"":2026,""month"":1,""searchVolume"":0},{""year"":2025,""month"":12,""searchVolume"":0},{""year"":2025,""month"":11,""searchVolume"":0},{""year"":2025,""month"":10,""searchVolume"":0},{""year"":2025,""month"":9,""searchVolume"":0},{""year"":2025,""month"":8,""searchVolume"":0},{""year"":2025,""month"":7,""searchVolume"":0},{""year"":2025,""month"":6,""searchVolume"":0}]"
bosa development vs bosa properties reddit,2124,en,,,,informational,"[{""year"":2026,""month"":5,""searchVolume"":0},{""year"":2026,""month"":4,""searchVolume"":0},{""year"":2026,""month"":3,""searchVolume"":0},{""year"":2026,""month"":2,""searchVolume"":0},{""year"":2026,""month"":1,""searchVolume"":0},{""year"":2025,""month"":12,""searchVolume"":0},{""year"":2025,""month"":11,""searchVolume"":0},{""year"":2025,""month"":10,""searchVolume"":0},{""year"":2025,""month"":9,""searchVolume"":0},{""year"":2025,""month"":8,""searchVolume"":0},{""year"":2025,""month"":7,""searchVolume"":0},{""year"":2025,""month"":6,""searchVolume"":0}]"
bosa construction projects,2124,en,,,,navigational,"[{""year"":2026,""month"":5,""searchVolume"":0},{""year"":2026,""month"":4,""searchVolume"":0},{""year"":2026,""month"":3,""searchVolume"":0},{""year"":2026,""month"":2,""searchVolume"":0},{""year"":2026,""month"":1,""searchVolume"":0},{""year"":2025,""month"":12,""searchVolume"":0},{""year"":2025,""month"":11,""searchVolume"":0},{""year"":2025,""month"":10,""searchVolume"":0},{""year"":2025,""month"":9,""searchVolume"":0},{""year"":2025,""month"":8,""searchVolume"":0},{""year"":2025,""month"":7,""searchVolume"":0},{""year"":2025,""month"":6,""searchVolume"":0}]"
apartments for rent vancouver,2124,en,18100,27,0.55,commercial,"[{""year"":2026,""month"":7,""searchVolume"":18100},{""year"":2026,""month"":6,""searchVolume"":18100},{""year"":2026,""month"":5,""searchVolume"":18100},{""year"":2026,""month"":4,""searchVolume"":18100},{""year"":2026,""month"":3,""searchVolume"":22200},{""year"":2026,""month"":2,""searchVolume"":18100},{""year"":2026,""month"":1,""searchVolume"":18100},{""year"":2025,""month"":12,""searchVolume"":14800},{""year"":2025,""month"":11,""searchVolume"":14800},{""year"":2025,""month"":10,""searchVolume"":14800},{""year"":2025,""month"":9,""searchVolume"":14800},{""year"":2025,""month"":8,""searchVolume"":18100}]"
apartments vancouver,2124,en,1900,27,0.72,commercial,"[{""year"":2026,""month"":7,""searchVolume"":1900},{""year"":2026,""month"":6,""searchVolume"":2400},{""year"":2026,""month"":5,""searchVolume"":1900},{""year"":2026,""month"":4,""searchVolume"":1900},{""year"":2026,""month"":3,""searchVolume"":2400},{""year"":2026,""month"":2,""searchVolume"":1900},{""year"":2026,""month"":1,""searchVolume"":2400},{""year"":2025,""month"":12,""searchVolume"":1600},{""year"":2025,""month"":11,""searchVolume"":1900},{""year"":2025,""month"":10,""searchVolume"":1600},{""year"":2025,""month"":9,""searchVolume"":1600},{""year"":2025,""month"":8,""searchVolume"":1900}]"
zillow vancouver,2124,en,1900,0,1.17,navigational,"[{""year"":2026,""month"":7,""searchVolume"":2400},{""year"":2026,""month"":6,""searchVolume"":2400},{""year"":2026,""month"":5,""searchVolume"":2400},{""year"":2026,""month"":4,""searchVolume"":1900},{""year"":2026,""month"":3,""searchVolume"":1900},{""year"":2026,""month"":2,""searchVolume"":1900},{""year"":2026,""month"":1,""searchVolume"":1900},{""year"":2025,""month"":12,""searchVolume"":1600},{""year"":2025,""month"":11,""searchVolume"":1600},{""year"":2025,""month"":10,""searchVolume"":1900},{""year"":2025,""month"":9,""searchVolume"":1900},{""year"":2025,""month"":8,""searchVolume"":1900}]"
apartments for sale vancouver,2124,en,4400,0,1.28,commercial,"[{""year"":2026,""month"":7,""searchVolume"":4400},{""year"":2026,""month"":6,""searchVolume"":4400},{""year"":2026,""month"":5,""searchVolume"":4400},{""year"":2026,""month"":4,""searchVolume"":4400},{""year"":2026,""month"":3,""searchVolume"":5400},{""year"":2026,""month"":2,""searchVolume"":5400},{""year"":2026,""month"":1,""searchVolume"":5400},{""year"":2025,""month"":12,""searchVolume"":4400},{""year"":2025,""month"":11,""searchVolume"":4400},{""year"":2025,""month"":10,""searchVolume"":4400},{""year"":2025,""month"":9,""searchVolume"":4400},{""year"":2025,""month"":8,""searchVolume"":5400}]"
vancouver apartments,2124,en,2900,9,0.68,commercial,"[{""year"":2026,""month"":7,""searchVolume"":2900},{""year"":2026,""month"":6,""searchVolume"":2900},{""year"":2026,""month"":5,""searchVolume"":2900},{""year"":2026,""month"":4,""searchVolume"":2900},{""year"":2026,""month"":3,""searchVolume"":2900},{""year"":2026,""month"":2,""searchVolume"":2400},{""year"":2026,""month"":1,""searchVolume"":3600},{""year"":2025,""month"":12,""searchVolume"":1900},{""year"":2025,""month"":11,""searchVolume"":2400},{""year"":2025,""month"":10,""searchVolume"":2400},{""year"":2025,""month"":9,""searchVolume"":2900},{""year"":2025,""month"":8,""searchVolume"":2900}]"
condominium development,2124,en,880,4,0.95,commercial,"[{""year"":2026,""month"":6,""searchVolume"":1000},{""year"":2026,""month"":5,""searchVolume"":8100},{""year"":2026,""month"":4,""searchVolume"":20},{""year"":2026,""month"":3,""searchVolume"":50},{""year"":2026,""month"":2,""searchVolume"":30},{""year"":2026,""month"":1,""searchVolume"":20},{""year"":2025,""month"":12,""searchVolume"":10},{""year"":2025,""month"":11,""searchVolume"":20},{""year"":2025,""month"":10,""searchVolume"":10},{""year"":2025,""month"":9,""searchVolume"":20},{""year"":2025,""month"":8,""searchVolume"":10},{""year"":2025,""month"":7,""searchVolume"":10}]"
vancouver condo for rent,2124,en,1900,0,0.63,commercial,"[{""year"":2026,""month"":6,""searchVolume"":1900},{""year"":2026,""month"":5,""searchVolume"":1900},{""year"":2026,""month"":4,""searchVolume"":1900},{""year"":2026,""month"":3,""searchVolume"":1900},{""year"":2026,""month"":2,""searchVolume"":1600},{""year"":2026,""month"":1,""searchVolume"":1900},{""year"":2025,""month"":12,""searchVolume"":1600},{""year"":2025,""month"":11,""searchVolume"":1600},{""year"":2025,""month"":10,""searchVolume"":1600},{""year"":2025,""month"":9,""searchVolume"":1900},{""year"":2025,""month"":8,""searchVolume"":1900},{""year"":2025,""month"":7,""searchVolume"":2400}]"
vancouver accommodation,2124,en,1600,13,3.26,commercial,"[{""year"":2026,""month"":7,""searchVolume"":1900},{""year"":2026,""month"":6,""searchVolume"":1900},{""year"":2026,""month"":5,""searchVolume"":1900},{""year"":2026,""month"":4,""searchVolume"":1900},{""year"":2026,""month"":3,""searchVolume"":1900},{""year"":2026,""month"":2,""searchVolume"":1600},{""year"":2026,""month"":1,""searchVolume"":1600},{""year"":2025,""month"":12,""searchVolume"":1000},{""year"":2025,""month"":11,""searchVolume"":1000},{""year"":2025,""month"":10,""searchVolume"":1300},{""year"":2025,""month"":9,""searchVolume"":1900},{""year"":2025,""month"":8,""searchVolume"":2400}]"
living space vancouver,2124,en,2400,19,,navigational,"[{""year"":2026,""month"":7,""searchVolume"":1900},{""year"":2026,""month"":6,""searchVolume"":1900},{""year"":2026,""month"":5,""searchVolume"":2400},{""year"":2026,""month"":4,""searchVolume"":1900},{""year"":2026,""month"":3,""searchVolume"":2400},{""year"":2026,""month"":2,""searchVolume"":2400},{""year"":2026,""month"":1,""searchVolume"":2400},{""year"":2025,""month"":12,""searchVolume"":2400},{""year"":2025,""month"":11,""searchVolume"":3600},{""year"":2025,""month"":10,""searchVolume"":1900},{""year"":2025,""month"":9,""searchVolume"":2400},{""year"":2025,""month"":8,""searchVolume"":2400}]"
apartments for rent north vancouver,2124,en,2400,0,0.92,commercial,"[{""year"":2026,""month"":6,""searchVolume"":2400},{""year"":2026,""month"":5,""searchVolume"":2900},{""year"":2026,""month"":4,""searchVolume"":2900},{""year"":2026,""month"":3,""searchVolume"":2900},{""year"":2026,""month"":2,""searchVolume"":2400},{""year"":2026,""month"":1,""searchVolume"":2900},{""year"":2025,""month"":12,""searchVolume"":1900},{""year"":2025,""month"":11,""searchVolume"":1900},{""year"":2025,""month"":10,""searchVolume"":2400},{""year"":2025,""month"":9,""searchVolume"":2900},{""year"":2025,""month"":8,""searchVolume"":2900},{""year"":2025,""month"":7,""searchVolume"":2400}]"
multi-family homes,2124,en,390,0,2.24,commercial,"[{""year"":2026,""month"":7,""searchVolume"":320},{""year"":2026,""month"":6,""searchVolume"":320},{""year"":2026,""month"":5,""searchVolume"":390},{""year"":2026,""month"":4,""searchVolume"":590},{""year"":2026,""month"":3,""searchVolume"":480},{""year"":2026,""month"":2,""searchVolume"":390},{""year"":2026,""month"":1,""searchVolume"":480},{""year"":2025,""month"":12,""searchVolume"":320},{""year"":2025,""month"":11,""searchVolume"":320},{""year"":2025,""month"":10,""searchVolume"":480},{""year"":2025,""month"":9,""searchVolume"":590},{""year"":2025,""month"":8,""searchVolume"":320}]"
penthouse vancouver,2124,en,1900,0,1.62,navigational,"[{""year"":2026,""month"":7,""searchVolume"":1300},{""year"":2026,""month"":6,""searchVolume"":1900},{""year"":2026,""month"":5,""searchVolume"":1900},{""year"":2026,""month"":4,""searchVolume"":1900},{""year"":2026,""month"":3,""searchVolume"":1900},{""year"":2026,""month"":2,""searchVolume"":1900},{""year"":2026,""month"":1,""searchVolume"":2400},{""year"":2025,""month"":12,""searchVolume"":2400},{""year"":2025,""month"":11,""searchVolume"":2400},{""year"":2025,""month"":10,""searchVolume"":2400},{""year"":2025,""month"":9,""searchVolume"":1900},{""year"":2025,""month"":8,""searchVolume"":1900}]"
average rent in vancouver,2124,en,1000,1,,informational,"[{""year"":2026,""month"":7,""searchVolume"":880},{""year"":2026,""month"":6,""searchVolume"":880},{""year"":2026,""month"":5,""searchVolume"":1000},{""year"":2026,""month"":4,""searchVolume"":880},{""year"":2026,""month"":3,""searchVolume"":1000},{""year"":2026,""month"":2,""searchVolume"":880},{""year"":2026,""month"":1,""searchVolume"":1000},{""year"":2025,""month"":12,""searchVolume"":880},{""year"":2025,""month"":11,""searchVolume"":1000},{""year"":2025,""month"":10,""searchVolume"":1000},{""year"":2025,""month"":9,""searchVolume"":1000},{""year"":2025,""month"":8,""searchVolume"":1300}]"
firstservice residential vancouver,2124,en,1000,7,3.9,navigational,"[{""year"":2026,""month"":7,""searchVolume"":1300},{""year"":2026,""month"":6,""searchVolume"":1300},{""year"":2026,""month"":5,""searchVolume"":1000},{""year"":2026,""month"":4,""searchVolume"":1300},{""year"":2026,""month"":3,""searchVolume"":1300},{""year"":2026,""month"":2,""searchVolume"":1000},{""year"":2026,""month"":1,""searchVolume"":1000},{""year"":2025,""month"":12,""searchVolume"":1000},{""year"":2025,""month"":11,""searchVolume"":1300},{""year"":2025,""month"":10,""searchVolume"":1000},{""year"":2025,""month"":9,""searchVolume"":880},{""year"":2025,""month"":8,""searchVolume"":1000}]"
metro vancouver housing,2124,en,880,1,4.47,commercial,"[{""year"":2026,""month"":7,""searchVolume"":720},{""year"":2026,""month"":6,""searchVolume"":720},{""year"":2026,""month"":5,""searchVolume"":720},{""year"":2026,""month"":4,""searchVolume"":880},{""year"":2026,""month"":3,""searchVolume"":1000},{""year"":2026,""month"":2,""searchVolume"":880},{""year"":2026,""month"":1,""searchVolume"":1000},{""year"":2025,""month"":12,""searchVolume"":1000},{""year"":2025,""month"":11,""searchVolume"":880},{""year"":2025,""month"":10,""searchVolume"":880},{""year"":2025,""month"":9,""searchVolume"":880},{""year"":2025,""month"":8,""searchVolume"":880}]"
co-op housing vancouver,2124,en,1300,11,4.77,navigational,"[{""year"":2026,""month"":7,""searchVolume"":1300},{""year"":2026,""month"":6,""searchVolume"":1300},{""year"":2026,""month"":5,""searchVolume"":1300},{""year"":2026,""month"":4,""searchVolume"":1300},{""year"":2026,""month"":3,""searchVolume"":1600},{""year"":2026,""month"":2,""searchVolume"":1300},{""year"":2026,""month"":1,""searchVolume"":1600},{""year"":2025,""month"":12,""searchVolume"":1000},{""year"":2025,""month"":11,""searchVolume"":1600},{""year"":2025,""month"":10,""searchVolume"":1300},{""year"":2025,""month"":9,""searchVolume"":1600},{""year"":2025,""month"":8,""searchVolume"":1600}]"
1 bedroom apartment vancouver,2124,en,1000,0,,commercial,"[{""year"":2026,""month"":7,""searchVolume"":1300},{""year"":2026,""month"":6,""searchVolume"":1000},{""year"":2026,""month"":5,""searchVolume"":1000},{""year"":2026,""month"":4,""searchVolume"":1300},{""year"":2026,""month"":3,""searchVolume"":1300},{""year"":2026,""month"":2,""searchVolume"":1000},{""year"":2026,""month"":1,""searchVolume"":1300},{""year"":2025,""month"":12,""searchVolume"":880},{""year"":2025,""month"":11,""searchVolume"":880},{""year"":2025,""month"":10,""searchVolume"":1000},{""year"":2025,""month"":9,""searchVolume"":1000},{""year"":2025,""month"":8,""searchVolume"":1000}]"
2 bedroom apartment vancouver,2124,en,1000,0,0.77,commercial,"[{""year"":2026,""month"":6,""searchVolume"":880},{""year"":2026,""month"":5,""searchVolume"":1000},{""year"":2026,""month"":4,""searchVolume"":1000},{""year"":2026,""month"":3,""searchVolume"":1300},{""year"":2026,""month"":2,""searchVolume"":1000},{""year"":2026,""month"":1,""searchVolume"":1000},{""year"":2025,""month"":12,""searchVolume"":880},{""year"":2025,""month"":11,""searchVolume"":880},{""year"":2025,""month"":10,""searchVolume"":880},{""year"":2025,""month"":9,""searchVolume"":880},{""year"":2025,""month"":8,""searchVolume"":720},{""year"":2025,""month"":7,""searchVolume"":880}]"
loft apartment vancouver,2124,en,260,0,1.35,navigational,"[{""year"":2026,""month"":7,""searchVolume"":320},{""year"":2026,""month"":6,""searchVolume"":260},{""year"":2026,""month"":5,""searchVolume"":260},{""year"":2026,""month"":4,""searchVolume"":320},{""year"":2026,""month"":3,""searchVolume"":260},{""year"":2026,""month"":2,""searchVolume"":320},{""year"":2026,""month"":1,""searchVolume"":320},{""year"":2025,""month"":12,""searchVolume"":210},{""year"":2025,""month"":11,""searchVolume"":260},{""year"":2025,""month"":10,""searchVolume"":260},{""year"":2025,""month"":9,""searchVolume"":210},{""year"":2025,""month"":8,""searchVolume"":210}]"
studio apartment vancouver,2124,en,1000,0,0.69,commercial,"[{""year"":2026,""month"":7,""searchVolume"":1000},{""year"":2026,""month"":6,""searchVolume"":1000},{""year"":2026,""month"":5,""searchVolume"":1000},{""year"":2026,""month"":4,""searchVolume"":1000},{""year"":2026,""month"":3,""searchVolume"":1300},{""year"":2026,""month"":2,""searchVolume"":1000},{""year"":2026,""month"":1,""searchVolume"":1300},{""year"":2025,""month"":12,""searchVolume"":880},{""year"":2025,""month"":11,""searchVolume"":1000},{""year"":2025,""month"":10,""searchVolume"":1000},{""year"":2025,""month"":9,""searchVolume"":1300},{""year"":2025,""month"":8,""searchVolume"":1000}]"
roommates vancouver,2124,en,320,1,,navigational,"[{""year"":2026,""month"":7,""searchVolume"":320},{""year"":2026,""month"":6,""searchVolume"":390},{""year"":2026,""month"":5,""searchVolume"":320},{""year"":2026,""month"":4,""searchVolume"":320},{""year"":2026,""month"":3,""searchVolume"":320},{""year"":2026,""month"":2,""searchVolume"":260},{""year"":2026,""month"":1,""searchVolume"":320},{""year"":2025,""month"":12,""searchVolume"":260},{""year"":2025,""month"":11,""searchVolume"":260},{""year"":2025,""month"":10,""searchVolume"":320},{""year"":2025,""month"":9,""searchVolume"":320},{""year"":2025,""month"":8,""searchVolume"":390}]"
craigslist apartments vancouver,2124,en,880,0,1.01,navigational,"[{""year"":2026,""month"":7,""searchVolume"":720},{""year"":2026,""month"":6,""searchVolume"":590},{""year"":2026,""month"":5,""searchVolume"":720},{""year"":2026,""month"":4,""searchVolume"":720},{""year"":2026,""month"":3,""searchVolume"":1000},{""year"":2026,""month"":2,""searchVolume"":880},{""year"":2026,""month"":1,""searchVolume"":880},{""year"":2025,""month"":12,""searchVolume"":720},{""year"":2025,""month"":11,""searchVolume"":880},{""year"":2025,""month"":10,""searchVolume"":880},{""year"":2025,""month"":9,""searchVolume"":1000},{""year"":2025,""month"":8,""searchVolume"":1000}]"
vancouver craigslist apartments,2124,en,880,0,,navigational,"[{""year"":2026,""month"":7,""searchVolume"":720},{""year"":2026,""month"":6,""searchVolume"":590},{""year"":2026,""month"":5,""searchVolume"":720},{""year"":2026,""month"":4,""searchVolume"":720},{""year"":2026,""month"":3,""searchVolume"":1000},{""year"":2026,""month"":2,""searchVolume"":880},{""year"":2026,""month"":1,""searchVolume"":880},{""year"":2025,""month"":12,""searchVolume"":720},{""year"":2025,""month"":11,""searchVolume"":880},{""year"":2025,""month"":10,""searchVolume"":880},{""year"":2025,""month"":9,""searchVolume"":1000},{""year"":2025,""month"":8,""searchVolume"":1000}]"
apartment buildings vancouver,2124,en,140,0,1.51,commercial,"[{""year"":2026,""month"":7,""searchVolume"":110},{""year"":2026,""month"":6,""searchVolume"":140},{""year"":2026,""month"":5,""searchVolume"":260},{""year"":2026,""month"":4,""searchVolume"":90},{""year"":2026,""month"":3,""searchVolume"":140},{""year"":2026,""month"":2,""searchVolume"":140},{""year"":2026,""month"":1,""searchVolume"":110},{""year"":2025,""month"":12,""searchVolume"":70},{""year"":2025,""month"":11,""searchVolume"":110},{""year"":2025,""month"":10,""searchVolume"":140},{""year"":2025,""month"":9,""searchVolume"":110},{""year"":2025,""month"":8,""searchVolume"":110}]"
gordon neighborhood house vancouver,2124,en,1900,6,0.57,navigational,"[{""year"":2026,""month"":7,""searchVolume"":1600},{""year"":2026,""month"":6,""searchVolume"":1900},{""year"":2026,""month"":5,""searchVolume"":1900},{""year"":2026,""month"":4,""searchVolume"":1900},{""year"":2026,""month"":3,""searchVolume"":1900},{""year"":2026,""month"":2,""searchVolume"":1900},{""year"":2026,""month"":1,""searchVolume"":1600},{""year"":2025,""month"":12,""searchVolume"":1600},{""year"":2025,""month"":11,""searchVolume"":1900},{""year"":2025,""month"":10,""searchVolume"":2400},{""year"":2025,""month"":9,""searchVolume"":1900},{""year"":2025,""month"":8,""searchVolume"":1900}]"
multi-family residential,2124,en,210,0,2.54,informational,"[{""year"":2026,""month"":7,""searchVolume"":140},{""year"":2026,""month"":6,""searchVolume"":170},{""year"":2026,""month"":5,""searchVolume"":210},{""year"":2026,""month"":4,""searchVolume"":210},{""year"":2026,""month"":3,""searchVolume"":210},{""year"":2026,""month"":2,""searchVolume"":170},{""year"":2026,""month"":1,""searchVolume"":210},{""year"":2025,""month"":12,""searchVolume"":140},{""year"":2025,""month"":11,""searchVolume"":210},{""year"":2025,""month"":10,""searchVolume"":260},{""year"":2025,""month"":9,""searchVolume"":390},{""year"":2025,""month"":8,""searchVolume"":210}]"
lofts for rent vancouver,2124,en,720,1,0.75,commercial,"[{""year"":2026,""month"":7,""searchVolume"":880},{""year"":2026,""month"":6,""searchVolume"":720},{""year"":2026,""month"":5,""searchVolume"":720},{""year"":2026,""month"":4,""searchVolume"":880},{""year"":2026,""month"":3,""searchVolume"":880},{""year"":2026,""month"":2,""searchVolume"":880},{""year"":2026,""month"":1,""searchVolume"":1000},{""year"":2025,""month"":12,""searchVolume"":590},{""year"":2025,""month"":11,""searchVolume"":590},{""year"":2025,""month"":10,""searchVolume"":720},{""year"":2025,""month"":9,""searchVolume"":720},{""year"":2025,""month"":8,""searchVolume"":720}]"
west vancouver homes,2124,en,720,2,1.16,commercial,"[{""year"":2026,""month"":7,""searchVolume"":720},{""year"":2026,""month"":6,""searchVolume"":590},{""year"":2026,""month"":5,""searchVolume"":720},{""year"":2026,""month"":4,""searchVolume"":720},{""year"":2026,""month"":3,""searchVolume"":590},{""year"":2026,""month"":2,""searchVolume"":590},{""year"":2026,""month"":1,""searchVolume"":720},{""year"":2025,""month"":12,""searchVolume"":720},{""year"":2025,""month"":11,""searchVolume"":720},{""year"":2025,""month"":10,""searchVolume"":720},{""year"":2025,""month"":9,""searchVolume"":880},{""year"":2025,""month"":8,""searchVolume"":1000}]"
townhouse vancouver,2124,en,590,0,1.52,navigational,"[{""year"":2026,""month"":6,""searchVolume"":590},{""year"":2026,""month"":5,""searchVolume"":590},{""year"":2026,""month"":4,""searchVolume"":590},{""year"":2026,""month"":3,""searchVolume"":590},{""year"":2026,""month"":2,""searchVolume"":590},{""year"":2026,""month"":1,""searchVolume"":720},{""year"":2025,""month"":12,""searchVolume"":590},{""year"":2025,""month"":11,""searchVolume"":590},{""year"":2025,""month"":10,""searchVolume"":590},{""year"":2025,""month"":9,""searchVolume"":720},{""year"":2025,""month"":8,""searchVolume"":720},{""year"":2025,""month"":7,""searchVolume"":720}]"
vancouver housing development office,2124,en,30,0,,navigational,"[{""year"":2026,""month"":7,""searchVolume"":20},{""year"":2026,""month"":6,""searchVolume"":10},{""year"":2026,""month"":5,""searchVolume"":10},{""year"":2026,""month"":4,""searchVolume"":20},{""year"":2026,""month"":3,""searchVolume"":10},{""year"":2026,""month"":2,""searchVolume"":50},{""year"":2026,""month"":1,""searchVolume"":10},{""year"":2025,""month"":12,""searchVolume"":10},{""year"":2025,""month"":11,""searchVolume"":30},{""year"":2025,""month"":10,""searchVolume"":140},{""year"":2025,""month"":9,""searchVolume"":40},{""year"":2025,""month"":8,""searchVolume"":30}]"
downtown vancouver apartments for rent,2124,en,1000,27,,commercial,"[{""year"":2026,""month"":7,""searchVolume"":1300},{""year"":2026,""month"":6,""searchVolume"":1000},{""year"":2026,""month"":5,""searchVolume"":1300},{""year"":2026,""month"":4,""searchVolume"":1000},{""year"":2026,""month"":3,""searchVolume"":1300},{""year"":2026,""month"":2,""searchVolume"":1000},{""year"":2026,""month"":1,""searchVolume"":1300},{""year"":2025,""month"":12,""searchVolume"":880},{""year"":2025,""month"":11,""searchVolume"":880},{""year"":2025,""month"":10,""searchVolume"":880},{""year"":2025,""month"":9,""searchVolume"":1000},{""year"":2025,""month"":8,""searchVolume"":1000}]"
apartments for rent downtown vancouver,2124,en,1000,8,0.7,commercial,"[{""year"":2026,""month"":6,""searchVolume"":1000},{""year"":2026,""month"":5,""searchVolume"":1300},{""year"":2026,""month"":4,""searchVolume"":1000},{""year"":2026,""month"":3,""searchVolume"":1300},{""year"":2026,""month"":2,""searchVolume"":1000},{""year"":2026,""month"":1,""searchVolume"":1300},{""year"":2025,""month"":12,""searchVolume"":880},{""year"":2025,""month"":11,""searchVolume"":880},{""year"":2025,""month"":10,""searchVolume"":880},{""year"":2025,""month"":9,""searchVolume"":1000},{""year"":2025,""month"":8,""searchVolume"":1000},{""year"":2025,""month"":7,""searchVolume"":1000}]"
vancouver cohousing,2124,en,320,2,2.29,navigational,"[{""year"":2026,""month"":6,""searchVolume"":320},{""year"":2026,""month"":5,""searchVolume"":390},{""year"":2026,""month"":4,""searchVolume"":390},{""year"":2026,""month"":3,""searchVolume"":260},{""year"":2026,""month"":2,""searchVolume"":320},{""year"":2026,""month"":1,""searchVolume"":480},{""year"":2025,""month"":12,""searchVolume"":260},{""year"":2025,""month"":11,""searchVolume"":390},{""year"":2025,""month"":10,""searchVolume"":320},{""year"":2025,""month"":9,""searchVolume"":320},{""year"":2025,""month"":8,""searchVolume"":320},{""year"":2025,""month"":7,""searchVolume"":260}]"
apartments for sale north vancouver,2124,en,1000,0,1.01,commercial,"[{""year"":2026,""month"":7,""searchVolume"":1000},{""year"":2026,""month"":6,""searchVolume"":1000},{""year"":2026,""month"":5,""searchVolume"":1000},{""year"":2026,""month"":4,""searchVolume"":1300},{""year"":2026,""month"":3,""searchVolume"":1300},{""year"":2026,""month"":2,""searchVolume"":1000},{""year"":2026,""month"":1,""searchVolume"":1300},{""year"":2025,""month"":12,""searchVolume"":880},{""year"":2025,""month"":11,""searchVolume"":1000},{""year"":2025,""month"":10,""searchVolume"":1300},{""year"":2025,""month"":9,""searchVolume"":1300},{""year"":2025,""month"":8,""searchVolume"":1300}]"
co op housing in vancouver,2124,en,1300,0,,navigational,"[{""year"":2026,""month"":7,""searchVolume"":1300},{""year"":2026,""month"":6,""searchVolume"":1300},{""year"":2026,""month"":5,""searchVolume"":1300},{""year"":2026,""month"":4,""searchVolume"":1300},{""year"":2026,""month"":3,""searchVolume"":1600},{""year"":2026,""month"":2,""searchVolume"":1300},{""year"":2026,""month"":1,""searchVolume"":1600},{""year"":2025,""month"":12,""searchVolume"":1000},{""year"":2025,""month"":11,""searchVolume"":1600},{""year"":2025,""month"":10,""searchVolume"":1300},{""year"":2025,""month"":9,""searchVolume"":1600},{""year"":2025,""month"":8,""searchVolume"":1600}]"
multi family edmonton,2124,en,70,0,,informational,"[{""year"":2026,""month"":7,""searchVolume"":50},{""year"":2026,""month"":6,""searchVolume"":70},{""year"":2026,""month"":5,""searchVolume"":70},{""year"":2026,""month"":4,""searchVolume"":70},{""year"":2026,""month"":3,""searchVolume"":70},{""year"":2026,""month"":2,""searchVolume"":30},{""year"":2026,""month"":1,""searchVolume"":50},{""year"":2025,""month"":12,""searchVolume"":50},{""year"":2025,""month"":11,""searchVolume"":70},{""year"":2025,""month"":10,""searchVolume"":70},{""year"":2025,""month"":9,""searchVolume"":50},{""year"":2025,""month"":8,""searchVolume"":70}]"
vancouver condo prices,2124,en,480,5,0.81,informational,"[{""year"":2026,""month"":6,""searchVolume"":590},{""year"":2026,""month"":5,""searchVolume"":390},{""year"":2026,""month"":4,""searchVolume"":480},{""year"":2026,""month"":3,""searchVolume"":390},{""year"":2026,""month"":2,""searchVolume"":390},{""year"":2026,""month"":1,""searchVolume"":390},{""year"":2025,""month"":12,""searchVolume"":390},{""year"":2025,""month"":11,""searchVolume"":480},{""year"":2025,""month"":10,""searchVolume"":590},{""year"":2025,""month"":9,""searchVolume"":590},{""year"":2025,""month"":8,""searchVolume"":480},{""year"":2025,""month"":7,""searchVolume"":590}]"
apartments north vancouver,2124,en,390,0,0.95,commercial,"[{""year"":2026,""month"":7,""searchVolume"":390},{""year"":2026,""month"":6,""searchVolume"":390},{""year"":2026,""month"":5,""searchVolume"":390},{""year"":2026,""month"":4,""searchVolume"":480},{""year"":2026,""month"":3,""searchVolume"":390},{""year"":2026,""month"":2,""searchVolume"":320},{""year"":2026,""month"":1,""searchVolume"":390},{""year"":2025,""month"":12,""searchVolume"":260},{""year"":2025,""month"":11,""searchVolume"":390},{""year"":2025,""month"":10,""searchVolume"":390},{""year"":2025,""month"":9,""searchVolume"":320},{""year"":2025,""month"":8,""searchVolume"":390}]"
vancouver apartment tour,2124,en,10,,,navigational,"[{""year"":2026,""month"":6,""searchVolume"":0},{""year"":2026,""month"":5,""searchVolume"":10},{""year"":2026,""month"":4,""searchVolume"":10},{""year"":2026,""month"":3,""searchVolume"":10},{""year"":2026,""month"":2,""searchVolume"":10},{""year"":2026,""month"":1,""searchVolume"":10},{""year"":2025,""month"":12,""searchVolume"":0},{""year"":2025,""month"":11,""searchVolume"":0},{""year"":2025,""month"":10,""searchVolume"":10},{""year"":2025,""month"":9,""searchVolume"":10},{""year"":2025,""month"":8,""searchVolume"":10},{""year"":2025,""month"":7,""searchVolume"":0}]"
downtown vancouver apartments,2124,en,590,6,,navigational,"[{""year"":2026,""month"":7,""searchVolume"":720},{""year"":2026,""month"":6,""searchVolume"":720},{""year"":2026,""month"":5,""searchVolume"":720},{""year"":2026,""month"":4,""searchVolume"":720},{""year"":2026,""month"":3,""searchVolume"":880},{""year"":2026,""month"":2,""searchVolume"":590},{""year"":2026,""month"":1,""searchVolume"":720},{""year"":2025,""month"":12,""searchVolume"":480},{""year"":2025,""month"":11,""searchVolume"":480},{""year"":2025,""month"":10,""searchVolume"":590},{""year"":2025,""month"":9,""searchVolume"":590},{""year"":2025,""month"":8,""searchVolume"":720}]"
vancouver presale condos,2124,en,170,14,5.14,commercial,"[{""year"":2026,""month"":7,""searchVolume"":70},{""year"":2026,""month"":6,""searchVolume"":50},{""year"":2026,""month"":5,""searchVolume"":70},{""year"":2026,""month"":4,""searchVolume"":90},{""year"":2026,""month"":3,""searchVolume"":70},{""year"":2026,""month"":2,""searchVolume"":90},{""year"":2026,""month"":1,""searchVolume"":110},{""year"":2025,""month"":12,""searchVolume"":50},{""year"":2025,""month"":11,""searchVolume"":70},{""year"":2025,""month"":10,""searchVolume"":170},{""year"":2025,""month"":9,""searchVolume"":1300},{""year"":2025,""month"":8,""searchVolume"":110}]"
vancouver rent prices,2124,en,480,27,0.45,informational,"[{""year"":2026,""month"":7,""searchVolume"":390},{""year"":2026,""month"":6,""searchVolume"":390},{""year"":2026,""month"":5,""searchVolume"":390},{""year"":2026,""month"":4,""searchVolume"":590},{""year"":2026,""month"":3,""searchVolume"":590},{""year"":2026,""month"":2,""searchVolume"":480},{""year"":2026,""month"":1,""searchVolume"":590},{""year"":2025,""month"":12,""searchVolume"":480},{""year"":2025,""month"":11,""searchVolume"":480},{""year"":2025,""month"":10,""searchVolume"":480},{""year"":2025,""month"":9,""searchVolume"":480},{""year"":2025,""month"":8,""searchVolume"":590}]"
fair haven homes society vancouver lodge,2124,en,1000,0,0.06,navigational,"[{""year"":2026,""month"":7,""searchVolume"":1300},{""year"":2026,""month"":6,""searchVolume"":1000},{""year"":2026,""month"":5,""searchVolume"":1300},{""year"":2026,""month"":4,""searchVolume"":1000},{""year"":2026,""month"":3,""searchVolume"":1300},{""year"":2026,""month"":2,""searchVolume"":1000},{""year"":2026,""month"":1,""searchVolume"":1000},{""year"":2025,""month"":12,""searchVolume"":880},{""year"":2025,""month"":11,""searchVolume"":1000},{""year"":2025,""month"":10,""searchVolume"":1300},{""year"":2025,""month"":9,""searchVolume"":1300},{""year"":2025,""month"":8,""searchVolume"":1300}]"
multi family apartment,2124,en,20,49,,informational,"[{""year"":2026,""month"":7,""searchVolume"":20},{""year"":2026,""month"":6,""searchVolume"":10},{""year"":2026,""month"":5,""searchVolume"":10},{""year"":2026,""month"":4,""searchVolume"":20},{""year"":2026,""month"":3,""searchVolume"":30},{""year"":2026,""month"":2,""searchVolume"":20},{""year"":2026,""month"":1,""searchVolume"":10},{""year"":2025,""month"":12,""searchVolume"":10},{""year"":2025,""month"":11,""searchVolume"":20},{""year"":2025,""month"":10,""searchVolume"":20},{""year"":2025,""month"":9,""searchVolume"":30},{""year"":2025,""month"":8,""searchVolume"":10}]"
2 bedroom apartment for rent vancouver,2124,en,480,6,,transactional,"[{""year"":2026,""month"":7,""searchVolume"":480},{""year"":2026,""month"":6,""searchVolume"":480},{""year"":2026,""month"":5,""searchVolume"":480},{""year"":2026,""month"":4,""searchVolume"":480},{""year"":2026,""month"":3,""searchVolume"":590},{""year"":2026,""month"":2,""searchVolume"":390},{""year"":2026,""month"":1,""searchVolume"":590},{""year"":2025,""month"":12,""searchVolume"":320},{""year"":2025,""month"":11,""searchVolume"":390},{""year"":2025,""month"":10,""searchVolume"":480},{""year"":2025,""month"":9,""searchVolume"":480},{""year"":2025,""month"":8,""searchVolume"":480}]"
pet friendly apartments vancouver,2124,en,170,0,0.87,commercial,"[{""year"":2026,""month"":7,""searchVolume"":140},{""year"":2026,""month"":6,""searchVolume"":140},{""year"":2026,""month"":5,""searchVolume"":210},{""year"":2026,""month"":4,""searchVolume"":140},{""year"":2026,""month"":3,""searchVolume"":170},{""year"":2026,""month"":2,""searchVolume"":170},{""year"":2026,""month"":1,""searchVolume"":210},{""year"":2025,""month"":12,""searchVolume"":90},{""year"":2025,""month"":11,""searchVolume"":140},{""year"":2025,""month"":10,""searchVolume"":260},{""year"":2025,""month"":9,""searchVolume"":320},{""year"":2025,""month"":8,""searchVolume"":260}]"
multi family townhouse,2124,en,10,,,informational,"[{""year"":2026,""month"":7,""searchVolume"":10},{""year"":2026,""month"":6,""searchVolume"":10},{""year"":2026,""month"":5,""searchVolume"":10},{""year"":2026,""month"":4,""searchVolume"":10},{""year"":2026,""month"":3,""searchVolume"":10},{""year"":2026,""month"":2,""searchVolume"":10},{""year"":2026,""month"":1,""searchVolume"":10},{""year"":2025,""month"":12,""searchVolume"":10},{""year"":2025,""month"":11,""searchVolume"":10},{""year"":2025,""month"":10,""searchVolume"":10},{""year"":2025,""month"":9,""searchVolume"":10},{""year"":2025,""month"":8,""searchVolume"":10}]"
west vancouver rental apartments,2124,en,720,0,0.62,commercial,"[{""year"":2026,""month"":7,""searchVolume"":880},{""year"":2026,""month"":6,""searchVolume"":720},{""year"":2026,""month"":5,""searchVolume"":720},{""year"":2026,""month"":4,""searchVolume"":880},{""year"":2026,""month"":3,""searchVolume"":880},{""year"":2026,""month"":2,""searchVolume"":720},{""year"":2026,""month"":1,""searchVolume"":880},{""year"":2025,""month"":12,""searchVolume"":590},{""year"":2025,""month"":11,""searchVolume"":590},{""year"":2025,""month"":10,""searchVolume"":720},{""year"":2025,""month"":9,""searchVolume"":880},{""year"":2025,""month"":8,""searchVolume"":880}]"
condo downtown vancouver,2124,en,210,0,1.02,navigational,"[{""year"":2026,""month"":6,""searchVolume"":170},{""year"":2026,""month"":5,""searchVolume"":170},{""year"":2026,""month"":4,""searchVolume"":210},{""year"":2026,""month"":3,""searchVolume"":210},{""year"":2026,""month"":2,""searchVolume"":210},{""year"":2026,""month"":1,""searchVolume"":170},{""year"":2025,""month"":12,""searchVolume"":170},{""year"":2025,""month"":11,""searchVolume"":170},{""year"":2025,""month"":10,""searchVolume"":210},{""year"":2025,""month"":9,""searchVolume"":210},{""year"":2025,""month"":8,""searchVolume"":210},{""year"":2025,""month"":7,""searchVolume"":210}]"
vancouver townhouses development restrictions,2124,en,210,0,,informational,"[{""year"":2026,""month"":6,""searchVolume"":0},{""year"":2026,""month"":5,""searchVolume"":10},{""year"":2026,""month"":4,""searchVolume"":0},{""year"":2026,""month"":3,""searchVolume"":0},{""year"":2026,""month"":2,""searchVolume"":0},{""year"":2026,""month"":1,""searchVolume"":10},{""year"":2025,""month"":12,""searchVolume"":0},{""year"":2025,""month"":11,""searchVolume"":0},{""year"":2025,""month"":10,""searchVolume"":0},{""year"":2025,""month"":9,""searchVolume"":70},{""year"":2025,""month"":8,""searchVolume"":2400},{""year"":2025,""month"":7,""searchVolume"":0}]"
alewem housing vancouver,2124,en,10,,,navigational,"[{""year"":2026,""month"":7,""searchVolume"":10},{""year"":2026,""month"":6,""searchVolume"":10},{""year"":2026,""month"":5,""searchVolume"":10},{""year"":2026,""month"":4,""searchVolume"":10},{""year"":2026,""month"":3,""searchVolume"":10},{""year"":2026,""month"":2,""searchVolume"":10},{""year"":2026,""month"":1,""searchVolume"":10},{""year"":2025,""month"":12,""searchVolume"":10},{""year"":2025,""month"":11,""searchVolume"":10},{""year"":2025,""month"":10,""searchVolume"":10},{""year"":2025,""month"":9,""searchVolume"":10},{""year"":2025,""month"":8,""searchVolume"":10}]"
vancouver basement for rent,2124,en,320,0,0.54,commercial,"[{""year"":2026,""month"":7,""searchVolume"":320},{""year"":2026,""month"":6,""searchVolume"":320},{""year"":2026,""month"":5,""searchVolume"":390},{""year"":2026,""month"":4,""searchVolume"":320},{""year"":2026,""month"":3,""searchVolume"":320},{""year"":2026,""month"":2,""searchVolume"":320},{""year"":2026,""month"":1,""searchVolume"":320},{""year"":2025,""month"":12,""searchVolume"":260},{""year"":2025,""month"":11,""searchVolume"":260},{""year"":2025,""month"":10,""searchVolume"":320},{""year"":2025,""month"":9,""searchVolume"":320},{""year"":2025,""month"":8,""searchVolume"":390}]"
vancouver downtown apartments for sale,2124,en,390,0,1.01,transactional,"[{""year"":2026,""month"":7,""searchVolume"":390},{""year"":2026,""month"":6,""searchVolume"":320},{""year"":2026,""month"":5,""searchVolume"":390},{""year"":2026,""month"":4,""searchVolume"":320},{""year"":2026,""month"":3,""searchVolume"":320},{""year"":2026,""month"":2,""searchVolume"":390},{""year"":2026,""month"":1,""searchVolume"":390},{""year"":2025,""month"":12,""searchVolume"":390},{""year"":2025,""month"":11,""searchVolume"":320},{""year"":2025,""month"":10,""searchVolume"":320},{""year"":2025,""month"":9,""searchVolume"":320},{""year"":2025,""month"":8,""searchVolume"":390}]"
bc housing vancouver,2124,en,480,52,10.25,navigational,"[{""year"":2026,""month"":7,""searchVolume"":480},{""year"":2026,""month"":6,""searchVolume"":390},{""year"":2026,""month"":5,""searchVolume"":480},{""year"":2026,""month"":4,""searchVolume"":480},{""year"":2026,""month"":3,""searchVolume"":480},{""year"":2026,""month"":2,""searchVolume"":480},{""year"":2026,""month"":1,""searchVolume"":480},{""year"":2025,""month"":12,""searchVolume"":480},{""year"":2025,""month"":11,""searchVolume"":480},{""year"":2025,""month"":10,""searchVolume"":480},{""year"":2025,""month"":9,""searchVolume"":590},{""year"":2025,""month"":8,""searchVolume"":480}]"
rental buildings vancouver,2124,en,170,29,,commercial,"[{""year"":2026,""month"":7,""searchVolume"":170},{""year"":2026,""month"":6,""searchVolume"":170},{""year"":2026,""month"":5,""searchVolume"":140},{""year"":2026,""month"":4,""searchVolume"":170},{""year"":2026,""month"":3,""searchVolume"":170},{""year"":2026,""month"":2,""searchVolume"":140},{""year"":2026,""month"":1,""searchVolume"":210},{""year"":2025,""month"":12,""searchVolume"":110},{""year"":2025,""month"":11,""searchVolume"":140},{""year"":2025,""month"":10,""searchVolume"":140},{""year"":2025,""month"":9,""searchVolume"":210},{""year"":2025,""month"":8,""searchVolume"":170}]"
3 bedroom apartment vancouver,2124,en,140,0,1.0,commercial,"[{""year"":2026,""month"":7,""searchVolume"":170},{""year"":2026,""month"":6,""searchVolume"":140},{""year"":2026,""month"":5,""searchVolume"":140},{""year"":2026,""month"":4,""searchVolume"":140},{""year"":2026,""month"":3,""searchVolume"":140},{""year"":2026,""month"":2,""searchVolume"":140},{""year"":2026,""month"":1,""searchVolume"":140},{""year"":2025,""month"":12,""searchVolume"":110},{""year"":2025,""month"":11,""searchVolume"":90},{""year"":2025,""month"":10,""searchVolume"":140},{""year"":2025,""month"":9,""searchVolume"":70},{""year"":2025,""month"":8,""searchVolume"":90}]"
metro vancouver housing corporation,2124,en,210,13,,navigational,"[{""year"":2026,""month"":7,""searchVolume"":210},{""year"":2026,""month"":6,""searchVolume"":170},{""year"":2026,""month"":5,""searchVolume"":210},{""year"":2026,""month"":4,""searchVolume"":210},{""year"":2026,""month"":3,""searchVolume"":320},{""year"":2026,""month"":2,""searchVolume"":210},{""year"":2026,""month"":1,""searchVolume"":260},{""year"":2025,""month"":12,""searchVolume"":210},{""year"":2025,""month"":11,""searchVolume"":210},{""year"":2025,""month"":10,""searchVolume"":260},{""year"":2025,""month"":9,""searchVolume"":170},{""year"":2025,""month"":8,""searchVolume"":170}]"
vancouver housing reddit,2124,en,140,0,,navigational,"[{""year"":2026,""month"":7,""searchVolume"":140},{""year"":2026,""month"":6,""searchVolume"":170},{""year"":2026,""month"":5,""searchVolume"":210},{""year"":2026,""month"":4,""searchVolume"":140},{""year"":2026,""month"":3,""searchVolume"":140},{""year"":2026,""month"":2,""searchVolume"":110},{""year"":2026,""month"":1,""searchVolume"":110},{""year"":2025,""month"":12,""searchVolume"":110},{""year"":2025,""month"":11,""searchVolume"":90},{""year"":2025,""month"":10,""searchVolume"":110},{""year"":2025,""month"":9,""searchVolume"":110},{""year"":2025,""month"":8,""searchVolume"":170}]"
vancouver island university student residences,2124,en,880,4,1.13,navigational,"[{""year"":2026,""month"":7,""searchVolume"":1300},{""year"":2026,""month"":6,""searchVolume"":1000},{""year"":2026,""month"":5,""searchVolume"":720},{""year"":2026,""month"":4,""searchVolume"":720},{""year"":2026,""month"":3,""searchVolume"":880},{""year"":2026,""month"":2,""searchVolume"":720},{""year"":2026,""month"":1,""searchVolume"":880},{""year"":2025,""month"":12,""searchVolume"":480},{""year"":2025,""month"":11,""searchVolume"":720},{""year"":2025,""month"":10,""searchVolume"":1000},{""year"":2025,""month"":9,""searchVolume"":1300},{""year"":2025,""month"":8,""searchVolume"":1000}]"
multi unit dwelling,2124,en,260,1,,commercial,"[{""year"":2026,""month"":7,""searchVolume"":90},{""year"":2026,""month"":6,""searchVolume"":110},{""year"":2026,""month"":5,""searchVolume"":210},{""year"":2026,""month"":4,""searchVolume"":260},{""year"":2026,""month"":3,""searchVolume"":320},{""year"":2026,""month"":2,""searchVolume"":260},{""year"":2026,""month"":1,""searchVolume"":320},{""year"":2025,""month"":12,""searchVolume"":210},{""year"":2025,""month"":11,""searchVolume"":320},{""year"":2025,""month"":10,""searchVolume"":320},{""year"":2025,""month"":9,""searchVolume"":390},{""year"":2025,""month"":8,""searchVolume"":320}]"
1 bedroom vancouver,2124,en,170,27,,navigational,"[{""year"":2026,""month"":7,""searchVolume"":170},{""year"":2026,""month"":6,""searchVolume"":140},{""year"":2026,""month"":5,""searchVolume"":170},{""year"":2026,""month"":4,""searchVolume"":170},{""year"":2026,""month"":3,""searchVolume"":140},{""year"":2026,""month"":2,""searchVolume"":170},{""year"":2026,""month"":1,""searchVolume"":210},{""year"":2025,""month"":12,""searchVolume"":170},{""year"":2025,""month"":11,""searchVolume"":170},{""year"":2025,""month"":10,""searchVolume"":210},{""year"":2025,""month"":9,""searchVolume"":170},{""year"":2025,""month"":8,""searchVolume"":210}]"
zillow vancouver bc,2124,en,390,0,0.47,navigational,"[{""year"":2026,""month"":7,""searchVolume"":590},{""year"":2026,""month"":6,""searchVolume"":1300},{""year"":2026,""month"":5,""searchVolume"":390},{""year"":2026,""month"":4,""searchVolume"":260},{""year"":2026,""month"":3,""searchVolume"":320},{""year"":2026,""month"":2,""searchVolume"":210},{""year"":2026,""month"":1,""searchVolume"":260},{""year"":2025,""month"":12,""searchVolume"":210},{""year"":2025,""month"":11,""searchVolume"":210},{""year"":2025,""month"":10,""searchVolume"":260},{""year"":2025,""month"":9,""searchVolume"":260},{""year"":2025,""month"":8,""searchVolume"":260}]"
vancouver new condos,2124,en,390,10,1.59,commercial,"[{""year"":2026,""month"":6,""searchVolume"":210},{""year"":2026,""month"":5,""searchVolume"":210},{""year"":2026,""month"":4,""searchVolume"":210},{""year"":2026,""month"":3,""searchVolume"":320},{""year"":2026,""month"":2,""searchVolume"":170},{""year"":2026,""month"":1,""searchVolume"":260},{""year"":2025,""month"":12,""searchVolume"":170},{""year"":2025,""month"":11,""searchVolume"":170},{""year"":2025,""month"":10,""searchVolume"":390},{""year"":2025,""month"":9,""searchVolume"":1600},{""year"":2025,""month"":8,""searchVolume"":320},{""year"":2025,""month"":7,""searchVolume"":390}]"
cheap apartments vancouver,2124,en,260,0,,commercial,"[{""year"":2026,""month"":7,""searchVolume"":210},{""year"":2026,""month"":6,""searchVolume"":260},{""year"":2026,""month"":5,""searchVolume"":260},{""year"":2026,""month"":4,""searchVolume"":260},{""year"":2026,""month"":3,""searchVolume"":320},{""year"":2026,""month"":2,""searchVolume"":260},{""year"":2026,""month"":1,""searchVolume"":260},{""year"":2025,""month"":12,""searchVolume"":210},{""year"":2025,""month"":11,""searchVolume"":260},{""year"":2025,""month"":10,""searchVolume"":210},{""year"":2025,""month"":9,""searchVolume"":210},{""year"":2025,""month"":8,""searchVolume"":260}]"
vancouver luxury homes,2124,en,260,14,1.31,commercial,"[{""year"":2026,""month"":7,""searchVolume"":260},{""year"":2026,""month"":6,""searchVolume"":260},{""year"":2026,""month"":5,""searchVolume"":260},{""year"":2026,""month"":4,""searchVolume"":260},{""year"":2026,""month"":3,""searchVolume"":320},{""year"":2026,""month"":2,""searchVolume"":320},{""year"":2026,""month"":1,""searchVolume"":260},{""year"":2025,""month"":12,""searchVolume"":260},{""year"":2025,""month"":11,""searchVolume"":260},{""year"":2025,""month"":10,""searchVolume"":210},{""year"":2025,""month"":9,""searchVolume"":210},{""year"":2025,""month"":8,""searchVolume"":320}]"
vancouver townhouse presale,2124,en,70,0,6.07,transactional,"[{""year"":2026,""month"":7,""searchVolume"":40},{""year"":2026,""month"":6,""searchVolume"":30},{""year"":2026,""month"":5,""searchVolume"":30},{""year"":2026,""month"":4,""searchVolume"":40},{""year"":2026,""month"":3,""searchVolume"":50},{""year"":2026,""month"":2,""searchVolume"":20},{""year"":2026,""month"":1,""searchVolume"":70},{""year"":2025,""month"":12,""searchVolume"":40},{""year"":2025,""month"":11,""searchVolume"":40},{""year"":2025,""month"":10,""searchVolume"":70},{""year"":2025,""month"":9,""searchVolume"":390},{""year"":2025,""month"":8,""searchVolume"":70}]"
roommate finder vancouver,2124,en,70,2,1.7,navigational,"[{""year"":2026,""month"":7,""searchVolume"":90},{""year"":2026,""month"":6,""searchVolume"":70},{""year"":2026,""month"":5,""searchVolume"":70},{""year"":2026,""month"":4,""searchVolume"":70},{""year"":2026,""month"":3,""searchVolume"":70},{""year"":2026,""month"":2,""searchVolume"":40},{""year"":2026,""month"":1,""searchVolume"":70},{""year"":2025,""month"":12,""searchVolume"":70},{""year"":2025,""month"":11,""searchVolume"":70},{""year"":2025,""month"":10,""searchVolume"":70},{""year"":2025,""month"":9,""searchVolume"":50},{""year"":2025,""month"":8,""searchVolume"":90}]"
best neighborhoods in vancouver,2124,en,480,0,0.56,informational,"[{""year"":2026,""month"":7,""searchVolume"":480},{""year"":2026,""month"":6,""searchVolume"":390},{""year"":2026,""month"":5,""searchVolume"":390},{""year"":2026,""month"":4,""searchVolume"":480},{""year"":2026,""month"":3,""searchVolume"":480},{""year"":2026,""month"":2,""searchVolume"":390},{""year"":2026,""month"":1,""searchVolume"":480},{""year"":2025,""month"":12,""searchVolume"":390},{""year"":2025,""month"":11,""searchVolume"":320},{""year"":2025,""month"":10,""searchVolume"":480},{""year"":2025,""month"":9,""searchVolume"":480},{""year"":2025,""month"":8,""searchVolume"":590}]"
penthouse for rent vancouver,2124,en,320,0,,commercial,"[{""year"":2026,""month"":7,""searchVolume"":320},{""year"":2026,""month"":6,""searchVolume"":260},{""year"":2026,""month"":5,""searchVolume"":260},{""year"":2026,""month"":4,""searchVolume"":320},{""year"":2026,""month"":3,""searchVolume"":320},{""year"":2026,""month"":2,""searchVolume"":320},{""year"":2026,""month"":1,""searchVolume"":320},{""year"":2025,""month"":12,""searchVolume"":260},{""year"":2025,""month"":11,""searchVolume"":320},{""year"":2025,""month"":10,""searchVolume"":260},{""year"":2025,""month"":9,""searchVolume"":320},{""year"":2025,""month"":8,""searchVolume"":320}]"
best neighbourhoods in vancouver,2124,en,480,0,0.19,informational,"[{""year"":2026,""month"":6,""searchVolume"":390},{""year"":2026,""month"":5,""searchVolume"":390},{""year"":2026,""month"":4,""searchVolume"":480},{""year"":2026,""month"":3,""searchVolume"":480},{""year"":2026,""month"":2,""searchVolume"":390},{""year"":2026,""month"":1,""searchVolume"":480},{""year"":2025,""month"":12,""searchVolume"":390},{""year"":2025,""month"":11,""searchVolume"":320},{""year"":2025,""month"":10,""searchVolume"":480},{""year"":2025,""month"":9,""searchVolume"":480},{""year"":2025,""month"":8,""searchVolume"":590},{""year"":2025,""month"":7,""searchVolume"":590}]"
vancouver luxury apartments,2124,en,210,8,1.5,commercial,"[{""year"":2026,""month"":6,""searchVolume"":170},{""year"":2026,""month"":5,""searchVolume"":210},{""year"":2026,""month"":4,""searchVolume"":170},{""year"":2026,""month"":3,""searchVolume"":210},{""year"":2026,""month"":2,""searchVolume"":210},{""year"":2026,""month"":1,""searchVolume"":170},{""year"":2025,""month"":12,""searchVolume"":170},{""year"":2025,""month"":11,""searchVolume"":140},{""year"":2025,""month"":10,""searchVolume"":170},{""year"":2025,""month"":9,""searchVolume"":140},{""year"":2025,""month"":8,""searchVolume"":210},{""year"":2025,""month"":7,""searchVolume"":260}]"
new builds vancouver,2124,en,90,21,2.32,commercial,"[{""year"":2026,""month"":6,""searchVolume"":90},{""year"":2026,""month"":5,""searchVolume"":110},{""year"":2026,""month"":4,""searchVolume"":90},{""year"":2026,""month"":3,""searchVolume"":110},{""year"":2026,""month"":2,""searchVolume"":70},{""year"":2026,""month"":1,""searchVolume"":110},{""year"":2025,""month"":12,""searchVolume"":70},{""year"":2025,""month"":11,""searchVolume"":70},{""year"":2025,""month"":10,""searchVolume"":110},{""year"":2025,""month"":9,""searchVolume"":90},{""year"":2025,""month"":8,""searchVolume"":110},{""year"":2025,""month"":7,""searchVolume"":110}]"
rosedale condominiums vancouver,2124,en,170,0,2.34,navigational,"[{""year"":2026,""month"":7,""searchVolume"":170},{""year"":2026,""month"":6,""searchVolume"":320},{""year"":2026,""month"":5,""searchVolume"":210},{""year"":2026,""month"":4,""searchVolume"":210},{""year"":2026,""month"":3,""searchVolume"":170},{""year"":2026,""month"":2,""searchVolume"":110},{""year"":2026,""month"":1,""searchVolume"":140},{""year"":2025,""month"":12,""searchVolume"":70},{""year"":2025,""month"":11,""searchVolume"":110},{""year"":2025,""month"":10,""searchVolume"":140},{""year"":2025,""month"":9,""searchVolume"":260},{""year"":2025,""month"":8,""searchVolume"":140}]"
university family housing,2124,en,70,0,,navigational,"[{""year"":2026,""month"":7,""searchVolume"":70},{""year"":2026,""month"":6,""searchVolume"":70},{""year"":2026,""month"":5,""searchVolume"":90},{""year"":2026,""month"":4,""searchVolume"":110},{""year"":2026,""month"":3,""searchVolume"":90},{""year"":2026,""month"":2,""searchVolume"":70},{""year"":2026,""month"":1,""searchVolume"":70},{""year"":2025,""month"":12,""searchVolume"":30},{""year"":2025,""month"":11,""searchVolume"":70},{""year"":2025,""month"":10,""searchVolume"":50},{""year"":2025,""month"":9,""searchVolume"":90},{""year"":2025,""month"":8,""searchVolume"":70}]"
best places to live in vancouver,2124,en,320,0,,informational,"[{""year"":2026,""month"":7,""searchVolume"":320},{""year"":2026,""month"":6,""searchVolume"":210},{""year"":2026,""month"":5,""searchVolume"":320},{""year"":2026,""month"":4,""searchVolume"":320},{""year"":2026,""month"":3,""searchVolume"":320},{""year"":2026,""month"":2,""searchVolume"":320},{""year"":2026,""month"":1,""searchVolume"":320},{""year"":2025,""month"":12,""searchVolume"":260},{""year"":2025,""month"":11,""searchVolume"":260},{""year"":2025,""month"":10,""searchVolume"":260},{""year"":2025,""month"":9,""searchVolume"":320},{""year"":2025,""month"":8,""searchVolume"":320}]"
vancouver student housing,2124,en,320,21,,navigational,"[{""year"":2026,""month"":7,""searchVolume"":320},{""year"":2026,""month"":6,""searchVolume"":260},{""year"":2026,""month"":5,""searchVolume"":320},{""year"":2026,""month"":4,""searchVolume"":320},{""year"":2026,""month"":3,""searchVolume"":480},{""year"":2026,""month"":2,""searchVolume"":320},{""year"":2026,""month"":1,""searchVolume"":390},{""year"":2025,""month"":12,""searchVolume"":170},{""year"":2025,""month"":11,""searchVolume"":320},{""year"":2025,""month"":10,""searchVolume"":390},{""year"":2025,""month"":9,""searchVolume"":390},{""year"":2025,""month"":8,""searchVolume"":390}]"
apartments west vancouver,2124,en,170,0,0.54,commercial,"[{""year"":2026,""month"":7,""searchVolume"":170},{""year"":2026,""month"":6,""searchVolume"":140},{""year"":2026,""month"":5,""searchVolume"":170},{""year"":2026,""month"":4,""searchVolume"":210},{""year"":2026,""month"":3,""searchVolume"":210},{""year"":2026,""month"":2,""searchVolume"":170},{""year"":2026,""month"":1,""searchVolume"":170},{""year"":2025,""month"":12,""searchVolume"":110},{""year"":2025,""month"":11,""searchVolume"":110},{""year"":2025,""month"":10,""searchVolume"":170},{""year"":2025,""month"":9,""searchVolume"":170},{""year"":2025,""month"":8,""searchVolume"":260}]"
cheap housing vancouver,2124,en,140,0,0.89,commercial,"[{""year"":2026,""month"":7,""searchVolume"":110},{""year"":2026,""month"":6,""searchVolume"":140},{""year"":2026,""month"":5,""searchVolume"":140},{""year"":2026,""month"":4,""searchVolume"":140},{""year"":2026,""month"":3,""searchVolume"":110},{""year"":2026,""month"":2,""searchVolume"":90},{""year"":2026,""month"":1,""searchVolume"":140},{""year"":2025,""month"":12,""searchVolume"":110},{""year"":2025,""month"":11,""searchVolume"":140},{""year"":2025,""month"":10,""searchVolume"":110},{""year"":2025,""month"":9,""searchVolume"":110},{""year"":2025,""month"":8,""searchVolume"":140}]"
craigslist vancouver apartments for rent,2124,en,390,9,1.89,navigational,"[{""year"":2026,""month"":7,""searchVolume"":320},{""year"":2026,""month"":6,""searchVolume"":390},{""year"":2026,""month"":5,""searchVolume"":390},{""year"":2026,""month"":4,""searchVolume"":320},{""year"":2026,""month"":3,""searchVolume"":320},{""year"":2026,""month"":2,""searchVolume"":390},{""year"":2026,""month"":1,""searchVolume"":590},{""year"":2025,""month"":12,""searchVolume"":390},{""year"":2025,""month"":11,""searchVolume"":320},{""year"":2025,""month"":10,""searchVolume"":390},{""year"":2025,""month"":9,""searchVolume"":480},{""year"":2025,""month"":8,""searchVolume"":480}]"
vancouver aparthotels,2124,en,210,4,,transactional,"[{""year"":2026,""month"":7,""searchVolume"":320},{""year"":2026,""month"":6,""searchVolume"":260},{""year"":2026,""month"":5,""searchVolume"":170},{""year"":2026,""month"":4,""searchVolume"":210},{""year"":2026,""month"":3,""searchVolume"":210},{""year"":2026,""month"":2,""searchVolume"":170},{""year"":2026,""month"":1,""searchVolume"":210},{""year"":2025,""month"":12,""searchVolume"":110},{""year"":2025,""month"":11,""searchVolume"":140},{""year"":2025,""month"":10,""searchVolume"":170},{""year"":2025,""month"":9,""searchVolume"":210},{""year"":2025,""month"":8,""searchVolume"":210}]"
rental units vancouver,2124,en,90,8,0.64,commercial,"[{""year"":2026,""month"":6,""searchVolume"":70},{""year"":2026,""month"":5,""searchVolume"":90},{""year"":2026,""month"":4,""searchVolume"":90},{""year"":2026,""month"":3,""searchVolume"":90},{""year"":2026,""month"":2,""searchVolume"":70},{""year"":2026,""month"":1,""searchVolume"":90},{""year"":2025,""month"":12,""searchVolume"":50},{""year"":2025,""month"":11,""searchVolume"":50},{""year"":2025,""month"":10,""searchVolume"":90},{""year"":2025,""month"":9,""searchVolume"":90},{""year"":2025,""month"":8,""searchVolume"":90},{""year"":2025,""month"":7,""searchVolume"":90}]"
firstservice residential vancouver reviews,2124,en,390,0,5.52,commercial,"[{""year"":2026,""month"":7,""searchVolume"":260},{""year"":2026,""month"":6,""searchVolume"":260},{""year"":2026,""month"":5,""searchVolume"":320},{""year"":2026,""month"":4,""searchVolume"":480},{""year"":2026,""month"":3,""searchVolume"":320},{""year"":2026,""month"":2,""searchVolume"":260},{""year"":2026,""month"":1,""searchVolume"":320},{""year"":2025,""month"":12,""searchVolume"":390},{""year"":2025,""month"":11,""searchVolume"":1000},{""year"":2025,""month"":10,""searchVolume"":320},{""year"":2025,""month"":9,""searchVolume"":320},{""year"":2025,""month"":8,""searchVolume"":320}]"
west vancouver mansions,2124,en,110,0,,commercial,"[{""year"":2026,""month"":7,""searchVolume"":90},{""year"":2026,""month"":6,""searchVolume"":90},{""year"":2026,""month"":5,""searchVolume"":140},{""year"":2026,""month"":4,""searchVolume"":90},{""year"":2026,""month"":3,""searchVolume"":110},{""year"":2026,""month"":2,""searchVolume"":110},{""year"":2026,""month"":1,""searchVolume"":140},{""year"":2025,""month"":12,""searchVolume"":90},{""year"":2025,""month"":11,""searchVolume"":110},{""year"":2025,""month"":10,""searchVolume"":110},{""year"":2025,""month"":9,""searchVolume"":110},{""year"":2025,""month"":8,""searchVolume"":170}]"
vancouver condo bailout,2124,en,260,,,informational,"[{""year"":2026,""month"":7,""searchVolume"":720},{""year"":2026,""month"":6,""searchVolume"":2400},{""year"":2026,""month"":5,""searchVolume"":0},{""year"":2026,""month"":4,""searchVolume"":0},{""year"":2026,""month"":3,""searchVolume"":0},{""year"":2026,""month"":2,""searchVolume"":0},{""year"":2026,""month"":1,""searchVolume"":0},{""year"":2025,""month"":12,""searchVolume"":0},{""year"":2025,""month"":11,""searchVolume"":0},{""year"":2025,""month"":10,""searchVolume"":0},{""year"":2025,""month"":9,""searchVolume"":0},{""year"":2025,""month"":8,""searchVolume"":0}]"
condo document review vancouver,2124,en,,,,informational,"[{""year"":2026,""month"":5,""searchVolume"":0},{""year"":2026,""month"":4,""searchVolume"":0},{""year"":2026,""month"":3,""searchVolume"":0},{""year"":2026,""month"":2,""searchVolume"":0},{""year"":2026,""month"":1,""searchVolume"":0},{""year"":2025,""month"":12,""searchVolume"":0},{""year"":2025,""month"":11,""searchVolume"":0},{""year"":2025,""month"":10,""searchVolume"":0},{""year"":2025,""month"":9,""searchVolume"":0},{""year"":2025,""month"":8,""searchVolume"":0},{""year"":2025,""month"":7,""searchVolume"":0},{""year"":2025,""month"":6,""searchVolume"":0}]"
vancouver downtown new condo,2124,en,,0,,navigational,"[{""year"":2026,""month"":5,""searchVolume"":0},{""year"":2026,""month"":4,""searchVolume"":0},{""year"":2026,""month"":3,""searchVolume"":0},{""year"":2026,""month"":2,""searchVolume"":0},{""year"":2026,""month"":1,""searchVolume"":0},{""year"":2025,""month"":12,""searchVolume"":0},{""year"":2025,""month"":11,""searchVolume"":0},{""year"":2025,""month"":10,""searchVolume"":0},{""year"":2025,""month"":9,""searchVolume"":0},{""year"":2025,""month"":8,""searchVolume"":0},{""year"":2025,""month"":7,""searchVolume"":0},{""year"":2025,""month"":6,""searchVolume"":0}]"
vancouver high rise apartments,2124,en,50,42,2.04,commercial,"[{""year"":2026,""month"":7,""searchVolume"":30},{""year"":2026,""month"":6,""searchVolume"":40},{""year"":2026,""month"":5,""searchVolume"":40},{""year"":2026,""month"":4,""searchVolume"":40},{""year"":2026,""month"":3,""searchVolume"":70},{""year"":2026,""month"":2,""searchVolume"":70},{""year"":2026,""month"":1,""searchVolume"":70},{""year"":2025,""month"":12,""searchVolume"":40},{""year"":2025,""month"":11,""searchVolume"":70},{""year"":2025,""month"":10,""searchVolume"":30},{""year"":2025,""month"":9,""searchVolume"":30},{""year"":2025,""month"":8,""searchVolume"":20}]"
north vancouver condo rentals,2124,en,320,0,1.13,commercial,"[{""year"":2026,""month"":7,""searchVolume"":320},{""year"":2026,""month"":6,""searchVolume"":320},{""year"":2026,""month"":5,""searchVolume"":320},{""year"":2026,""month"":4,""searchVolume"":390},{""year"":2026,""month"":3,""searchVolume"":320},{""year"":2026,""month"":2,""searchVolume"":320},{""year"":2026,""month"":1,""searchVolume"":390},{""year"":2025,""month"":12,""searchVolume"":260},{""year"":2025,""month"":11,""searchVolume"":210},{""year"":2025,""month"":10,""searchVolume"":260},{""year"":2025,""month"":9,""searchVolume"":210},{""year"":2025,""month"":8,""searchVolume"":260}]"
aria apartments vancouver,2124,en,70,0,,navigational,"[{""year"":2026,""month"":7,""searchVolume"":50},{""year"":2026,""month"":6,""searchVolume"":90},{""year"":2026,""month"":5,""searchVolume"":70},{""year"":2026,""month"":4,""searchVolume"":50},{""year"":2026,""month"":3,""searchVolume"":110},{""year"":2026,""month"":2,""searchVolume"":70},{""year"":2026,""month"":1,""searchVolume"":90},{""year"":2025,""month"":12,""searchVolume"":40},{""year"":2025,""month"":11,""searchVolume"":70},{""year"":2025,""month"":10,""searchVolume"":70},{""year"":2025,""month"":9,""searchVolume"":90},{""year"":2025,""month"":8,""searchVolume"":90}]"
north vancouver condo listings,2124,en,320,0,1.08,commercial,"[{""year"":2026,""month"":7,""searchVolume"":260},{""year"":2026,""month"":6,""searchVolume"":260},{""year"":2026,""month"":5,""searchVolume"":260},{""year"":2026,""month"":4,""searchVolume"":260},{""year"":2026,""month"":3,""searchVolume"":320},{""year"":2026,""month"":2,""searchVolume"":390},{""year"":2026,""month"":1,""searchVolume"":320},{""year"":2025,""month"":12,""searchVolume"":210},{""year"":2025,""month"":11,""searchVolume"":320},{""year"":2025,""month"":10,""searchVolume"":320},{""year"":2025,""month"":9,""searchVolume"":390},{""year"":2025,""month"":8,""searchVolume"":390}]"
townhouse in north vancouver,2124,en,320,0,1.7,commercial,"[{""year"":2026,""month"":6,""searchVolume"":320},{""year"":2026,""month"":5,""searchVolume"":480},{""year"":2026,""month"":4,""searchVolume"":390},{""year"":2026,""month"":3,""searchVolume"":320},{""year"":2026,""month"":2,""searchVolume"":260},{""year"":2026,""month"":1,""searchVolume"":320},{""year"":2025,""month"":12,""searchVolume"":260},{""year"":2025,""month"":11,""searchVolume"":260},{""year"":2025,""month"":10,""searchVolume"":390},{""year"":2025,""month"":9,""searchVolume"":390},{""year"":2025,""month"":8,""searchVolume"":320},{""year"":2025,""month"":7,""searchVolume"":320}]"
single family homes in vancouver canada,2124,en,30,0,1.37,commercial,"[{""year"":2026,""month"":7,""searchVolume"":30},{""year"":2026,""month"":6,""searchVolume"":30},{""year"":2026,""month"":5,""searchVolume"":20},{""year"":2026,""month"":4,""searchVolume"":30},{""year"":2026,""month"":3,""searchVolume"":20},{""year"":2026,""month"":2,""searchVolume"":30},{""year"":2026,""month"":1,""searchVolume"":20},{""year"":2025,""month"":12,""searchVolume"":20},{""year"":2025,""month"":11,""searchVolume"":20},{""year"":2025,""month"":10,""searchVolume"":30},{""year"":2025,""month"":9,""searchVolume"":40},{""year"":2025,""month"":8,""searchVolume"":50}]"
low income housing west vancouver,2124,en,,,,informational,"[{""year"":2026,""month"":5,""searchVolume"":0},{""year"":2026,""month"":4,""searchVolume"":0},{""year"":2026,""month"":3,""searchVolume"":0},{""year"":2026,""month"":2,""searchVolume"":0},{""year"":2026,""month"":1,""searchVolume"":0},{""year"":2025,""month"":12,""searchVolume"":0},{""year"":2025,""month"":11,""searchVolume"":0},{""year"":2025,""month"":10,""searchVolume"":0},{""year"":2025,""month"":9,""searchVolume"":0},{""year"":2025,""month"":8,""searchVolume"":0},{""year"":2025,""month"":7,""searchVolume"":0},{""year"":2025,""month"":6,""searchVolume"":0}]"
west vancouver luxury homes,2124,en,90,1,,commercial,"[{""year"":2026,""month"":7,""searchVolume"":110},{""year"":2026,""month"":6,""searchVolume"":90},{""year"":2026,""month"":5,""searchVolume"":110},{""year"":2026,""month"":4,""searchVolume"":90},{""year"":2026,""month"":3,""searchVolume"":70},{""year"":2026,""month"":2,""searchVolume"":90},{""year"":2026,""month"":1,""searchVolume"":70},{""year"":2025,""month"":12,""searchVolume"":90},{""year"":2025,""month"":11,""searchVolume"":70},{""year"":2025,""month"":10,""searchVolume"":90},{""year"":2025,""month"":9,""searchVolume"":140},{""year"":2025,""month"":8,""searchVolume"":90}]"
med housing vancouver,2124,en,20,,2.18,navigational,"[{""year"":2026,""month"":7,""searchVolume"":20},{""year"":2026,""month"":6,""searchVolume"":20},{""year"":2026,""month"":5,""searchVolume"":20},{""year"":2026,""month"":4,""searchVolume"":20},{""year"":2026,""month"":3,""searchVolume"":50},{""year"":2026,""month"":2,""searchVolume"":20},{""year"":2026,""month"":1,""searchVolume"":10},{""year"":2025,""month"":12,""searchVolume"":10},{""year"":2025,""month"":11,""searchVolume"":10},{""year"":2025,""month"":10,""searchVolume"":20},{""year"":2025,""month"":9,""searchVolume"":20},{""year"":2025,""month"":8,""searchVolume"":0}]"
evergreen house north vancouver,2124,en,210,0,5.75,navigational,"[{""year"":2026,""month"":6,""searchVolume"":260},{""year"":2026,""month"":5,""searchVolume"":210},{""year"":2026,""month"":4,""searchVolume"":210},{""year"":2026,""month"":3,""searchVolume"":260},{""year"":2026,""month"":2,""searchVolume"":260},{""year"":2026,""month"":1,""searchVolume"":320},{""year"":2025,""month"":12,""searchVolume"":260},{""year"":2025,""month"":11,""searchVolume"":210},{""year"":2025,""month"":10,""searchVolume"":170},{""year"":2025,""month"":9,""searchVolume"":210},{""year"":2025,""month"":8,""searchVolume"":210},{""year"":2025,""month"":7,""searchVolume"":170}]"
shared housing vancouver,2124,en,40,0,0.69,commercial,"[{""year"":2026,""month"":7,""searchVolume"":70},{""year"":2026,""month"":6,""searchVolume"":30},{""year"":2026,""month"":5,""searchVolume"":30},{""year"":2026,""month"":4,""searchVolume"":30},{""year"":2026,""month"":3,""searchVolume"":30},{""year"":2026,""month"":2,""searchVolume"":40},{""year"":2026,""month"":1,""searchVolume"":40},{""year"":2025,""month"":12,""searchVolume"":30},{""year"":2025,""month"":11,""searchVolume"":30},{""year"":2025,""month"":10,""searchVolume"":30},{""year"":2025,""month"":9,""searchVolume"":40},{""year"":2025,""month"":8,""searchVolume"":50}]"
apartments for rent vancouver west end,2124,en,390,2,,transactional,"[{""year"":2026,""month"":7,""searchVolume"":480},{""year"":2026,""month"":6,""searchVolume"":390},{""year"":2026,""month"":5,""searchVolume"":590},{""year"":2026,""month"":4,""searchVolume"":480},{""year"":2026,""month"":3,""searchVolume"":480},{""year"":2026,""month"":2,""searchVolume"":390},{""year"":2026,""month"":1,""searchVolume"":390},{""year"":2025,""month"":12,""searchVolume"":260},{""year"":2025,""month"":11,""searchVolume"":320},{""year"":2025,""month"":10,""searchVolume"":320},{""year"":2025,""month"":9,""searchVolume"":320},{""year"":2025,""month"":8,""searchVolume"":390}]"
senior housing vancouver bc,2124,en,260,22,7.95,commercial,"[{""year"":2026,""month"":7,""searchVolume"":210},{""year"":2026,""month"":6,""searchVolume"":170},{""year"":2026,""month"":5,""searchVolume"":210},{""year"":2026,""month"":4,""searchVolume"":210},{""year"":2026,""month"":3,""searchVolume"":260},{""year"":2026,""month"":2,""searchVolume"":210},{""year"":2026,""month"":1,""searchVolume"":320},{""year"":2025,""month"":12,""searchVolume"":260},{""year"":2025,""month"":11,""searchVolume"":260},{""year"":2025,""month"":10,""searchVolume"":260},{""year"":2025,""month"":9,""searchVolume"":260},{""year"":2025,""month"":8,""searchVolume"":210}]"
vancouver west end apartments for rent,2124,en,390,0,,navigational,"[{""year"":2026,""month"":7,""searchVolume"":480},{""year"":2026,""month"":6,""searchVolume"":390},{""year"":2026,""month"":5,""searchVolume"":590},{""year"":2026,""month"":4,""searchVolume"":480},{""year"":2026,""month"":3,""searchVolume"":480},{""year"":2026,""month"":2,""searchVolume"":390},{""year"":2026,""month"":1,""searchVolume"":390},{""year"":2025,""month"":12,""searchVolume"":260},{""year"":2025,""month"":11,""searchVolume"":320},{""year"":2025,""month"":10,""searchVolume"":320},{""year"":2025,""month"":9,""searchVolume"":320},{""year"":2025,""month"":8,""searchVolume"":390}]"
north vancouver accommodations,2124,en,210,0,2.94,commercial,"[{""year"":2026,""month"":7,""searchVolume"":260},{""year"":2026,""month"":6,""searchVolume"":170},{""year"":2026,""month"":5,""searchVolume"":210},{""year"":2026,""month"":4,""searchVolume"":260},{""year"":2026,""month"":3,""searchVolume"":210},{""year"":2026,""month"":2,""searchVolume"":170},{""year"":2026,""month"":1,""searchVolume"":260},{""year"":2025,""month"":12,""searchVolume"":140},{""year"":2025,""month"":11,""searchVolume"":170},{""year"":2025,""month"":10,""searchVolume"":210},{""year"":2025,""month"":9,""searchVolume"":210},{""year"":2025,""month"":8,""searchVolume"":260}]"
north vancouver apartments,2124,en,170,0,0.83,navigational,"[{""year"":2026,""month"":7,""searchVolume"":170},{""year"":2026,""month"":6,""searchVolume"":170},{""year"":2026,""month"":5,""searchVolume"":170},{""year"":2026,""month"":4,""searchVolume"":170},{""year"":2026,""month"":3,""searchVolume"":210},{""year"":2026,""month"":2,""searchVolume"":170},{""year"":2026,""month"":1,""searchVolume"":170},{""year"":2025,""month"":12,""searchVolume"":140},{""year"":2025,""month"":11,""searchVolume"":170},{""year"":2025,""month"":10,""searchVolume"":140},{""year"":2025,""month"":9,""searchVolume"":170},{""year"":2025,""month"":8,""searchVolume"":170}]"
trainwrecks vancouver apartment,2124,en,20,,,navigational,"[{""year"":2026,""month"":7,""searchVolume"":10},{""year"":2026,""month"":6,""searchVolume"":10},{""year"":2026,""month"":5,""searchVolume"":20},{""year"":2026,""month"":4,""searchVolume"":20},{""year"":2026,""month"":3,""searchVolume"":20},{""year"":2026,""month"":2,""searchVolume"":10},{""year"":2026,""month"":1,""searchVolume"":20},{""year"":2025,""month"":12,""searchVolume"":20},{""year"":2025,""month"":11,""searchVolume"":20},{""year"":2025,""month"":10,""searchVolume"":20},{""year"":2025,""month"":9,""searchVolume"":30},{""year"":2025,""month"":8,""searchVolume"":30}]"
apartment buildings for sale vancouver,2124,en,170,3,,commercial,"[{""year"":2026,""month"":7,""searchVolume"":170},{""year"":2026,""month"":6,""searchVolume"":170},{""year"":2026,""month"":5,""searchVolume"":140},{""year"":2026,""month"":4,""searchVolume"":210},{""year"":2026,""month"":3,""searchVolume"":170},{""year"":2026,""month"":2,""searchVolume"":140},{""year"":2026,""month"":1,""searchVolume"":210},{""year"":2025,""month"":12,""searchVolume"":170},{""year"":2025,""month"":11,""searchVolume"":170},{""year"":2025,""month"":10,""searchVolume"":110},{""year"":2025,""month"":9,""searchVolume"":170},{""year"":2025,""month"":8,""searchVolume"":140}]"
west end apartments for rent vancouver,2124,en,390,2,0.62,commercial,"[{""year"":2026,""month"":6,""searchVolume"":390},{""year"":2026,""month"":5,""searchVolume"":590},{""year"":2026,""month"":4,""searchVolume"":480},{""year"":2026,""month"":3,""searchVolume"":480},{""year"":2026,""month"":2,""searchVolume"":390},{""year"":2026,""month"":1,""searchVolume"":390},{""year"":2025,""month"":12,""searchVolume"":260},{""year"":2025,""month"":11,""searchVolume"":320},{""year"":2025,""month"":10,""searchVolume"":320},{""year"":2025,""month"":9,""searchVolume"":320},{""year"":2025,""month"":8,""searchVolume"":390},{""year"":2025,""month"":7,""searchVolume"":320}]"
luxury apartments in vancouver,2124,en,210,10,1.55,commercial,"[{""year"":2026,""month"":7,""searchVolume"":260},{""year"":2026,""month"":6,""searchVolume"":170},{""year"":2026,""month"":5,""searchVolume"":210},{""year"":2026,""month"":4,""searchVolume"":170},{""year"":2026,""month"":3,""searchVolume"":210},{""year"":2026,""month"":2,""searchVolume"":210},{""year"":2026,""month"":1,""searchVolume"":170},{""year"":2025,""month"":12,""searchVolume"":170},{""year"":2025,""month"":11,""searchVolume"":140},{""year"":2025,""month"":10,""searchVolume"":170},{""year"":2025,""month"":9,""searchVolume"":140},{""year"":2025,""month"":8,""searchVolume"":210}]"
craigslist vancouver loft,2124,en,,,,navigational,"[{""year"":2026,""month"":5,""searchVolume"":0},{""year"":2026,""month"":4,""searchVolume"":0},{""year"":2026,""month"":3,""searchVolume"":0},{""year"":2026,""month"":2,""searchVolume"":0},{""year"":2026,""month"":1,""searchVolume"":0},{""year"":2025,""month"":12,""searchVolume"":0},{""year"":2025,""month"":11,""searchVolume"":0},{""year"":2025,""month"":10,""searchVolume"":0},{""year"":2025,""month"":9,""searchVolume"":0},{""year"":2025,""month"":8,""searchVolume"":0},{""year"":2025,""month"":7,""searchVolume"":0},{""year"":2025,""month"":6,""searchVolume"":0}]"
cecil green park house vancouver,2124,en,70,0,,navigational,"[{""year"":2026,""month"":6,""searchVolume"":70},{""year"":2026,""month"":5,""searchVolume"":70},{""year"":2026,""month"":4,""searchVolume"":40},{""year"":2026,""month"":3,""searchVolume"":50},{""year"":2026,""month"":2,""searchVolume"":70},{""year"":2026,""month"":1,""searchVolume"":70},{""year"":2025,""month"":12,""searchVolume"":40},{""year"":2025,""month"":11,""searchVolume"":70},{""year"":2025,""month"":10,""searchVolume"":30},{""year"":2025,""month"":9,""searchVolume"":70},{""year"":2025,""month"":8,""searchVolume"":70},{""year"":2025,""month"":7,""searchVolume"":70}]"
cheap apartments for rent in vancouver,2124,en,170,6,0.53,commercial,"[{""year"":2026,""month"":7,""searchVolume"":140},{""year"":2026,""month"":6,""searchVolume"":170},{""year"":2026,""month"":5,""searchVolume"":140},{""year"":2026,""month"":4,""searchVolume"":110},{""year"":2026,""month"":3,""searchVolume"":140},{""year"":2026,""month"":2,""searchVolume"":110},{""year"":2026,""month"":1,""searchVolume"":210},{""year"":2025,""month"":12,""searchVolume"":140},{""year"":2025,""month"":11,""searchVolume"":140},{""year"":2025,""month"":10,""searchVolume"":140},{""year"":2025,""month"":9,""searchVolume"":260},{""year"":2025,""month"":8,""searchVolume"":210}]"
long term rental vancouver,2124,en,30,18,,commercial,"[{""year"":2026,""month"":7,""searchVolume"":50},{""year"":2026,""month"":6,""searchVolume"":30},{""year"":2026,""month"":5,""searchVolume"":30},{""year"":2026,""month"":4,""searchVolume"":50},{""year"":2026,""month"":3,""searchVolume"":40},{""year"":2026,""month"":2,""searchVolume"":40},{""year"":2026,""month"":1,""searchVolume"":30},{""year"":2025,""month"":12,""searchVolume"":20},{""year"":2025,""month"":11,""searchVolume"":20},{""year"":2025,""month"":10,""searchVolume"":20},{""year"":2025,""month"":9,""searchVolume"":30},{""year"":2025,""month"":8,""searchVolume"":30}]"
apartment for rent vancouver craigslist,2124,en,260,9,1.2,navigational,"[{""year"":2026,""month"":7,""searchVolume"":260},{""year"":2026,""month"":6,""searchVolume"":210},{""year"":2026,""month"":5,""searchVolume"":320},{""year"":2026,""month"":4,""searchVolume"":260},{""year"":2026,""month"":3,""searchVolume"":320},{""year"":2026,""month"":2,""searchVolume"":260},{""year"":2026,""month"":1,""searchVolume"":320},{""year"":2025,""month"":12,""searchVolume"":210},{""year"":2025,""month"":11,""searchVolume"":210},{""year"":2025,""month"":10,""searchVolume"":260},{""year"":2025,""month"":9,""searchVolume"":260},{""year"":2025,""month"":8,""searchVolume"":210}]"
furnished apartments north vancouver,2124,en,30,37,1.22,commercial,"[{""year"":2026,""month"":7,""searchVolume"":10},{""year"":2026,""month"":6,""searchVolume"":40},{""year"":2026,""month"":5,""searchVolume"":30},{""year"":2026,""month"":4,""searchVolume"":30},{""year"":2026,""month"":3,""searchVolume"":40},{""year"":2026,""month"":2,""searchVolume"":20},{""year"":2026,""month"":1,""searchVolume"":40},{""year"":2025,""month"":12,""searchVolume"":30},{""year"":2025,""month"":11,""searchVolume"":30},{""year"":2025,""month"":10,""searchVolume"":20},{""year"":2025,""month"":9,""searchVolume"":30},{""year"":2025,""month"":8,""searchVolume"":30}]"
apartments for rent in west end vancouver,2124,en,390,0,0.65,transactional,"[{""year"":2026,""month"":7,""searchVolume"":480},{""year"":2026,""month"":6,""searchVolume"":390},{""year"":2026,""month"":5,""searchVolume"":590},{""year"":2026,""month"":4,""searchVolume"":480},{""year"":2026,""month"":3,""searchVolume"":480},{""year"":2026,""month"":2,""searchVolume"":390},{""year"":2026,""month"":1,""searchVolume"":390},{""year"":2025,""month"":12,""searchVolume"":260},{""year"":2025,""month"":11,""searchVolume"":320},{""year"":2025,""month"":10,""searchVolume"":320},{""year"":2025,""month"":9,""searchVolume"":320},{""year"":2025,""month"":8,""searchVolume"":390}]"
container homes vancouver bc,2124,en,30,3,,commercial,"[{""year"":2026,""month"":7,""searchVolume"":20},{""year"":2026,""month"":6,""searchVolume"":30},{""year"":2026,""month"":5,""searchVolume"":20},{""year"":2026,""month"":4,""searchVolume"":20},{""year"":2026,""month"":3,""searchVolume"":40},{""year"":2026,""month"":2,""searchVolume"":20},{""year"":2026,""month"":1,""searchVolume"":40},{""year"":2025,""month"":12,""searchVolume"":30},{""year"":2025,""month"":11,""searchVolume"":30},{""year"":2025,""month"":10,""searchVolume"":40},{""year"":2025,""month"":9,""searchVolume"":50},{""year"":2025,""month"":8,""searchVolume"":30}]"
vancouver island strata owners association,2124,en,70,1,,navigational,"[{""year"":2026,""month"":6,""searchVolume"":90},{""year"":2026,""month"":5,""searchVolume"":50},{""year"":2026,""month"":4,""searchVolume"":50},{""year"":2026,""month"":3,""searchVolume"":50},{""year"":2026,""month"":2,""searchVolume"":70},{""year"":2026,""month"":1,""searchVolume"":90},{""year"":2025,""month"":12,""searchVolume"":50},{""year"":2025,""month"":11,""searchVolume"":70},{""year"":2025,""month"":10,""searchVolume"":90},{""year"":2025,""month"":9,""searchVolume"":70},{""year"":2025,""month"":8,""searchVolume"":50},{""year"":2025,""month"":7,""searchVolume"":50}]"
vancouver affordable housing,2124,en,140,6,1.58,informational,"[{""year"":2026,""month"":7,""searchVolume"":170},{""year"":2026,""month"":6,""searchVolume"":170},{""year"":2026,""month"":5,""searchVolume"":110},{""year"":2026,""month"":4,""searchVolume"":140},{""year"":2026,""month"":3,""searchVolume"":140},{""year"":2026,""month"":2,""searchVolume"":110},{""year"":2026,""month"":1,""searchVolume"":140},{""year"":2025,""month"":12,""searchVolume"":110},{""year"":2025,""month"":11,""searchVolume"":140},{""year"":2025,""month"":10,""searchVolume"":170},{""year"":2025,""month"":9,""searchVolume"":170},{""year"":2025,""month"":8,""searchVolume"":170}]"
multi family residential property,2124,en,70,0,,commercial,"[{""year"":2026,""month"":7,""searchVolume"":40},{""year"":2026,""month"":6,""searchVolume"":70},{""year"":2026,""month"":5,""searchVolume"":70},{""year"":2026,""month"":4,""searchVolume"":70},{""year"":2026,""month"":3,""searchVolume"":70},{""year"":2026,""month"":2,""searchVolume"":70},{""year"":2026,""month"":1,""searchVolume"":90},{""year"":2025,""month"":12,""searchVolume"":70},{""year"":2025,""month"":11,""searchVolume"":70},{""year"":2025,""month"":10,""searchVolume"":40},{""year"":2025,""month"":9,""searchVolume"":50},{""year"":2025,""month"":8,""searchVolume"":70}]"
condos for rent in west vancouver,2124,en,110,0,0.62,commercial,"[{""year"":2026,""month"":7,""searchVolume"":170},{""year"":2026,""month"":6,""searchVolume"":140},{""year"":2026,""month"":5,""searchVolume"":140},{""year"":2026,""month"":4,""searchVolume"":110},{""year"":2026,""month"":3,""searchVolume"":90},{""year"":2026,""month"":2,""searchVolume"":110},{""year"":2026,""month"":1,""searchVolume"":140},{""year"":2025,""month"":12,""searchVolume"":90},{""year"":2025,""month"":11,""searchVolume"":90},{""year"":2025,""month"":10,""searchVolume"":90},{""year"":2025,""month"":9,""searchVolume"":110},{""year"":2025,""month"":8,""searchVolume"":170}]"
luxury condos vancouver,2124,en,140,2,0.86,commercial,"[{""year"":2026,""month"":6,""searchVolume"":210},{""year"":2026,""month"":5,""searchVolume"":140},{""year"":2026,""month"":4,""searchVolume"":140},{""year"":2026,""month"":3,""searchVolume"":110},{""year"":2026,""month"":2,""searchVolume"":140},{""year"":2026,""month"":1,""searchVolume"":140},{""year"":2025,""month"":12,""searchVolume"":140},{""year"":2025,""month"":11,""searchVolume"":110},{""year"":2025,""month"":10,""searchVolume"":110},{""year"":2025,""month"":9,""searchVolume"":110},{""year"":2025,""month"":8,""searchVolume"":110},{""year"":2025,""month"":7,""searchVolume"":140}]"
non market housing vancouver,2124,en,50,20,,commercial,"[{""year"":2026,""month"":6,""searchVolume"":20},{""year"":2026,""month"":5,""searchVolume"":50},{""year"":2026,""month"":4,""searchVolume"":40},{""year"":2026,""month"":3,""searchVolume"":50},{""year"":2026,""month"":2,""searchVolume"":40},{""year"":2026,""month"":1,""searchVolume"":40},{""year"":2025,""month"":12,""searchVolume"":40},{""year"":2025,""month"":11,""searchVolume"":50},{""year"":2025,""month"":10,""searchVolume"":50},{""year"":2025,""month"":9,""searchVolume"":50},{""year"":2025,""month"":8,""searchVolume"":50},{""year"":2025,""month"":7,""searchVolume"":50}]"
north vancouver studio for rent,2124,en,70,0,0.78,commercial,"[{""year"":2026,""month"":6,""searchVolume"":50},{""year"":2026,""month"":5,""searchVolume"":50},{""year"":2026,""month"":4,""searchVolume"":70},{""year"":2026,""month"":3,""searchVolume"":70},{""year"":2026,""month"":2,""searchVolume"":50},{""year"":2026,""month"":1,""searchVolume"":70},{""year"":2025,""month"":12,""searchVolume"":50},{""year"":2025,""month"":11,""searchVolume"":70},{""year"":2025,""month"":10,""searchVolume"":70},{""year"":2025,""month"":9,""searchVolume"":90},{""year"":2025,""month"":8,""searchVolume"":90},{""year"":2025,""month"":7,""searchVolume"":90}]"
serviced apartment vancouver,2124,en,140,1,,commercial,"[{""year"":2026,""month"":7,""searchVolume"":110},{""year"":2026,""month"":6,""searchVolume"":90},{""year"":2026,""month"":5,""searchVolume"":140},{""year"":2026,""month"":4,""searchVolume"":140},{""year"":2026,""month"":3,""searchVolume"":140},{""year"":2026,""month"":2,""searchVolume"":140},{""year"":2026,""month"":1,""searchVolume"":140},{""year"":2025,""month"":12,""searchVolume"":90},{""year"":2025,""month"":11,""searchVolume"":90},{""year"":2025,""month"":10,""searchVolume"":90},{""year"":2025,""month"":9,""searchVolume"":260},{""year"":2025,""month"":8,""searchVolume"":210}]"
small condo vancouver,2124,en,,,,commercial,"[{""year"":2026,""month"":5,""searchVolume"":0},{""year"":2026,""month"":4,""searchVolume"":0},{""year"":2026,""month"":3,""searchVolume"":0},{""year"":2026,""month"":2,""searchVolume"":0},{""year"":2026,""month"":1,""searchVolume"":0},{""year"":2025,""month"":12,""searchVolume"":0},{""year"":2025,""month"":11,""searchVolume"":0},{""year"":2025,""month"":10,""searchVolume"":0},{""year"":2025,""month"":9,""searchVolume"":0},{""year"":2025,""month"":8,""searchVolume"":0},{""year"":2025,""month"":7,""searchVolume"":0},{""year"":2025,""month"":6,""searchVolume"":0}]"
transitional housing vancouver,2124,en,90,17,8.03,navigational,"[{""year"":2026,""month"":7,""searchVolume"":70},{""year"":2026,""month"":6,""searchVolume"":90},{""year"":2026,""month"":5,""searchVolume"":90},{""year"":2026,""month"":4,""searchVolume"":70},{""year"":2026,""month"":3,""searchVolume"":90},{""year"":2026,""month"":2,""searchVolume"":70},{""year"":2026,""month"":1,""searchVolume"":50},{""year"":2025,""month"":12,""searchVolume"":50},{""year"":2025,""month"":11,""searchVolume"":110},{""year"":2025,""month"":10,""searchVolume"":110},{""year"":2025,""month"":9,""searchVolume"":140},{""year"":2025,""month"":8,""searchVolume"":110}]"
vancouver island apartments for rent,2124,en,210,19,0.53,commercial,"[{""year"":2026,""month"":7,""searchVolume"":210},{""year"":2026,""month"":6,""searchVolume"":170},{""year"":2026,""month"":5,""searchVolume"":210},{""year"":2026,""month"":4,""searchVolume"":210},{""year"":2026,""month"":3,""searchVolume"":260},{""year"":2026,""month"":2,""searchVolume"":210},{""year"":2026,""month"":1,""searchVolume"":260},{""year"":2025,""month"":12,""searchVolume"":170},{""year"":2025,""month"":11,""searchVolume"":170},{""year"":2025,""month"":10,""searchVolume"":210},{""year"":2025,""month"":9,""searchVolume"":170},{""year"":2025,""month"":8,""searchVolume"":260}]"
vancouver condos yaletown,2124,en,110,0,0.81,navigational,"[{""year"":2026,""month"":7,""searchVolume"":70},{""year"":2026,""month"":6,""searchVolume"":90},{""year"":2026,""month"":5,""searchVolume"":90},{""year"":2026,""month"":4,""searchVolume"":90},{""year"":2026,""month"":3,""searchVolume"":110},{""year"":2026,""month"":2,""searchVolume"":90},{""year"":2026,""month"":1,""searchVolume"":110},{""year"":2025,""month"":12,""searchVolume"":110},{""year"":2025,""month"":11,""searchVolume"":260},{""year"":2025,""month"":10,""searchVolume"":110},{""year"":2025,""month"":9,""searchVolume"":90},{""year"":2025,""month"":8,""searchVolume"":90}]"
service apartments vancouver,2124,en,140,1,2.03,navigational,"[{""year"":2026,""month"":7,""searchVolume"":110},{""year"":2026,""month"":6,""searchVolume"":90},{""year"":2026,""month"":5,""searchVolume"":140},{""year"":2026,""month"":4,""searchVolume"":140},{""year"":2026,""month"":3,""searchVolume"":140},{""year"":2026,""month"":2,""searchVolume"":140},{""year"":2026,""month"":1,""searchVolume"":140},{""year"":2025,""month"":12,""searchVolume"":90},{""year"":2025,""month"":11,""searchVolume"":90},{""year"":2025,""month"":10,""searchVolume"":90},{""year"":2025,""month"":9,""searchVolume"":260},{""year"":2025,""month"":8,""searchVolume"":210}]"
apartments for rent east vancouver,2124,en,210,3,0.82,commercial,"[{""year"":2026,""month"":7,""searchVolume"":170},{""year"":2026,""month"":6,""searchVolume"":210},{""year"":2026,""month"":5,""searchVolume"":210},{""year"":2026,""month"":4,""searchVolume"":260},{""year"":2026,""month"":3,""searchVolume"":260},{""year"":2026,""month"":2,""searchVolume"":170},{""year"":2026,""month"":1,""searchVolume"":170},{""year"":2025,""month"":12,""searchVolume"":140},{""year"":2025,""month"":11,""searchVolume"":140},{""year"":2025,""month"":10,""searchVolume"":210},{""year"":2025,""month"":9,""searchVolume"":170},{""year"":2025,""month"":8,""searchVolume"":210}]"
north vancouver townhomes for rent,2124,en,210,0,0.72,commercial,"[{""year"":2026,""month"":6,""searchVolume"":260},{""year"":2026,""month"":5,""searchVolume"":320},{""year"":2026,""month"":4,""searchVolume"":260},{""year"":2026,""month"":3,""searchVolume"":260},{""year"":2026,""month"":2,""searchVolume"":260},{""year"":2026,""month"":1,""searchVolume"":210},{""year"":2025,""month"":12,""searchVolume"":210},{""year"":2025,""month"":11,""searchVolume"":170},{""year"":2025,""month"":10,""searchVolume"":210},{""year"":2025,""month"":9,""searchVolume"":210},{""year"":2025,""month"":8,""searchVolume"":210},{""year"":2025,""month"":7,""searchVolume"":210}]"
metro vancouver empty condos,2124,en,320,9,,navigational,"[{""year"":2026,""month"":7,""searchVolume"":10},{""year"":2026,""month"":6,""searchVolume"":10},{""year"":2026,""month"":5,""searchVolume"":10},{""year"":2026,""month"":4,""searchVolume"":10},{""year"":2026,""month"":3,""searchVolume"":10},{""year"":2026,""month"":2,""searchVolume"":10},{""year"":2026,""month"":1,""searchVolume"":10},{""year"":2025,""month"":12,""searchVolume"":10},{""year"":2025,""month"":11,""searchVolume"":10},{""year"":2025,""month"":10,""searchVolume"":3600},{""year"":2025,""month"":9,""searchVolume"":0},{""year"":2025,""month"":8,""searchVolume"":0}]"
127 society for housing vancouver,2124,en,10,,,navigational,"[{""year"":2026,""month"":7,""searchVolume"":10},{""year"":2026,""month"":6,""searchVolume"":10},{""year"":2026,""month"":5,""searchVolume"":0},{""year"":2026,""month"":4,""searchVolume"":0},{""year"":2026,""month"":3,""searchVolume"":10},{""year"":2026,""month"":2,""searchVolume"":0},{""year"":2026,""month"":1,""searchVolume"":10},{""year"":2025,""month"":12,""searchVolume"":0},{""year"":2025,""month"":11,""searchVolume"":10},{""year"":2025,""month"":10,""searchVolume"":0},{""year"":2025,""month"":9,""searchVolume"":10},{""year"":2025,""month"":8,""searchVolume"":0}]"
vancouver condo rental market,2124,en,,,,commercial,"[{""year"":2026,""month"":5,""searchVolume"":0},{""year"":2026,""month"":4,""searchVolume"":0},{""year"":2026,""month"":3,""searchVolume"":0},{""year"":2026,""month"":2,""searchVolume"":0},{""year"":2026,""month"":1,""searchVolume"":0},{""year"":2025,""month"":12,""searchVolume"":0},{""year"":2025,""month"":11,""searchVolume"":0},{""year"":2025,""month"":10,""searchVolume"":0},{""year"":2025,""month"":9,""searchVolume"":0},{""year"":2025,""month"":8,""searchVolume"":0},{""year"":2025,""month"":7,""searchVolume"":0},{""year"":2025,""month"":6,""searchVolume"":0}]"
studio apartment vancouver for sale,2124,en,210,0,,transactional,"[{""year"":2026,""month"":7,""searchVolume"":140},{""year"":2026,""month"":6,""searchVolume"":140},{""year"":2026,""month"":5,""searchVolume"":140},{""year"":2026,""month"":4,""searchVolume"":140},{""year"":2026,""month"":3,""searchVolume"":210},{""year"":2026,""month"":2,""searchVolume"":140},{""year"":2026,""month"":1,""searchVolume"":170},{""year"":2025,""month"":12,""searchVolume"":140},{""year"":2025,""month"":11,""searchVolume"":170},{""year"":2025,""month"":10,""searchVolume"":260},{""year"":2025,""month"":9,""searchVolume"":480},{""year"":2025,""month"":8,""searchVolume"":210}]"
multi-family residential development,2124,en,10,,,informational,"[{""year"":2026,""month"":7,""searchVolume"":0},{""year"":2026,""month"":6,""searchVolume"":10},{""year"":2026,""month"":5,""searchVolume"":10},{""year"":2026,""month"":4,""searchVolume"":0},{""year"":2026,""month"":3,""searchVolume"":0},{""year"":2026,""month"":2,""searchVolume"":10},{""year"":2026,""month"":1,""searchVolume"":10},{""year"":2025,""month"":12,""searchVolume"":0},{""year"":2025,""month"":11,""searchVolume"":10},{""year"":2025,""month"":10,""searchVolume"":0},{""year"":2025,""month"":9,""searchVolume"":10},{""year"":2025,""month"":8,""searchVolume"":0}]"
multi unit residential building,2124,en,90,2,0.29,commercial,[]
marpole vancouver apartments for rent,2124,en,170,0,0.36,navigational,"[{""year"":2026,""month"":7,""searchVolume"":210},{""year"":2026,""month"":6,""searchVolume"":170},{""year"":2026,""month"":5,""searchVolume"":260},{""year"":2026,""month"":4,""searchVolume"":170},{""year"":2026,""month"":3,""searchVolume"":210},{""year"":2026,""month"":2,""searchVolume"":140},{""year"":2026,""month"":1,""searchVolume"":170},{""year"":2025,""month"":12,""searchVolume"":110},{""year"":2025,""month"":11,""searchVolume"":110},{""year"":2025,""month"":10,""searchVolume"":170},{""year"":2025,""month"":9,""searchVolume"":170},{""year"":2025,""month"":8,""searchVolume"":210}]"
apartments for rent in vancouver bc craigslist,2124,en,260,0,1.2,navigational,"[{""year"":2026,""month"":7,""searchVolume"":260},{""year"":2026,""month"":6,""searchVolume"":210},{""year"":2026,""month"":5,""searchVolume"":320},{""year"":2026,""month"":4,""searchVolume"":260},{""year"":2026,""month"":3,""searchVolume"":320},{""year"":2026,""month"":2,""searchVolume"":260},{""year"":2026,""month"":1,""searchVolume"":320},{""year"":2025,""month"":12,""searchVolume"":210},{""year"":2025,""month"":11,""searchVolume"":210},{""year"":2025,""month"":10,""searchVolume"":260},{""year"":2025,""month"":9,""searchVolume"":260},{""year"":2025,""month"":8,""searchVolume"":210}]"
vancouver residences,2124,en,10,0,,commercial,"[{""year"":2026,""month"":7,""searchVolume"":10},{""year"":2026,""month"":6,""searchVolume"":10},{""year"":2026,""month"":5,""searchVolume"":10},{""year"":2026,""month"":4,""searchVolume"":10},{""year"":2026,""month"":3,""searchVolume"":10},{""year"":2026,""month"":2,""searchVolume"":10},{""year"":2026,""month"":1,""searchVolume"":0},{""year"":2025,""month"":12,""searchVolume"":10},{""year"":2025,""month"":11,""searchVolume"":10},{""year"":2025,""month"":10,""searchVolume"":10},{""year"":2025,""month"":9,""searchVolume"":10},{""year"":2025,""month"":8,""searchVolume"":10}]"
multi family residential buildings,2124,en,70,0,,informational,[]
vancouver condo assignments,2124,en,40,0,,navigational,"[{""year"":2026,""month"":7,""searchVolume"":10},{""year"":2026,""month"":6,""searchVolume"":10},{""year"":2026,""month"":5,""searchVolume"":30},{""year"":2026,""month"":4,""searchVolume"":20},{""year"":2026,""month"":3,""searchVolume"":40},{""year"":2026,""month"":2,""searchVolume"":70},{""year"":2026,""month"":1,""searchVolume"":30},{""year"":2025,""month"":12,""searchVolume"":70},{""year"":2025,""month"":11,""searchVolume"":40},{""year"":2025,""month"":10,""searchVolume"":40},{""year"":2025,""month"":9,""searchVolume"":110},{""year"":2025,""month"":8,""searchVolume"":50}]"
apartments for rent in east vancouver,2124,en,210,0,0.62,commercial,"[{""year"":2026,""month"":6,""searchVolume"":210},{""year"":2026,""month"":5,""searchVolume"":210},{""year"":2026,""month"":4,""searchVolume"":260},{""year"":2026,""month"":3,""searchVolume"":260},{""year"":2026,""month"":2,""searchVolume"":170},{""year"":2026,""month"":1,""searchVolume"":170},{""year"":2025,""month"":12,""searchVolume"":140},{""year"":2025,""month"":11,""searchVolume"":140},{""year"":2025,""month"":10,""searchVolume"":210},{""year"":2025,""month"":9,""searchVolume"":170},{""year"":2025,""month"":8,""searchVolume"":210},{""year"":2025,""month"":7,""searchVolume"":260}]"
scarborough condo development delays,2124,en,140,0,,informational,"[{""year"":2026,""month"":7,""searchVolume"":0},{""year"":2026,""month"":6,""searchVolume"":0},{""year"":2026,""month"":5,""searchVolume"":0},{""year"":2026,""month"":4,""searchVolume"":10},{""year"":2026,""month"":3,""searchVolume"":0},{""year"":2026,""month"":2,""searchVolume"":0},{""year"":2026,""month"":1,""searchVolume"":10},{""year"":2025,""month"":12,""searchVolume"":10},{""year"":2025,""month"":11,""searchVolume"":0},{""year"":2025,""month"":10,""searchVolume"":10},{""year"":2025,""month"":9,""searchVolume"":10},{""year"":2025,""month"":8,""searchVolume"":1600}]"
apartments vancouver island,2124,en,70,4,0.45,commercial,"[{""year"":2026,""month"":6,""searchVolume"":50},{""year"":2026,""month"":5,""searchVolume"":70},{""year"":2026,""month"":4,""searchVolume"":90},{""year"":2026,""month"":3,""searchVolume"":90},{""year"":2026,""month"":2,""searchVolume"":90},{""year"":2026,""month"":1,""searchVolume"":70},{""year"":2025,""month"":12,""searchVolume"":50},{""year"":2025,""month"":11,""searchVolume"":70},{""year"":2025,""month"":10,""searchVolume"":70},{""year"":2025,""month"":9,""searchVolume"":50},{""year"":2025,""month"":8,""searchVolume"":90},{""year"":2025,""month"":7,""searchVolume"":70}]"
new townhomes vancouver,2124,en,50,0,1.65,commercial,"[{""year"":2026,""month"":7,""searchVolume"":30},{""year"":2026,""month"":6,""searchVolume"":40},{""year"":2026,""month"":5,""searchVolume"":70},{""year"":2026,""month"":4,""searchVolume"":50},{""year"":2026,""month"":3,""searchVolume"":70},{""year"":2026,""month"":2,""searchVolume"":30},{""year"":2026,""month"":1,""searchVolume"":50},{""year"":2025,""month"":12,""searchVolume"":40},{""year"":2025,""month"":11,""searchVolume"":40},{""year"":2025,""month"":10,""searchVolume"":70},{""year"":2025,""month"":9,""searchVolume"":70},{""year"":2025,""month"":8,""searchVolume"":40}]"
rent 3 bedroom apartment vancouver,2124,en,140,3,0.5,transactional,"[{""year"":2026,""month"":7,""searchVolume"":140},{""year"":2026,""month"":6,""searchVolume"":110},{""year"":2026,""month"":5,""searchVolume"":90},{""year"":2026,""month"":4,""searchVolume"":140},{""year"":2026,""month"":3,""searchVolume"":170},{""year"":2026,""month"":2,""searchVolume"":110},{""year"":2026,""month"":1,""searchVolume"":140},{""year"":2025,""month"":12,""searchVolume"":110},{""year"":2025,""month"":11,""searchVolume"":110},{""year"":2025,""month"":10,""searchVolume"":140},{""year"":2025,""month"":9,""searchVolume"":140},{""year"":2025,""month"":8,""searchVolume"":140}]"
1 bedroom apartment vancouver for sale,2124,en,170,0,1.19,transactional,"[{""year"":2026,""month"":7,""searchVolume"":170},{""year"":2026,""month"":6,""searchVolume"":140},{""year"":2026,""month"":5,""searchVolume"":170},{""year"":2026,""month"":4,""searchVolume"":170},{""year"":2026,""month"":3,""searchVolume"":170},{""year"":2026,""month"":2,""searchVolume"":210},{""year"":2026,""month"":1,""searchVolume"":170},{""year"":2025,""month"":12,""searchVolume"":140},{""year"":2025,""month"":11,""searchVolume"":140},{""year"":2025,""month"":10,""searchVolume"":210},{""year"":2025,""month"":9,""searchVolume"":210},{""year"":2025,""month"":8,""searchVolume"":210}]"
housing near ubc vancouver,2124,en,70,2,1.1,commercial,"[{""year"":2026,""month"":7,""searchVolume"":50},{""year"":2026,""month"":6,""searchVolume"":90},{""year"":2026,""month"":5,""searchVolume"":70},{""year"":2026,""month"":4,""searchVolume"":70},{""year"":2026,""month"":3,""searchVolume"":90},{""year"":2026,""month"":2,""searchVolume"":90},{""year"":2026,""month"":1,""searchVolume"":110},{""year"":2025,""month"":12,""searchVolume"":50},{""year"":2025,""month"":11,""searchVolume"":70},{""year"":2025,""month"":10,""searchVolume"":90},{""year"":2025,""month"":9,""searchVolume"":50},{""year"":2025,""month"":8,""searchVolume"":70}]"
vancouver apartments for rent under $1000,2124,en,170,0,0.59,transactional,"[{""year"":2026,""month"":7,""searchVolume"":140},{""year"":2026,""month"":6,""searchVolume"":110},{""year"":2026,""month"":5,""searchVolume"":170},{""year"":2026,""month"":4,""searchVolume"":140},{""year"":2026,""month"":3,""searchVolume"":210},{""year"":2026,""month"":2,""searchVolume"":170},{""year"":2026,""month"":1,""searchVolume"":140},{""year"":2025,""month"":12,""searchVolume"":140},{""year"":2025,""month"":11,""searchVolume"":140},{""year"":2025,""month"":10,""searchVolume"":140},{""year"":2025,""month"":9,""searchVolume"":170},{""year"":2025,""month"":8,""searchVolume"":170}]"
west vancouver townhouse for rent,2124,en,,,,commercial,"[{""year"":2026,""month"":5,""searchVolume"":0},{""year"":2026,""month"":4,""searchVolume"":0},{""year"":2026,""month"":3,""searchVolume"":0},{""year"":2026,""month"":2,""searchVolume"":0},{""year"":2026,""month"":1,""searchVolume"":0},{""year"":2025,""month"":12,""searchVolume"":0},{""year"":2025,""month"":11,""searchVolume"":0},{""year"":2025,""month"":10,""searchVolume"":0},{""year"":2025,""month"":9,""searchVolume"":0},{""year"":2025,""month"":8,""searchVolume"":0},{""year"":2025,""month"":7,""searchVolume"":0},{""year"":2025,""month"":6,""searchVolume"":0}]"
shangri la residences vancouver,2124,en,70,0,1.42,navigational,"[{""year"":2026,""month"":7,""searchVolume"":40},{""year"":2026,""month"":6,""searchVolume"":70},{""year"":2026,""month"":5,""searchVolume"":70},{""year"":2026,""month"":4,""searchVolume"":70},{""year"":2026,""month"":3,""searchVolume"":50},{""year"":2026,""month"":2,""searchVolume"":50},{""year"":2026,""month"":1,""searchVolume"":50},{""year"":2025,""month"":12,""searchVolume"":70},{""year"":2025,""month"":11,""searchVolume"":70},{""year"":2025,""month"":10,""searchVolume"":90},{""year"":2025,""month"":9,""searchVolume"":110},{""year"":2025,""month"":8,""searchVolume"":90}]"
construction management courses,2124,en,880,0,,informational,"[{""year"":2026,""month"":7,""searchVolume"":880},{""year"":2026,""month"":6,""searchVolume"":880},{""year"":2026,""month"":5,""searchVolume"":880},{""year"":2026,""month"":4,""searchVolume"":880},{""year"":2026,""month"":3,""searchVolume"":1000},{""year"":2026,""month"":2,""searchVolume"":1000},{""year"":2026,""month"":1,""searchVolume"":880},{""year"":2025,""month"":12,""searchVolume"":880},{""year"":2025,""month"":11,""searchVolume"":880},{""year"":2025,""month"":10,""searchVolume"":1000},{""year"":2025,""month"":9,""searchVolume"":880},{""year"":2025,""month"":8,""searchVolume"":880}]"
construction management bcit,2124,en,590,1,1.0,navigational,"[{""year"":2026,""month"":6,""searchVolume"":590},{""year"":2026,""month"":5,""searchVolume"":590},{""year"":2026,""month"":4,""searchVolume"":480},{""year"":2026,""month"":3,""searchVolume"":590},{""year"":2026,""month"":2,""searchVolume"":590},{""year"":2026,""month"":1,""searchVolume"":590},{""year"":2025,""month"":12,""searchVolume"":590},{""year"":2025,""month"":11,""searchVolume"":590},{""year"":2025,""month"":10,""searchVolume"":590},{""year"":2025,""month"":9,""searchVolume"":590},{""year"":2025,""month"":8,""searchVolume"":480},{""year"":2025,""month"":7,""searchVolume"":590}]"
construction management degree,2124,en,480,8,2.03,informational,"[{""year"":2026,""month"":7,""searchVolume"":480},{""year"":2026,""month"":6,""searchVolume"":480},{""year"":2026,""month"":5,""searchVolume"":480},{""year"":2026,""month"":4,""searchVolume"":480},{""year"":2026,""month"":3,""searchVolume"":590},{""year"":2026,""month"":2,""searchVolume"":480},{""year"":2026,""month"":1,""searchVolume"":480},{""year"":2025,""month"":12,""searchVolume"":320},{""year"":2025,""month"":11,""searchVolume"":480},{""year"":2025,""month"":10,""searchVolume"":480},{""year"":2025,""month"":9,""searchVolume"":390},{""year"":2025,""month"":8,""searchVolume"":320}]"
construction management diploma,2124,en,170,0,3.29,informational,"[{""year"":2026,""month"":7,""searchVolume"":170},{""year"":2026,""month"":6,""searchVolume"":170},{""year"":2026,""month"":5,""searchVolume"":170},{""year"":2026,""month"":4,""searchVolume"":170},{""year"":2026,""month"":3,""searchVolume"":210},{""year"":2026,""month"":2,""searchVolume"":210},{""year"":2026,""month"":1,""searchVolume"":170},{""year"":2025,""month"":12,""searchVolume"":140},{""year"":2025,""month"":11,""searchVolume"":170},{""year"":2025,""month"":10,""searchVolume"":170},{""year"":2025,""month"":9,""searchVolume"":170},{""year"":2025,""month"":8,""searchVolume"":140}]"
construction management courses online,2124,en,170,2,6.35,informational,"[{""year"":2026,""month"":7,""searchVolume"":140},{""year"":2026,""month"":6,""searchVolume"":170},{""year"":2026,""month"":5,""searchVolume"":140},{""year"":2026,""month"":4,""searchVolume"":140},{""year"":2026,""month"":3,""searchVolume"":320},{""year"":2026,""month"":2,""searchVolume"":210},{""year"":2026,""month"":1,""searchVolume"":110},{""year"":2025,""month"":12,""searchVolume"":170},{""year"":2025,""month"":11,""searchVolume"":170},{""year"":2025,""month"":10,""searchVolume"":170},{""year"":2025,""month"":9,""searchVolume"":110},{""year"":2025,""month"":8,""searchVolume"":140}]"
construction management degree online,2124,en,50,5,,informational,"[{""year"":2026,""month"":7,""searchVolume"":20},{""year"":2026,""month"":6,""searchVolume"":20},{""year"":2026,""month"":5,""searchVolume"":30},{""year"":2026,""month"":4,""searchVolume"":20},{""year"":2026,""month"":3,""searchVolume"":20},{""year"":2026,""month"":2,""searchVolume"":40},{""year"":2026,""month"":1,""searchVolume"":30},{""year"":2025,""month"":12,""searchVolume"":20},{""year"":2025,""month"":11,""searchVolume"":50},{""year"":2025,""month"":10,""searchVolume"":170},{""year"":2025,""month"":9,""searchVolume"":140},{""year"":2025,""month"":8,""searchVolume"":30}]"
construction management courses bc,2124,en,40,42,,informational,"[{""year"":2026,""month"":7,""searchVolume"":20},{""year"":2026,""month"":6,""searchVolume"":20},{""year"":2026,""month"":5,""searchVolume"":20},{""year"":2026,""month"":4,""searchVolume"":40},{""year"":2026,""month"":3,""searchVolume"":30},{""year"":2026,""month"":2,""searchVolume"":30},{""year"":2026,""month"":1,""searchVolume"":50},{""year"":2025,""month"":12,""searchVolume"":30},{""year"":2025,""month"":11,""searchVolume"":50},{""year"":2025,""month"":10,""searchVolume"":50},{""year"":2025,""month"":9,""searchVolume"":50},{""year"":2025,""month"":8,""searchVolume"":40}]"
construction operations bcit,2124,en,40,0,0.14,navigational,"[{""year"":2026,""month"":7,""searchVolume"":30},{""year"":2026,""month"":6,""searchVolume"":20},{""year"":2026,""month"":5,""searchVolume"":30},{""year"":2026,""month"":4,""searchVolume"":40},{""year"":2026,""month"":3,""searchVolume"":70},{""year"":2026,""month"":2,""searchVolume"":50},{""year"":2026,""month"":1,""searchVolume"":50},{""year"":2025,""month"":12,""searchVolume"":40},{""year"":2025,""month"":11,""searchVolume"":40},{""year"":2025,""month"":10,""searchVolume"":70},{""year"":2025,""month"":9,""searchVolume"":50},{""year"":2025,""month"":8,""searchVolume"":40}]"
construction management diploma online,2124,en,40,,,informational,"[{""year"":2026,""month"":7,""searchVolume"":50},{""year"":2026,""month"":6,""searchVolume"":50},{""year"":2026,""month"":5,""searchVolume"":70},{""year"":2026,""month"":4,""searchVolume"":40},{""year"":2026,""month"":3,""searchVolume"":50},{""year"":2026,""month"":2,""searchVolume"":50},{""year"":2026,""month"":1,""searchVolume"":40},{""year"":2025,""month"":12,""searchVolume"":20},{""year"":2025,""month"":11,""searchVolume"":40},{""year"":2025,""month"":10,""searchVolume"":20},{""year"":2025,""month"":9,""searchVolume"":40},{""year"":2025,""month"":8,""searchVolume"":10}]"
construction management degree online canada,2124,en,30,42,2.25,informational,"[{""year"":2026,""month"":6,""searchVolume"":20},{""year"":2026,""month"":5,""searchVolume"":30},{""year"":2026,""month"":4,""searchVolume"":20},{""year"":2026,""month"":3,""searchVolume"":40},{""year"":2026,""month"":2,""searchVolume"":30},{""year"":2026,""month"":1,""searchVolume"":20},{""year"":2025,""month"":12,""searchVolume"":30},{""year"":2025,""month"":11,""searchVolume"":40},{""year"":2025,""month"":10,""searchVolume"":20},{""year"":2025,""month"":9,""searchVolume"":30},{""year"":2025,""month"":8,""searchVolume"":30},{""year"":2025,""month"":7,""searchVolume"":40}]"
construction management courses ontario,2124,en,30,46,8.44,informational,"[{""year"":2026,""month"":7,""searchVolume"":20},{""year"":2026,""month"":6,""searchVolume"":20},{""year"":2026,""month"":5,""searchVolume"":20},{""year"":2026,""month"":4,""searchVolume"":30},{""year"":2026,""month"":3,""searchVolume"":20},{""year"":2026,""month"":2,""searchVolume"":20},{""year"":2026,""month"":1,""searchVolume"":30},{""year"":2025,""month"":12,""searchVolume"":20},{""year"":2025,""month"":11,""searchVolume"":20},{""year"":2025,""month"":10,""searchVolume"":40},{""year"":2025,""month"":9,""searchVolume"":40},{""year"":2025,""month"":8,""searchVolume"":30}]"
construction management courses canada,2124,en,30,4,3.63,informational,"[{""year"":2026,""month"":6,""searchVolume"":20},{""year"":2026,""month"":5,""searchVolume"":30},{""year"":2026,""month"":4,""searchVolume"":20},{""year"":2026,""month"":3,""searchVolume"":20},{""year"":2026,""month"":2,""searchVolume"":20},{""year"":2026,""month"":1,""searchVolume"":30},{""year"":2025,""month"":12,""searchVolume"":40},{""year"":2025,""month"":11,""searchVolume"":30},{""year"":2025,""month"":10,""searchVolume"":50},{""year"":2025,""month"":9,""searchVolume"":40},{""year"":2025,""month"":8,""searchVolume"":30},{""year"":2025,""month"":7,""searchVolume"":20}]"
construction management vancouver,2124,en,20,36,5.87,commercial,"[{""year"":2026,""month"":7,""searchVolume"":30},{""year"":2026,""month"":6,""searchVolume"":10},{""year"":2026,""month"":5,""searchVolume"":20},{""year"":2026,""month"":4,""searchVolume"":10},{""year"":2026,""month"":3,""searchVolume"":20},{""year"":2026,""month"":2,""searchVolume"":40},{""year"":2026,""month"":1,""searchVolume"":20},{""year"":2025,""month"":12,""searchVolume"":10},{""year"":2025,""month"":11,""searchVolume"":20},{""year"":2025,""month"":10,""searchVolume"":10},{""year"":2025,""month"":9,""searchVolume"":10},{""year"":2025,""month"":8,""searchVolume"":10}]"
bcit construction management diploma,2124,en,20,,0.48,informational,"[{""year"":2026,""month"":7,""searchVolume"":20},{""year"":2026,""month"":6,""searchVolume"":40},{""year"":2026,""month"":5,""searchVolume"":30},{""year"":2026,""month"":4,""searchVolume"":40},{""year"":2026,""month"":3,""searchVolume"":40},{""year"":2026,""month"":2,""searchVolume"":20},{""year"":2026,""month"":1,""searchVolume"":30},{""year"":2025,""month"":12,""searchVolume"":10},{""year"":2025,""month"":11,""searchVolume"":10},{""year"":2025,""month"":10,""searchVolume"":20},{""year"":2025,""month"":9,""searchVolume"":20},{""year"":2025,""month"":8,""searchVolume"":10}]"
construction management degree canada,2124,en,20,16,1.22,informational,"[{""year"":2026,""month"":6,""searchVolume"":20},{""year"":2026,""month"":5,""searchVolume"":20},{""year"":2026,""month"":4,""searchVolume"":30},{""year"":2026,""month"":3,""searchVolume"":10},{""year"":2026,""month"":2,""searchVolume"":30},{""year"":2026,""month"":1,""searchVolume"":20},{""year"":2025,""month"":12,""searchVolume"":10},{""year"":2025,""month"":11,""searchVolume"":40},{""year"":2025,""month"":10,""searchVolume"":10},{""year"":2025,""month"":9,""searchVolume"":20},{""year"":2025,""month"":8,""searchVolume"":10},{""year"":2025,""month"":7,""searchVolume"":30}]"
construction management degree ontario,2124,en,20,,,informational,"[{""year"":2026,""month"":7,""searchVolume"":10},{""year"":2026,""month"":6,""searchVolume"":10},{""year"":2026,""month"":5,""searchVolume"":10},{""year"":2026,""month"":4,""searchVolume"":20},{""year"":2026,""month"":3,""searchVolume"":20},{""year"":2026,""month"":2,""searchVolume"":10},{""year"":2026,""month"":1,""searchVolume"":20},{""year"":2025,""month"":12,""searchVolume"":10},{""year"":2025,""month"":11,""searchVolume"":20},{""year"":2025,""month"":10,""searchVolume"":20},{""year"":2025,""month"":9,""searchVolume"":20},{""year"":2025,""month"":8,""searchVolume"":20}]"
construction courses bc,2124,en,20,12,,navigational,"[{""year"":2026,""month"":7,""searchVolume"":10},{""year"":2026,""month"":6,""searchVolume"":10},{""year"":2026,""month"":5,""searchVolume"":10},{""year"":2026,""month"":4,""searchVolume"":10},{""year"":2026,""month"":3,""searchVolume"":30},{""year"":2026,""month"":2,""searchVolume"":20},{""year"":2026,""month"":1,""searchVolume"":20},{""year"":2025,""month"":12,""searchVolume"":20},{""year"":2025,""month"":11,""searchVolume"":20},{""year"":2025,""month"":10,""searchVolume"":20},{""year"":2025,""month"":9,""searchVolume"":10},{""year"":2025,""month"":8,""searchVolume"":10}]"
construction management courses alberta,2124,en,20,,1.1,informational,"[{""year"":2026,""month"":7,""searchVolume"":20},{""year"":2026,""month"":6,""searchVolume"":10},{""year"":2026,""month"":5,""searchVolume"":20},{""year"":2026,""month"":4,""searchVolume"":20},{""year"":2026,""month"":3,""searchVolume"":20},{""year"":2026,""month"":2,""searchVolume"":30},{""year"":2026,""month"":1,""searchVolume"":20},{""year"":2025,""month"":12,""searchVolume"":20},{""year"":2025,""month"":11,""searchVolume"":20},{""year"":2025,""month"":10,""searchVolume"":30},{""year"":2025,""month"":9,""searchVolume"":30},{""year"":2025,""month"":8,""searchVolume"":30}]"
construction management courses in british columbia,2124,en,10,,18.69,informational,"[{""year"":2026,""month"":7,""searchVolume"":10},{""year"":2026,""month"":6,""searchVolume"":0},{""year"":2026,""month"":5,""searchVolume"":10},{""year"":2026,""month"":4,""searchVolume"":10},{""year"":2026,""month"":3,""searchVolume"":0},{""year"":2026,""month"":2,""searchVolume"":10},{""year"":2026,""month"":1,""searchVolume"":10},{""year"":2025,""month"":12,""searchVolume"":0},{""year"":2025,""month"":11,""searchVolume"":0},{""year"":2025,""month"":10,""searchVolume"":0},{""year"":2025,""month"":9,""searchVolume"":10},{""year"":2025,""month"":8,""searchVolume"":0}]"
construction management ubc,2124,en,10,45,,navigational,"[{""year"":2026,""month"":7,""searchVolume"":10},{""year"":2026,""month"":6,""searchVolume"":10},{""year"":2026,""month"":5,""searchVolume"":10},{""year"":2026,""month"":4,""searchVolume"":10},{""year"":2026,""month"":3,""searchVolume"":10},{""year"":2026,""month"":2,""searchVolume"":10},{""year"":2026,""month"":1,""searchVolume"":10},{""year"":2025,""month"":12,""searchVolume"":10},{""year"":2025,""month"":11,""searchVolume"":10},{""year"":2025,""month"":10,""searchVolume"":10},{""year"":2025,""month"":9,""searchVolume"":10},{""year"":2025,""month"":8,""searchVolume"":10}]"
construction management degree jobs,2124,en,10,,,informational,"[{""year"":2026,""month"":7,""searchVolume"":10},{""year"":2026,""month"":6,""searchVolume"":10},{""year"":2026,""month"":5,""searchVolume"":10},{""year"":2026,""month"":4,""searchVolume"":10},{""year"":2026,""month"":3,""searchVolume"":0},{""year"":2026,""month"":2,""searchVolume"":10},{""year"":2026,""month"":1,""searchVolume"":10},{""year"":2025,""month"":12,""searchVolume"":10},{""year"":2025,""month"":11,""searchVolume"":10},{""year"":2025,""month"":10,""searchVolume"":10},{""year"":2025,""month"":9,""searchVolume"":10},{""year"":2025,""month"":8,""searchVolume"":10}]"
construction management degree requirements,2124,en,10,,,informational,"[{""year"":2026,""month"":7,""searchVolume"":10},{""year"":2026,""month"":6,""searchVolume"":10},{""year"":2026,""month"":5,""searchVolume"":0},{""year"":2026,""month"":4,""searchVolume"":0},{""year"":2026,""month"":3,""searchVolume"":10},{""year"":2026,""month"":2,""searchVolume"":10},{""year"":2026,""month"":1,""searchVolume"":0},{""year"":2025,""month"":12,""searchVolume"":0},{""year"":2025,""month"":11,""searchVolume"":0},{""year"":2025,""month"":10,""searchVolume"":10},{""year"":2025,""month"":9,""searchVolume"":10},{""year"":2025,""month"":8,""searchVolume"":10}]"
construction management degree programs,2124,en,10,,,informational,"[{""year"":2026,""month"":7,""searchVolume"":20},{""year"":2026,""month"":6,""searchVolume"":30},{""year"":2026,""month"":5,""searchVolume"":10},{""year"":2026,""month"":4,""searchVolume"":10},{""year"":2026,""month"":3,""searchVolume"":10},{""year"":2026,""month"":2,""searchVolume"":10},{""year"":2026,""month"":1,""searchVolume"":10},{""year"":2025,""month"":12,""searchVolume"":10},{""year"":2025,""month"":11,""searchVolume"":10},{""year"":2025,""month"":10,""searchVolume"":10},{""year"":2025,""month"":9,""searchVolume"":10},{""year"":2025,""month"":8,""searchVolume"":10}]"
construction management diploma canada,2124,en,10,,3.42,informational,"[{""year"":2026,""month"":7,""searchVolume"":10},{""year"":2026,""month"":6,""searchVolume"":10},{""year"":2026,""month"":5,""searchVolume"":10},{""year"":2026,""month"":4,""searchVolume"":10},{""year"":2026,""month"":3,""searchVolume"":10},{""year"":2026,""month"":2,""searchVolume"":10},{""year"":2026,""month"":1,""searchVolume"":10},{""year"":2025,""month"":12,""searchVolume"":10},{""year"":2025,""month"":11,""searchVolume"":10},{""year"":2025,""month"":10,""searchVolume"":10},{""year"":2025,""month"":9,""searchVolume"":10},{""year"":2025,""month"":8,""searchVolume"":10}]"
bachelor of construction management canada,2124,en,10,,0.09,informational,"[{""year"":2026,""month"":6,""searchVolume"":10},{""year"":2026,""month"":5,""searchVolume"":0},{""year"":2026,""month"":4,""searchVolume"":10},{""year"":2026,""month"":3,""searchVolume"":10},{""year"":2026,""month"":2,""searchVolume"":0},{""year"":2026,""month"":1,""searchVolume"":10},{""year"":2025,""month"":12,""searchVolume"":0},{""year"":2025,""month"":11,""searchVolume"":0},{""year"":2025,""month"":10,""searchVolume"":0},{""year"":2025,""month"":9,""searchVolume"":10},{""year"":2025,""month"":8,""searchVolume"":0},{""year"":2025,""month"":7,""searchVolume"":10}]"
project management online course bc,2124,en,10,,7.22,informational,"[{""year"":2026,""month"":7,""searchVolume"":10},{""year"":2026,""month"":6,""searchVolume"":0},{""year"":2026,""month"":5,""searchVolume"":0},{""year"":2026,""month"":4,""searchVolume"":0},{""year"":2026,""month"":3,""searchVolume"":10},{""year"":2026,""month"":2,""searchVolume"":10},{""year"":2026,""month"":1,""searchVolume"":0},{""year"":2025,""month"":12,""searchVolume"":0},{""year"":2025,""month"":11,""searchVolume"":0},{""year"":2025,""month"":10,""searchVolume"":10},{""year"":2025,""month"":9,""searchVolume"":10},{""year"":2025,""month"":8,""searchVolume"":10}]"
bcit construction supervision,2124,en,10,40,,navigational,"[{""year"":2026,""month"":7,""searchVolume"":10},{""year"":2026,""month"":6,""searchVolume"":10},{""year"":2026,""month"":5,""searchVolume"":10},{""year"":2026,""month"":4,""searchVolume"":10},{""year"":2026,""month"":3,""searchVolume"":10},{""year"":2026,""month"":2,""searchVolume"":20},{""year"":2026,""month"":1,""searchVolume"":10},{""year"":2025,""month"":12,""searchVolume"":20},{""year"":2025,""month"":11,""searchVolume"":10},{""year"":2025,""month"":10,""searchVolume"":20},{""year"":2025,""month"":9,""searchVolume"":10},{""year"":2025,""month"":8,""searchVolume"":10}]"
bcit construction management certificate,2124,en,10,,2.53,commercial,"[{""year"":2026,""month"":7,""searchVolume"":20},{""year"":2026,""month"":6,""searchVolume"":20},{""year"":2026,""month"":5,""searchVolume"":10},{""year"":2026,""month"":4,""searchVolume"":20},{""year"":2026,""month"":3,""searchVolume"":10},{""year"":2026,""month"":2,""searchVolume"":10},{""year"":2026,""month"":1,""searchVolume"":20},{""year"":2025,""month"":12,""searchVolume"":20},{""year"":2025,""month"":11,""searchVolume"":0},{""year"":2025,""month"":10,""searchVolume"":0},{""year"":2025,""month"":9,""searchVolume"":0},{""year"":2025,""month"":8,""searchVolume"":0}]"
2 year construction management degree online,2124,en,10,,,commercial,"[{""year"":2026,""month"":7,""searchVolume"":10},{""year"":2026,""month"":6,""searchVolume"":0},{""year"":2026,""month"":5,""searchVolume"":10},{""year"":2026,""month"":4,""searchVolume"":10},{""year"":2026,""month"":3,""searchVolume"":10},{""year"":2026,""month"":2,""searchVolume"":10},{""year"":2026,""month"":1,""searchVolume"":10},{""year"":2025,""month"":12,""searchVolume"":10},{""year"":2025,""month"":11,""searchVolume"":10},{""year"":2025,""month"":10,""searchVolume"":10},{""year"":2025,""month"":9,""searchVolume"":10},{""year"":2025,""month"":8,""searchVolume"":10}]"
construction management degree online accredited,2124,en,10,,,informational,"[{""year"":2026,""month"":6,""searchVolume"":0},{""year"":2026,""month"":5,""searchVolume"":10},{""year"":2026,""month"":4,""searchVolume"":0},{""year"":2026,""month"":3,""searchVolume"":10},{""year"":2026,""month"":2,""searchVolume"":0},{""year"":2026,""month"":1,""searchVolume"":10},{""year"":2025,""month"":12,""searchVolume"":10},{""year"":2025,""month"":11,""searchVolume"":10},{""year"":2025,""month"":10,""searchVolume"":0},{""year"":2025,""month"":9,""searchVolume"":10},{""year"":2025,""month"":8,""searchVolume"":10},{""year"":2025,""month"":7,""searchVolume"":10}]"
best 2 year construction management degree online,2124,en,10,,6.11,commercial,"[{""year"":2026,""month"":6,""searchVolume"":10},{""year"":2026,""month"":5,""searchVolume"":0},{""year"":2026,""month"":4,""searchVolume"":0},{""year"":2026,""month"":3,""searchVolume"":0},{""year"":2026,""month"":2,""searchVolume"":10},{""year"":2026,""month"":1,""searchVolume"":10},{""year"":2025,""month"":12,""searchVolume"":10},{""year"":2025,""month"":11,""searchVolume"":0},{""year"":2025,""month"":10,""searchVolume"":0},{""year"":2025,""month"":9,""searchVolume"":0},{""year"":2025,""month"":8,""searchVolume"":10},{""year"":2025,""month"":7,""searchVolume"":0}]"
construction management certificate bcit,2124,en,,,,informational,"[{""year"":2026,""month"":5,""searchVolume"":0},{""year"":2026,""month"":4,""searchVolume"":0},{""year"":2026,""month"":3,""searchVolume"":0},{""year"":2026,""month"":2,""searchVolume"":0},{""year"":2026,""month"":1,""searchVolume"":0},{""year"":2025,""month"":12,""searchVolume"":0},{""year"":2025,""month"":11,""searchVolume"":0},{""year"":2025,""month"":10,""searchVolume"":0},{""year"":2025,""month"":9,""searchVolume"":0},{""year"":2025,""month"":8,""searchVolume"":0},{""year"":2025,""month"":7,""searchVolume"":0},{""year"":2025,""month"":6,""searchVolume"":0}]"
ubc construction management fees,2124,en,,,,informational,"[{""year"":2026,""month"":5,""searchVolume"":0},{""year"":2026,""month"":4,""searchVolume"":0},{""year"":2026,""month"":3,""searchVolume"":0},{""year"":2026,""month"":2,""searchVolume"":0},{""year"":2026,""month"":1,""searchVolume"":0},{""year"":2025,""month"":12,""searchVolume"":0},{""year"":2025,""month"":11,""searchVolume"":0},{""year"":2025,""month"":10,""searchVolume"":0},{""year"":2025,""month"":9,""searchVolume"":0},{""year"":2025,""month"":8,""searchVolume"":0},{""year"":2025,""month"":7,""searchVolume"":0},{""year"":2025,""month"":6,""searchVolume"":0}]"
construction management bcit reddit,2124,en,,,,navigational,"[{""year"":2026,""month"":5,""searchVolume"":0},{""year"":2026,""month"":4,""searchVolume"":0},{""year"":2026,""month"":3,""searchVolume"":0},{""year"":2026,""month"":2,""searchVolume"":0},{""year"":2026,""month"":1,""searchVolume"":0},{""year"":2025,""month"":12,""searchVolume"":0},{""year"":2025,""month"":11,""searchVolume"":0},{""year"":2025,""month"":10,""searchVolume"":0},{""year"":2025,""month"":9,""searchVolume"":0},{""year"":2025,""month"":8,""searchVolume"":0},{""year"":2025,""month"":7,""searchVolume"":0},{""year"":2025,""month"":6,""searchVolume"":0}]"
sfu construction management,2124,en,,,,navigational,"[{""year"":2026,""month"":5,""searchVolume"":0},{""year"":2026,""month"":4,""searchVolume"":0},{""year"":2026,""month"":3,""searchVolume"":0},{""year"":2026,""month"":2,""searchVolume"":0},{""year"":2026,""month"":1,""searchVolume"":0},{""year"":2025,""month"":12,""searchVolume"":0},{""year"":2025,""month"":11,""searchVolume"":0},{""year"":2025,""month"":10,""searchVolume"":0},{""year"":2025,""month"":9,""searchVolume"":0},{""year"":2025,""month"":8,""searchVolume"":0},{""year"":2025,""month"":7,""searchVolume"":0},{""year"":2025,""month"":6,""searchVolume"":0}]"
construction management degree toronto,2124,en,,,,informational,"[{""year"":2026,""month"":5,""searchVolume"":0},{""year"":2026,""month"":4,""searchVolume"":0},{""year"":2026,""month"":3,""searchVolume"":0},{""year"":2026,""month"":2,""searchVolume"":0},{""year"":2026,""month"":1,""searchVolume"":0},{""year"":2025,""month"":12,""searchVolume"":0},{""year"":2025,""month"":11,""searchVolume"":0},{""year"":2025,""month"":10,""searchVolume"":0},{""year"":2025,""month"":9,""searchVolume"":0},{""year"":2025,""month"":8,""searchVolume"":0},{""year"":2025,""month"":7,""searchVolume"":0},{""year"":2025,""month"":6,""searchVolume"":0}]"
vancouver canucks,2124,en,673000,60,2.27,informational,"[{""year"":2026,""month"":7,""searchVolume"":368000},{""year"":2026,""month"":6,""searchVolume"":550000},{""year"":2026,""month"":5,""searchVolume"":368000},{""year"":2026,""month"":4,""searchVolume"":450000},{""year"":2026,""month"":3,""searchVolume"":673000},{""year"":2026,""month"":2,""searchVolume"":368000},{""year"":2026,""month"":1,""searchVolume"":1000000},{""year"":2025,""month"":12,""searchVolume"":1000000},{""year"":2025,""month"":11,""searchVolume"":1000000},{""year"":2025,""month"":10,""searchVolume"":1000000},{""year"":2025,""month"":9,""searchVolume"":450000},{""year"":2025,""month"":8,""searchVolume"":301000}]"
vancouver canucks roster,2124,en,9900,21,,informational,"[{""year"":2026,""month"":7,""searchVolume"":5400},{""year"":2026,""month"":6,""searchVolume"":6600},{""year"":2026,""month"":5,""searchVolume"":5400},{""year"":2026,""month"":4,""searchVolume"":6600},{""year"":2026,""month"":3,""searchVolume"":12100},{""year"":2026,""month"":2,""searchVolume"":6600},{""year"":2026,""month"":1,""searchVolume"":14800},{""year"":2025,""month"":12,""searchVolume"":14800},{""year"":2025,""month"":11,""searchVolume"":9900},{""year"":2025,""month"":10,""searchVolume"":22200},{""year"":2025,""month"":9,""searchVolume"":9900},{""year"":2025,""month"":8,""searchVolume"":4400}]"
elias pettersson wife,2124,en,2400,0,,informational,"[{""year"":2026,""month"":7,""searchVolume"":590},{""year"":2026,""month"":6,""searchVolume"":590},{""year"":2026,""month"":5,""searchVolume"":480},{""year"":2026,""month"":4,""searchVolume"":1600},{""year"":2026,""month"":3,""searchVolume"":1000},{""year"":2026,""month"":2,""searchVolume"":1000},{""year"":2026,""month"":1,""searchVolume"":2400},{""year"":2025,""month"":12,""searchVolume"":4400},{""year"":2025,""month"":11,""searchVolume"":2900},{""year"":2025,""month"":10,""searchVolume"":4400},{""year"":2025,""month"":9,""searchVolume"":8100},{""year"":2025,""month"":8,""searchVolume"":3600}]"
ryan beedie,2124,en,1300,0,,informational,"[{""year"":2026,""month"":7,""searchVolume"":720},{""year"":2026,""month"":6,""searchVolume"":1300},{""year"":2026,""month"":5,""searchVolume"":1900},{""year"":2026,""month"":4,""searchVolume"":3600},{""year"":2026,""month"":3,""searchVolume"":880},{""year"":2026,""month"":2,""searchVolume"":880},{""year"":2026,""month"":1,""searchVolume"":720},{""year"":2025,""month"":12,""searchVolume"":880},{""year"":2025,""month"":11,""searchVolume"":880},{""year"":2025,""month"":10,""searchVolume"":880},{""year"":2025,""month"":9,""searchVolume"":880},{""year"":2025,""month"":8,""searchVolume"":1300}]"
beedie capital,2124,en,590,3,4.63,navigational,"[{""year"":2026,""month"":7,""searchVolume"":480},{""year"":2026,""month"":6,""searchVolume"":480},{""year"":2026,""month"":5,""searchVolume"":480},{""year"":2026,""month"":4,""searchVolume"":590},{""year"":2026,""month"":3,""searchVolume"":480},{""year"":2026,""month"":2,""searchVolume"":480},{""year"":2026,""month"":1,""searchVolume"":480},{""year"":2025,""month"":12,""searchVolume"":480},{""year"":2025,""month"":11,""searchVolume"":590},{""year"":2025,""month"":10,""searchVolume"":720},{""year"":2025,""month"":9,""searchVolume"":590},{""year"":2025,""month"":8,""searchVolume"":480}]"
beedie living,2124,en,480,27,,informational,"[{""year"":2026,""month"":6,""searchVolume"":480},{""year"":2026,""month"":5,""searchVolume"":480},{""year"":2026,""month"":4,""searchVolume"":480},{""year"":2026,""month"":3,""searchVolume"":480},{""year"":2026,""month"":2,""searchVolume"":390},{""year"":2026,""month"":1,""searchVolume"":390},{""year"":2025,""month"":12,""searchVolume"":390},{""year"":2025,""month"":11,""searchVolume"":480},{""year"":2025,""month"":10,""searchVolume"":390},{""year"":2025,""month"":9,""searchVolume"":480},{""year"":2025,""month"":8,""searchVolume"":480},{""year"":2025,""month"":7,""searchVolume"":480}]"
beedie construction,2124,en,480,7,1.06,navigational,"[{""year"":2026,""month"":7,""searchVolume"":480},{""year"":2026,""month"":6,""searchVolume"":590},{""year"":2026,""month"":5,""searchVolume"":590},{""year"":2026,""month"":4,""searchVolume"":480},{""year"":2026,""month"":3,""searchVolume"":480},{""year"":2026,""month"":2,""searchVolume"":480},{""year"":2026,""month"":1,""searchVolume"":390},{""year"":2025,""month"":12,""searchVolume"":390},{""year"":2025,""month"":11,""searchVolume"":390},{""year"":2025,""month"":10,""searchVolume"":480},{""year"":2025,""month"":9,""searchVolume"":480},{""year"":2025,""month"":8,""searchVolume"":480}]"
vancouver developer,2124,en,390,17,,navigational,"[{""year"":2026,""month"":7,""searchVolume"":390},{""year"":2026,""month"":6,""searchVolume"":320},{""year"":2026,""month"":5,""searchVolume"":390},{""year"":2026,""month"":4,""searchVolume"":260},{""year"":2026,""month"":3,""searchVolume"":390},{""year"":2026,""month"":2,""searchVolume"":480},{""year"":2026,""month"":1,""searchVolume"":480},{""year"":2025,""month"":12,""searchVolume"":390},{""year"":2025,""month"":11,""searchVolume"":480},{""year"":2025,""month"":10,""searchVolume"":480},{""year"":2025,""month"":9,""searchVolume"":590},{""year"":2025,""month"":8,""searchVolume"":590}]"
ryan beedie net worth,2124,en,390,0,,informational,"[{""year"":2026,""month"":6,""searchVolume"":480},{""year"":2026,""month"":5,""searchVolume"":590},{""year"":2026,""month"":4,""searchVolume"":720},{""year"":2026,""month"":3,""searchVolume"":320},{""year"":2026,""month"":2,""searchVolume"":320},{""year"":2026,""month"":1,""searchVolume"":260},{""year"":2025,""month"":12,""searchVolume"":480},{""year"":2025,""month"":11,""searchVolume"":260},{""year"":2025,""month"":10,""searchVolume"":260},{""year"":2025,""month"":9,""searchVolume"":260},{""year"":2025,""month"":8,""searchVolume"":590},{""year"":2025,""month"":7,""searchVolume"":210}]"
peterson group,2124,en,320,24,,navigational,"[{""year"":2026,""month"":7,""searchVolume"":320},{""year"":2026,""month"":6,""searchVolume"":260},{""year"":2026,""month"":5,""searchVolume"":320},{""year"":2026,""month"":4,""searchVolume"":320},{""year"":2026,""month"":3,""searchVolume"":320},{""year"":2026,""month"":2,""searchVolume"":390},{""year"":2026,""month"":1,""searchVolume"":320},{""year"":2025,""month"":12,""searchVolume"":260},{""year"":2025,""month"":11,""searchVolume"":390},{""year"":2025,""month"":10,""searchVolume"":390},{""year"":2025,""month"":9,""searchVolume"":480},{""year"":2025,""month"":8,""searchVolume"":390}]"
beedie toronto,2124,en,260,4,,navigational,"[{""year"":2026,""month"":7,""searchVolume"":320},{""year"":2026,""month"":6,""searchVolume"":390},{""year"":2026,""month"":5,""searchVolume"":260},{""year"":2026,""month"":4,""searchVolume"":210},{""year"":2026,""month"":3,""searchVolume"":320},{""year"":2026,""month"":2,""searchVolume"":260},{""year"":2026,""month"":1,""searchVolume"":170},{""year"":2025,""month"":12,""searchVolume"":140},{""year"":2025,""month"":11,""searchVolume"":210},{""year"":2025,""month"":10,""searchVolume"":320},{""year"":2025,""month"":9,""searchVolume"":320},{""year"":2025,""month"":8,""searchVolume"":210}]"
peterson vancouver,2124,en,170,8,,navigational,"[{""year"":2026,""month"":7,""searchVolume"":210},{""year"":2026,""month"":6,""searchVolume"":170},{""year"":2026,""month"":5,""searchVolume"":170},{""year"":2026,""month"":4,""searchVolume"":170},{""year"":2026,""month"":3,""searchVolume"":210},{""year"":2026,""month"":2,""searchVolume"":170},{""year"":2026,""month"":1,""searchVolume"":170},{""year"":2025,""month"":12,""searchVolume"":170},{""year"":2025,""month"":11,""searchVolume"":210},{""year"":2025,""month"":10,""searchVolume"":210},{""year"":2025,""month"":9,""searchVolume"":170},{""year"":2025,""month"":8,""searchVolume"":170}]"
peterson bc,2124,en,170,8,,navigational,"[{""year"":2026,""month"":7,""searchVolume"":210},{""year"":2026,""month"":6,""searchVolume"":170},{""year"":2026,""month"":5,""searchVolume"":170},{""year"":2026,""month"":4,""searchVolume"":170},{""year"":2026,""month"":3,""searchVolume"":210},{""year"":2026,""month"":2,""searchVolume"":170},{""year"":2026,""month"":1,""searchVolume"":170},{""year"":2025,""month"":12,""searchVolume"":170},{""year"":2025,""month"":11,""searchVolume"":210},{""year"":2025,""month"":10,""searchVolume"":210},{""year"":2025,""month"":9,""searchVolume"":170},{""year"":2025,""month"":8,""searchVolume"":170}]"
beedie burnaby,2124,en,140,8,2.37,navigational,"[{""year"":2026,""month"":6,""searchVolume"":140},{""year"":2026,""month"":5,""searchVolume"":170},{""year"":2026,""month"":4,""searchVolume"":170},{""year"":2026,""month"":3,""searchVolume"":210},{""year"":2026,""month"":2,""searchVolume"":170},{""year"":2026,""month"":1,""searchVolume"":110},{""year"":2025,""month"":12,""searchVolume"":90},{""year"":2025,""month"":11,""searchVolume"":70},{""year"":2025,""month"":10,""searchVolume"":90},{""year"":2025,""month"":9,""searchVolume"":70},{""year"":2025,""month"":8,""searchVolume"":110},{""year"":2025,""month"":7,""searchVolume"":260}]"
peterson real estate,2124,en,140,18,,navigational,"[{""year"":2026,""month"":7,""searchVolume"":140},{""year"":2026,""month"":6,""searchVolume"":110},{""year"":2026,""month"":5,""searchVolume"":210},{""year"":2026,""month"":4,""searchVolume"":110},{""year"":2026,""month"":3,""searchVolume"":140},{""year"":2026,""month"":2,""searchVolume"":140},{""year"":2026,""month"":1,""searchVolume"":140},{""year"":2025,""month"":12,""searchVolume"":70},{""year"":2025,""month"":11,""searchVolume"":110},{""year"":2025,""month"":10,""searchVolume"":110},{""year"":2025,""month"":9,""searchVolume"":110},{""year"":2025,""month"":8,""searchVolume"":140}]"
beedie group,2124,en,140,7,1.11,navigational,"[{""year"":2026,""month"":7,""searchVolume"":90},{""year"":2026,""month"":6,""searchVolume"":110},{""year"":2026,""month"":5,""searchVolume"":140},{""year"":2026,""month"":4,""searchVolume"":140},{""year"":2026,""month"":3,""searchVolume"":140},{""year"":2026,""month"":2,""searchVolume"":110},{""year"":2026,""month"":1,""searchVolume"":140},{""year"":2025,""month"":12,""searchVolume"":170},{""year"":2025,""month"":11,""searchVolume"":110},{""year"":2025,""month"":10,""searchVolume"":140},{""year"":2025,""month"":9,""searchVolume"":140},{""year"":2025,""month"":8,""searchVolume"":170}]"
beedie development,2124,en,140,12,0.39,informational,"[{""year"":2026,""month"":6,""searchVolume"":140},{""year"":2026,""month"":5,""searchVolume"":170},{""year"":2026,""month"":4,""searchVolume"":140},{""year"":2026,""month"":3,""searchVolume"":170},{""year"":2026,""month"":2,""searchVolume"":140},{""year"":2026,""month"":1,""searchVolume"":140},{""year"":2025,""month"":12,""searchVolume"":90},{""year"":2025,""month"":11,""searchVolume"":110},{""year"":2025,""month"":10,""searchVolume"":140},{""year"":2025,""month"":9,""searchVolume"":90},{""year"":2025,""month"":8,""searchVolume"":90},{""year"":2025,""month"":7,""searchVolume"":90}]"
chloe vancouver,2124,en,110,0,2.87,informational,"[{""year"":2026,""month"":7,""searchVolume"":50},{""year"":2026,""month"":6,""searchVolume"":70},{""year"":2026,""month"":5,""searchVolume"":70},{""year"":2026,""month"":4,""searchVolume"":50},{""year"":2026,""month"":3,""searchVolume"":50},{""year"":2026,""month"":2,""searchVolume"":50},{""year"":2026,""month"":1,""searchVolume"":50},{""year"":2025,""month"":12,""searchVolume"":70},{""year"":2025,""month"":11,""searchVolume"":40},{""year"":2025,""month"":10,""searchVolume"":90},{""year"":2025,""month"":9,""searchVolume"":210},{""year"":2025,""month"":8,""searchVolume"":480}]"
beedie vancouver,2124,en,90,0,0.43,navigational,"[{""year"":2026,""month"":7,""searchVolume"":70},{""year"":2026,""month"":6,""searchVolume"":90},{""year"":2026,""month"":5,""searchVolume"":70},{""year"":2026,""month"":4,""searchVolume"":110},{""year"":2026,""month"":3,""searchVolume"":90},{""year"":2026,""month"":2,""searchVolume"":110},{""year"":2026,""month"":1,""searchVolume"":90},{""year"":2025,""month"":12,""searchVolume"":90},{""year"":2025,""month"":11,""searchVolume"":90},{""year"":2025,""month"":10,""searchVolume"":110},{""year"":2025,""month"":9,""searchVolume"":90},{""year"":2025,""month"":8,""searchVolume"":110}]"
ryan beedie age,2124,en,90,0,,informational,"[{""year"":2026,""month"":6,""searchVolume"":140},{""year"":2026,""month"":5,""searchVolume"":170},{""year"":2026,""month"":4,""searchVolume"":260},{""year"":2026,""month"":3,""searchVolume"":70},{""year"":2026,""month"":2,""searchVolume"":50},{""year"":2026,""month"":1,""searchVolume"":40},{""year"":2025,""month"":12,""searchVolume"":90},{""year"":2025,""month"":11,""searchVolume"":70},{""year"":2025,""month"":10,""searchVolume"":70},{""year"":2025,""month"":9,""searchVolume"":50},{""year"":2025,""month"":8,""searchVolume"":140},{""year"":2025,""month"":7,""searchVolume"":40}]"
ryan beedie wife,2124,en,90,0,,informational,"[{""year"":2026,""month"":7,""searchVolume"":40},{""year"":2026,""month"":6,""searchVolume"":90},{""year"":2026,""month"":5,""searchVolume"":110},{""year"":2026,""month"":4,""searchVolume"":210},{""year"":2026,""month"":3,""searchVolume"":50},{""year"":2026,""month"":2,""searchVolume"":50},{""year"":2026,""month"":1,""searchVolume"":40},{""year"":2025,""month"":12,""searchVolume"":90},{""year"":2025,""month"":11,""searchVolume"":50},{""year"":2025,""month"":10,""searchVolume"":50},{""year"":2025,""month"":9,""searchVolume"":70},{""year"":2025,""month"":8,""searchVolume"":170}]"
beedie industrial,2124,en,90,12,0.3,navigational,"[{""year"":2026,""month"":7,""searchVolume"":70},{""year"":2026,""month"":6,""searchVolume"":110},{""year"":2026,""month"":5,""searchVolume"":90},{""year"":2026,""month"":4,""searchVolume"":70},{""year"":2026,""month"":3,""searchVolume"":90},{""year"":2026,""month"":2,""searchVolume"":110},{""year"":2026,""month"":1,""searchVolume"":90},{""year"":2025,""month"":12,""searchVolume"":90},{""year"":2025,""month"":11,""searchVolume"":110},{""year"":2025,""month"":10,""searchVolume"":110},{""year"":2025,""month"":9,""searchVolume"":90},{""year"":2025,""month"":8,""searchVolume"":90}]"
thind properties bankruptcies,2124,en,90,0,,informational,"[{""year"":2026,""month"":7,""searchVolume"":40},{""year"":2026,""month"":6,""searchVolume"":50},{""year"":2026,""month"":5,""searchVolume"":70},{""year"":2026,""month"":4,""searchVolume"":50},{""year"":2026,""month"":3,""searchVolume"":70},{""year"":2026,""month"":2,""searchVolume"":90},{""year"":2026,""month"":1,""searchVolume"":90},{""year"":2025,""month"":12,""searchVolume"":50},{""year"":2025,""month"":11,""searchVolume"":70},{""year"":2025,""month"":10,""searchVolume"":90},{""year"":2025,""month"":9,""searchVolume"":260},{""year"":2025,""month"":8,""searchVolume"":50}]"
peterson group vancouver,2124,en,90,9,7.55,navigational,"[{""year"":2026,""month"":7,""searchVolume"":90},{""year"":2026,""month"":6,""searchVolume"":90},{""year"":2026,""month"":5,""searchVolume"":110},{""year"":2026,""month"":4,""searchVolume"":90},{""year"":2026,""month"":3,""searchVolume"":90},{""year"":2026,""month"":2,""searchVolume"":50},{""year"":2026,""month"":1,""searchVolume"":50},{""year"":2025,""month"":12,""searchVolume"":110},{""year"":2025,""month"":11,""searchVolume"":90},{""year"":2025,""month"":10,""searchVolume"":90},{""year"":2025,""month"":9,""searchVolume"":110},{""year"":2025,""month"":8,""searchVolume"":90}]"
ryan beedie family,2124,en,40,40,,informational,"[{""year"":2026,""month"":7,""searchVolume"":10},{""year"":2026,""month"":6,""searchVolume"":40},{""year"":2026,""month"":5,""searchVolume"":50},{""year"":2026,""month"":4,""searchVolume"":110},{""year"":2026,""month"":3,""searchVolume"":30},{""year"":2026,""month"":2,""searchVolume"":30},{""year"":2026,""month"":1,""searchVolume"":20},{""year"":2025,""month"":12,""searchVolume"":40},{""year"":2025,""month"":11,""searchVolume"":20},{""year"":2025,""month"":10,""searchVolume"":30},{""year"":2025,""month"":9,""searchVolume"":30},{""year"":2025,""month"":8,""searchVolume"":90}]"
ryan beedie vancouver,2124,en,40,,,informational,"[{""year"":2026,""month"":7,""searchVolume"":40},{""year"":2026,""month"":6,""searchVolume"":50},{""year"":2026,""month"":5,""searchVolume"":70},{""year"":2026,""month"":4,""searchVolume"":70},{""year"":2026,""month"":3,""searchVolume"":30},{""year"":2026,""month"":2,""searchVolume"":30},{""year"":2026,""month"":1,""searchVolume"":20},{""year"":2025,""month"":12,""searchVolume"":10},{""year"":2025,""month"":11,""searchVolume"":30},{""year"":2025,""month"":10,""searchVolume"":50},{""year"":2025,""month"":9,""searchVolume"":30},{""year"":2025,""month"":8,""searchVolume"":70}]"
peterson vancouver nhl,2124,en,30,37,,informational,"[{""year"":2026,""month"":7,""searchVolume"":20},{""year"":2026,""month"":6,""searchVolume"":40},{""year"":2026,""month"":5,""searchVolume"":20},{""year"":2026,""month"":4,""searchVolume"":20},{""year"":2026,""month"":3,""searchVolume"":40},{""year"":2026,""month"":2,""searchVolume"":30},{""year"":2026,""month"":1,""searchVolume"":50},{""year"":2025,""month"":12,""searchVolume"":40},{""year"":2025,""month"":11,""searchVolume"":20},{""year"":2025,""month"":10,""searchVolume"":20},{""year"":2025,""month"":9,""searchVolume"":10},{""year"":2025,""month"":8,""searchVolume"":0}]"
chloe kerrisdale foreclosure,2124,en,30,,1.59,informational,"[{""year"":2026,""month"":7,""searchVolume"":20},{""year"":2026,""month"":6,""searchVolume"":10},{""year"":2026,""month"":5,""searchVolume"":10},{""year"":2026,""month"":4,""searchVolume"":10},{""year"":2026,""month"":3,""searchVolume"":10},{""year"":2026,""month"":2,""searchVolume"":10},{""year"":2026,""month"":1,""searchVolume"":10},{""year"":2025,""month"":12,""searchVolume"":20},{""year"":2025,""month"":11,""searchVolume"":30},{""year"":2025,""month"":10,""searchVolume"":20},{""year"":2025,""month"":9,""searchVolume"":30},{""year"":2025,""month"":8,""searchVolume"":170}]"
ryan beedie daughter,2124,en,30,,,informational,"[{""year"":2026,""month"":7,""searchVolume"":20},{""year"":2026,""month"":6,""searchVolume"":40},{""year"":2026,""month"":5,""searchVolume"":40},{""year"":2026,""month"":4,""searchVolume"":70},{""year"":2026,""month"":3,""searchVolume"":20},{""year"":2026,""month"":2,""searchVolume"":10},{""year"":2026,""month"":1,""searchVolume"":20},{""year"":2025,""month"":12,""searchVolume"":30},{""year"":2025,""month"":11,""searchVolume"":20},{""year"":2025,""month"":10,""searchVolume"":30},{""year"":2025,""month"":9,""searchVolume"":40},{""year"":2025,""month"":8,""searchVolume"":70}]"
ryan beedie wikipedia,2124,en,20,,,informational,"[{""year"":2026,""month"":7,""searchVolume"":10},{""year"":2026,""month"":6,""searchVolume"":10},{""year"":2026,""month"":5,""searchVolume"":40},{""year"":2026,""month"":4,""searchVolume"":90},{""year"":2026,""month"":3,""searchVolume"":10},{""year"":2026,""month"":2,""searchVolume"":20},{""year"":2026,""month"":1,""searchVolume"":10},{""year"":2025,""month"":12,""searchVolume"":30},{""year"":2025,""month"":11,""searchVolume"":20},{""year"":2025,""month"":10,""searchVolume"":20},{""year"":2025,""month"":9,""searchVolume"":10},{""year"":2025,""month"":8,""searchVolume"":20}]"
peterson group owner,2124,en,10,,,navigational,"[{""year"":2026,""month"":7,""searchVolume"":10},{""year"":2026,""month"":6,""searchVolume"":10},{""year"":2026,""month"":5,""searchVolume"":10},{""year"":2026,""month"":4,""searchVolume"":10},{""year"":2026,""month"":3,""searchVolume"":10},{""year"":2026,""month"":2,""searchVolume"":10},{""year"":2026,""month"":1,""searchVolume"":10},{""year"":2025,""month"":12,""searchVolume"":10},{""year"":2025,""month"":11,""searchVolume"":10},{""year"":2025,""month"":10,""searchVolume"":20},{""year"":2025,""month"":9,""searchVolume"":10},{""year"":2025,""month"":8,""searchVolume"":20}]"
vancouver developer bankruptcies update,2124,en,10,,,informational,"[{""year"":2026,""month"":7,""searchVolume"":10},{""year"":2026,""month"":6,""searchVolume"":10},{""year"":2026,""month"":5,""searchVolume"":10},{""year"":2026,""month"":4,""searchVolume"":10},{""year"":2026,""month"":3,""searchVolume"":10},{""year"":2026,""month"":2,""searchVolume"":10},{""year"":2026,""month"":1,""searchVolume"":10},{""year"":2025,""month"":12,""searchVolume"":10},{""year"":2025,""month"":11,""searchVolume"":10},{""year"":2025,""month"":10,""searchVolume"":10},{""year"":2025,""month"":9,""searchVolume"":10},{""year"":2025,""month"":8,""searchVolume"":10}]"
who is ryan beedie,2124,en,10,,,informational,"[{""year"":2026,""month"":7,""searchVolume"":10},{""year"":2026,""month"":6,""searchVolume"":20},{""year"":2026,""month"":5,""searchVolume"":30},{""year"":2026,""month"":4,""searchVolume"":0},{""year"":2026,""month"":3,""searchVolume"":0},{""year"":2026,""month"":2,""searchVolume"":0},{""year"":2026,""month"":1,""searchVolume"":0},{""year"":2025,""month"":12,""searchVolume"":0},{""year"":2025,""month"":11,""searchVolume"":0},{""year"":2025,""month"":10,""searchVolume"":0},{""year"":2025,""month"":9,""searchVolume"":0},{""year"":2025,""month"":8,""searchVolume"":0}]"
ryan beedie linkedin,2124,en,10,,,navigational,"[{""year"":2026,""month"":7,""searchVolume"":10},{""year"":2026,""month"":6,""searchVolume"":10},{""year"":2026,""month"":5,""searchVolume"":20},{""year"":2026,""month"":4,""searchVolume"":20},{""year"":2026,""month"":3,""searchVolume"":0},{""year"":2026,""month"":2,""searchVolume"":0},{""year"":2026,""month"":1,""searchVolume"":0},{""year"":2025,""month"":12,""searchVolume"":0},{""year"":2025,""month"":11,""searchVolume"":0},{""year"":2025,""month"":10,""searchVolume"":0},{""year"":2025,""month"":9,""searchVolume"":0},{""year"":2025,""month"":8,""searchVolume"":0}]"
peterson group hong kong,2124,en,10,,,navigational,"[{""year"":2026,""month"":7,""searchVolume"":10},{""year"":2026,""month"":6,""searchVolume"":10},{""year"":2026,""month"":5,""searchVolume"":10},{""year"":2026,""month"":4,""searchVolume"":10},{""year"":2026,""month"":3,""searchVolume"":10},{""year"":2026,""month"":2,""searchVolume"":10},{""year"":2026,""month"":1,""searchVolume"":10},{""year"":2025,""month"":12,""searchVolume"":10},{""year"":2025,""month"":11,""searchVolume"":10},{""year"":2025,""month"":10,""searchVolume"":10},{""year"":2025,""month"":9,""searchVolume"":10},{""year"":2025,""month"":8,""searchVolume"":10}]"
peterson group real estate,2124,en,10,,,navigational,"[{""year"":2026,""month"":7,""searchVolume"":10},{""year"":2026,""month"":6,""searchVolume"":10},{""year"":2026,""month"":5,""searchVolume"":10},{""year"":2026,""month"":4,""searchVolume"":10},{""year"":2026,""month"":3,""searchVolume"":10},{""year"":2026,""month"":2,""searchVolume"":10},{""year"":2026,""month"":1,""searchVolume"":10},{""year"":2025,""month"":12,""searchVolume"":10},{""year"":2025,""month"":11,""searchVolume"":10},{""year"":2025,""month"":10,""searchVolume"":10},{""year"":2025,""month"":9,""searchVolume"":10},{""year"":2025,""month"":8,""searchVolume"":10}]"
peterson group ceo,2124,en,10,,,navigational,"[{""year"":2026,""month"":7,""searchVolume"":0},{""year"":2026,""month"":6,""searchVolume"":10},{""year"":2026,""month"":5,""searchVolume"":10},{""year"":2026,""month"":4,""searchVolume"":10},{""year"":2026,""month"":3,""searchVolume"":10},{""year"":2026,""month"":2,""searchVolume"":10},{""year"":2026,""month"":1,""searchVolume"":10},{""year"":2025,""month"":12,""searchVolume"":0},{""year"":2025,""month"":11,""searchVolume"":10},{""year"":2025,""month"":10,""searchVolume"":10},{""year"":2025,""month"":9,""searchVolume"":10},{""year"":2025,""month"":8,""searchVolume"":10}]"
peterson group careers,2124,en,10,,,navigational,"[{""year"":2026,""month"":7,""searchVolume"":10},{""year"":2026,""month"":6,""searchVolume"":10},{""year"":2026,""month"":5,""searchVolume"":10},{""year"":2026,""month"":4,""searchVolume"":10},{""year"":2026,""month"":3,""searchVolume"":10},{""year"":2026,""month"":2,""searchVolume"":10},{""year"":2026,""month"":1,""searchVolume"":10},{""year"":2025,""month"":12,""searchVolume"":10},{""year"":2025,""month"":11,""searchVolume"":10},{""year"":2025,""month"":10,""searchVolume"":10},{""year"":2025,""month"":9,""searchVolume"":10},{""year"":2025,""month"":8,""searchVolume"":10}]"
beedie burnaby office,2124,en,10,,,navigational,"[{""year"":2026,""month"":7,""searchVolume"":30},{""year"":2026,""month"":6,""searchVolume"":20},{""year"":2026,""month"":5,""searchVolume"":10},{""year"":2026,""month"":4,""searchVolume"":20},{""year"":2026,""month"":3,""searchVolume"":0},{""year"":2026,""month"":2,""searchVolume"":0},{""year"":2026,""month"":1,""searchVolume"":0},{""year"":2025,""month"":12,""searchVolume"":0},{""year"":2025,""month"":11,""searchVolume"":0},{""year"":2025,""month"":10,""searchVolume"":0},{""year"":2025,""month"":9,""searchVolume"":0},{""year"":2025,""month"":8,""searchVolume"":0}]"
beedie canada,2124,en,10,,,navigational,"[{""year"":2026,""month"":7,""searchVolume"":10},{""year"":2026,""month"":6,""searchVolume"":10},{""year"":2026,""month"":5,""searchVolume"":10},{""year"":2026,""month"":4,""searchVolume"":10},{""year"":2026,""month"":3,""searchVolume"":10},{""year"":2026,""month"":2,""searchVolume"":10},{""year"":2026,""month"":1,""searchVolume"":10},{""year"":2025,""month"":12,""searchVolume"":10},{""year"":2025,""month"":11,""searchVolume"":10},{""year"":2025,""month"":10,""searchVolume"":10},{""year"":2025,""month"":9,""searchVolume"":10},{""year"":2025,""month"":8,""searchVolume"":10}]"
ryan beedie mining,2124,en,,,,informational,"[{""year"":2026,""month"":5,""searchVolume"":0},{""year"":2026,""month"":4,""searchVolume"":0},{""year"":2026,""month"":3,""searchVolume"":0},{""year"":2026,""month"":2,""searchVolume"":0},{""year"":2026,""month"":1,""searchVolume"":0},{""year"":2025,""month"":12,""searchVolume"":0},{""year"":2025,""month"":11,""searchVolume"":0},{""year"":2025,""month"":10,""searchVolume"":0},{""year"":2025,""month"":9,""searchVolume"":0},{""year"":2025,""month"":8,""searchVolume"":0},{""year"":2025,""month"":7,""searchVolume"":0},{""year"":2025,""month"":6,""searchVolume"":0}]"
ryan beedie children,2124,en,,,,informational,"[{""year"":2026,""month"":5,""searchVolume"":0},{""year"":2026,""month"":4,""searchVolume"":0},{""year"":2026,""month"":3,""searchVolume"":0},{""year"":2026,""month"":2,""searchVolume"":0},{""year"":2026,""month"":1,""searchVolume"":0},{""year"":2025,""month"":12,""searchVolume"":0},{""year"":2025,""month"":11,""searchVolume"":0},{""year"":2025,""month"":10,""searchVolume"":0},{""year"":2025,""month"":9,""searchVolume"":0},{""year"":2025,""month"":8,""searchVolume"":0},{""year"":2025,""month"":7,""searchVolume"":0},{""year"":2025,""month"":6,""searchVolume"":0}]"
ryan beedie son,2124,en,,,,informational,"[{""year"":2026,""month"":5,""searchVolume"":0},{""year"":2026,""month"":4,""searchVolume"":0},{""year"":2026,""month"":3,""searchVolume"":0},{""year"":2026,""month"":2,""searchVolume"":0},{""year"":2026,""month"":1,""searchVolume"":0},{""year"":2025,""month"":12,""searchVolume"":0},{""year"":2025,""month"":11,""searchVolume"":0},{""year"":2025,""month"":10,""searchVolume"":0},{""year"":2025,""month"":9,""searchVolume"":0},{""year"":2025,""month"":8,""searchVolume"":0},{""year"":2025,""month"":7,""searchVolume"":0},{""year"":2025,""month"":6,""searchVolume"":0}]"
ryan beedie philanthropy,2124,en,,,,informational,"[{""year"":2026,""month"":5,""searchVolume"":0},{""year"":2026,""month"":4,""searchVolume"":0},{""year"":2026,""month"":3,""searchVolume"":0},{""year"":2026,""month"":2,""searchVolume"":0},{""year"":2026,""month"":1,""searchVolume"":0},{""year"":2025,""month"":12,""searchVolume"":0},{""year"":2025,""month"":11,""searchVolume"":0},{""year"":2025,""month"":10,""searchVolume"":0},{""year"":2025,""month"":9,""searchVolume"":0},{""year"":2025,""month"":8,""searchVolume"":0},{""year"":2025,""month"":7,""searchVolume"":0},{""year"":2025,""month"":6,""searchVolume"":0}]"
peterson bc rentals,2124,en,,,,commercial,"[{""year"":2026,""month"":5,""searchVolume"":0},{""year"":2026,""month"":4,""searchVolume"":0},{""year"":2026,""month"":3,""searchVolume"":0},{""year"":2026,""month"":2,""searchVolume"":0},{""year"":2026,""month"":1,""searchVolume"":0},{""year"":2025,""month"":12,""searchVolume"":0},{""year"":2025,""month"":11,""searchVolume"":0},{""year"":2025,""month"":10,""searchVolume"":0},{""year"":2025,""month"":9,""searchVolume"":0},{""year"":2025,""month"":8,""searchVolume"":0},{""year"":2025,""month"":7,""searchVolume"":0},{""year"":2025,""month"":6,""searchVolume"":0}]"
craigslist vancouver,2124,en,246000,0,3.06,navigational,"[{""year"":2026,""month"":6,""searchVolume"":246000},{""year"":2026,""month"":5,""searchVolume"":246000},{""year"":2026,""month"":4,""searchVolume"":246000},{""year"":2026,""month"":3,""searchVolume"":246000},{""year"":2026,""month"":2,""searchVolume"":246000},{""year"":2026,""month"":1,""searchVolume"":246000},{""year"":2025,""month"":12,""searchVolume"":246000},{""year"":2025,""month"":11,""searchVolume"":246000},{""year"":2025,""month"":10,""searchVolume"":301000},{""year"":2025,""month"":9,""searchVolume"":301000},{""year"":2025,""month"":8,""searchVolume"":301000},{""year"":2025,""month"":7,""searchVolume"":301000}]"
house for sale vancouver,2124,en,14800,18,0.89,commercial,"[{""year"":2026,""month"":7,""searchVolume"":14800},{""year"":2026,""month"":6,""searchVolume"":14800},{""year"":2026,""month"":5,""searchVolume"":18100},{""year"":2026,""month"":4,""searchVolume"":18100},{""year"":2026,""month"":3,""searchVolume"":18100},{""year"":2026,""month"":2,""searchVolume"":14800},{""year"":2026,""month"":1,""searchVolume"":18100},{""year"":2025,""month"":12,""searchVolume"":14800},{""year"":2025,""month"":11,""searchVolume"":14800},{""year"":2025,""month"":10,""searchVolume"":14800},{""year"":2025,""month"":9,""searchVolume"":14800},{""year"":2025,""month"":8,""searchVolume"":18100}]"
vancouver rentals craigslist,2124,en,5400,0,2.37,navigational,"[{""year"":2026,""month"":7,""searchVolume"":5400},{""year"":2026,""month"":6,""searchVolume"":6600},{""year"":2026,""month"":5,""searchVolume"":6600},{""year"":2026,""month"":4,""searchVolume"":6600},{""year"":2026,""month"":3,""searchVolume"":6600},{""year"":2026,""month"":2,""searchVolume"":5400},{""year"":2026,""month"":1,""searchVolume"":6600},{""year"":2025,""month"":12,""searchVolume"":4400},{""year"":2025,""month"":11,""searchVolume"":5400},{""year"":2025,""month"":10,""searchVolume"":5400},{""year"":2025,""month"":9,""searchVolume"":5400},{""year"":2025,""month"":8,""searchVolume"":5400}]"
rew north vancouver,2124,en,4400,0,,navigational,"[{""year"":2026,""month"":7,""searchVolume"":4400},{""year"":2026,""month"":6,""searchVolume"":5400},{""year"":2026,""month"":5,""searchVolume"":4400},{""year"":2026,""month"":4,""searchVolume"":5400},{""year"":2026,""month"":3,""searchVolume"":4400},{""year"":2026,""month"":2,""searchVolume"":4400},{""year"":2026,""month"":1,""searchVolume"":4400},{""year"":2025,""month"":12,""searchVolume"":2900},{""year"":2025,""month"":11,""searchVolume"":4400},{""year"":2025,""month"":10,""searchVolume"":4400},{""year"":2025,""month"":9,""searchVolume"":4400},{""year"":2025,""month"":8,""searchVolume"":4400}]"
townhouse for sale surrey,2124,en,3600,0,1.32,commercial,"[{""year"":2026,""month"":7,""searchVolume"":3600},{""year"":2026,""month"":6,""searchVolume"":3600},{""year"":2026,""month"":5,""searchVolume"":4400},{""year"":2026,""month"":4,""searchVolume"":3600},{""year"":2026,""month"":3,""searchVolume"":3600},{""year"":2026,""month"":2,""searchVolume"":3600},{""year"":2026,""month"":1,""searchVolume"":3600},{""year"":2025,""month"":12,""searchVolume"":2900},{""year"":2025,""month"":11,""searchVolume"":3600},{""year"":2025,""month"":10,""searchVolume"":3600},{""year"":2025,""month"":9,""searchVolume"":3600},{""year"":2025,""month"":8,""searchVolume"":3600}]"
townhouse for sale langley,2124,en,3600,0,,transactional,"[{""year"":2026,""month"":7,""searchVolume"":3600},{""year"":2026,""month"":6,""searchVolume"":3600},{""year"":2026,""month"":5,""searchVolume"":4400},{""year"":2026,""month"":4,""searchVolume"":3600},{""year"":2026,""month"":3,""searchVolume"":3600},{""year"":2026,""month"":2,""searchVolume"":3600},{""year"":2026,""month"":1,""searchVolume"":3600},{""year"":2025,""month"":12,""searchVolume"":2900},{""year"":2025,""month"":11,""searchVolume"":3600},{""year"":2025,""month"":10,""searchVolume"":3600},{""year"":2025,""month"":9,""searchVolume"":2900},{""year"":2025,""month"":8,""searchVolume"":3600}]"
townhouse vancouver for sale,2124,en,2400,0,1.3,transactional,"[{""year"":2026,""month"":7,""searchVolume"":1900},{""year"":2026,""month"":6,""searchVolume"":2400},{""year"":2026,""month"":5,""searchVolume"":2400},{""year"":2026,""month"":4,""searchVolume"":2400},{""year"":2026,""month"":3,""searchVolume"":2400},{""year"":2026,""month"":2,""searchVolume"":1900},{""year"":2026,""month"":1,""searchVolume"":2400},{""year"":2025,""month"":12,""searchVolume"":1900},{""year"":2025,""month"":11,""searchVolume"":1900},{""year"":2025,""month"":10,""searchVolume"":2400},{""year"":2025,""month"":9,""searchVolume"":2400},{""year"":2025,""month"":8,""searchVolume"":2400}]"
vancouver townhouse for sale,2124,en,2400,0,1.3,transactional,"[{""year"":2026,""month"":7,""searchVolume"":1900},{""year"":2026,""month"":6,""searchVolume"":2400},{""year"":2026,""month"":5,""searchVolume"":2400},{""year"":2026,""month"":4,""searchVolume"":2400},{""year"":2026,""month"":3,""searchVolume"":2400},{""year"":2026,""month"":2,""searchVolume"":1900},{""year"":2026,""month"":1,""searchVolume"":2400},{""year"":2025,""month"":12,""searchVolume"":1900},{""year"":2025,""month"":11,""searchVolume"":1900},{""year"":2025,""month"":10,""searchVolume"":2400},{""year"":2025,""month"":9,""searchVolume"":2400},{""year"":2025,""month"":8,""searchVolume"":2400}]"
townhouse for sale burnaby,2124,en,2400,0,,commercial,"[{""year"":2026,""month"":7,""searchVolume"":2400},{""year"":2026,""month"":6,""searchVolume"":2400},{""year"":2026,""month"":5,""searchVolume"":2400},{""year"":2026,""month"":4,""searchVolume"":2400},{""year"":2026,""month"":3,""searchVolume"":2400},{""year"":2026,""month"":2,""searchVolume"":2400},{""year"":2026,""month"":1,""searchVolume"":2900},{""year"":2025,""month"":12,""searchVolume"":1900},{""year"":2025,""month"":11,""searchVolume"":1900},{""year"":2025,""month"":10,""searchVolume"":1900},{""year"":2025,""month"":9,""searchVolume"":2400},{""year"":2025,""month"":8,""searchVolume"":2400}]"
townhomes for sale burnaby,2124,en,2400,0,1.22,commercial,"[{""year"":2026,""month"":6,""searchVolume"":2400},{""year"":2026,""month"":5,""searchVolume"":2400},{""year"":2026,""month"":4,""searchVolume"":2400},{""year"":2026,""month"":3,""searchVolume"":2400},{""year"":2026,""month"":2,""searchVolume"":2400},{""year"":2026,""month"":1,""searchVolume"":2900},{""year"":2025,""month"":12,""searchVolume"":1900},{""year"":2025,""month"":11,""searchVolume"":1900},{""year"":2025,""month"":10,""searchVolume"":1900},{""year"":2025,""month"":9,""searchVolume"":2400},{""year"":2025,""month"":8,""searchVolume"":2400},{""year"":2025,""month"":7,""searchVolume"":2400}]"
townhomes for sale vancouver,2124,en,2400,0,,commercial,"[{""year"":2026,""month"":7,""searchVolume"":1900},{""year"":2026,""month"":6,""searchVolume"":2400},{""year"":2026,""month"":5,""searchVolume"":2400},{""year"":2026,""month"":4,""searchVolume"":2400},{""year"":2026,""month"":3,""searchVolume"":2400},{""year"":2026,""month"":2,""searchVolume"":1900},{""year"":2026,""month"":1,""searchVolume"":2400},{""year"":2025,""month"":12,""searchVolume"":1900},{""year"":2025,""month"":11,""searchVolume"":1900},{""year"":2025,""month"":10,""searchVolume"":2400},{""year"":2025,""month"":9,""searchVolume"":2400},{""year"":2025,""month"":8,""searchVolume"":2400}]"
burnaby townhouse for sale,2124,en,2400,0,1.28,transactional,"[{""year"":2026,""month"":7,""searchVolume"":2400},{""year"":2026,""month"":6,""searchVolume"":2400},{""year"":2026,""month"":5,""searchVolume"":2400},{""year"":2026,""month"":4,""searchVolume"":2400},{""year"":2026,""month"":3,""searchVolume"":2400},{""year"":2026,""month"":2,""searchVolume"":2400},{""year"":2026,""month"":1,""searchVolume"":2900},{""year"":2025,""month"":12,""searchVolume"":1900},{""year"":2025,""month"":11,""searchVolume"":1900},{""year"":2025,""month"":10,""searchVolume"":1900},{""year"":2025,""month"":9,""searchVolume"":2400},{""year"":2025,""month"":8,""searchVolume"":2400}]"
townhouse for sale vancouver,2124,en,2400,0,1.3,commercial,"[{""year"":2026,""month"":7,""searchVolume"":1900},{""year"":2026,""month"":6,""searchVolume"":2400},{""year"":2026,""month"":5,""searchVolume"":2400},{""year"":2026,""month"":4,""searchVolume"":2400},{""year"":2026,""month"":3,""searchVolume"":2400},{""year"":2026,""month"":2,""searchVolume"":1900},{""year"":2026,""month"":1,""searchVolume"":2400},{""year"":2025,""month"":12,""searchVolume"":1900},{""year"":2025,""month"":11,""searchVolume"":1900},{""year"":2025,""month"":10,""searchVolume"":2400},{""year"":2025,""month"":9,""searchVolume"":2400},{""year"":2025,""month"":8,""searchVolume"":2400}]"
apartments for rent coquitlam,2124,en,1600,0,,commercial,"[{""year"":2026,""month"":7,""searchVolume"":1600},{""year"":2026,""month"":6,""searchVolume"":1600},{""year"":2026,""month"":5,""searchVolume"":1600},{""year"":2026,""month"":4,""searchVolume"":1600},{""year"":2026,""month"":3,""searchVolume"":1600},{""year"":2026,""month"":2,""searchVolume"":1600},{""year"":2026,""month"":1,""searchVolume"":1600},{""year"":2025,""month"":12,""searchVolume"":1300},{""year"":2025,""month"":11,""searchVolume"":1300},{""year"":2025,""month"":10,""searchVolume"":1300},{""year"":2025,""month"":9,""searchVolume"":1300},{""year"":2025,""month"":8,""searchVolume"":1600}]"
townhouse for sale coquitlam,2124,en,1600,0,1.87,transactional,"[{""year"":2026,""month"":7,""searchVolume"":1600},{""year"":2026,""month"":6,""searchVolume"":1600},{""year"":2026,""month"":5,""searchVolume"":1600},{""year"":2026,""month"":4,""searchVolume"":1600},{""year"":2026,""month"":3,""searchVolume"":1900},{""year"":2026,""month"":2,""searchVolume"":1600},{""year"":2026,""month"":1,""searchVolume"":1600},{""year"":2025,""month"":12,""searchVolume"":1300},{""year"":2025,""month"":11,""searchVolume"":1300},{""year"":2025,""month"":10,""searchVolume"":1600},{""year"":2025,""month"":9,""searchVolume"":1600},{""year"":2025,""month"":8,""searchVolume"":1600}]"
rew west vancouver,2124,en,1600,0,2.2,navigational,"[{""year"":2026,""month"":6,""searchVolume"":1600},{""year"":2026,""month"":5,""searchVolume"":1600},{""year"":2026,""month"":4,""searchVolume"":1600},{""year"":2026,""month"":3,""searchVolume"":1600},{""year"":2026,""month"":2,""searchVolume"":1300},{""year"":2026,""month"":1,""searchVolume"":1600},{""year"":2025,""month"":12,""searchVolume"":1300},{""year"":2025,""month"":11,""searchVolume"":1600},{""year"":2025,""month"":10,""searchVolume"":1600},{""year"":2025,""month"":9,""searchVolume"":1600},{""year"":2025,""month"":8,""searchVolume"":1600},{""year"":2025,""month"":7,""searchVolume"":1600}]"
houses for rent burnaby,2124,en,1300,0,,commercial,"[{""year"":2026,""month"":7,""searchVolume"":1000},{""year"":2026,""month"":6,""searchVolume"":1000},{""year"":2026,""month"":5,""searchVolume"":1300},{""year"":2026,""month"":4,""searchVolume"":1000},{""year"":2026,""month"":3,""searchVolume"":1600},{""year"":2026,""month"":2,""searchVolume"":1000},{""year"":2026,""month"":1,""searchVolume"":1600},{""year"":2025,""month"":12,""searchVolume"":880},{""year"":2025,""month"":11,""searchVolume"":1000},{""year"":2025,""month"":10,""searchVolume"":1300},{""year"":2025,""month"":9,""searchVolume"":1300},{""year"":2025,""month"":8,""searchVolume"":1300}]"
townhouses for sale north vancouver,2124,en,1000,0,1.48,commercial,"[{""year"":2026,""month"":6,""searchVolume"":1000},{""year"":2026,""month"":5,""searchVolume"":1000},{""year"":2026,""month"":4,""searchVolume"":1000},{""year"":2026,""month"":3,""searchVolume"":1000},{""year"":2026,""month"":2,""searchVolume"":1000},{""year"":2026,""month"":1,""searchVolume"":1300},{""year"":2025,""month"":12,""searchVolume"":880},{""year"":2025,""month"":11,""searchVolume"":1000},{""year"":2025,""month"":10,""searchVolume"":1300},{""year"":2025,""month"":9,""searchVolume"":1000},{""year"":2025,""month"":8,""searchVolume"":1300},{""year"":2025,""month"":7,""searchVolume"":1000}]"
townhomes for sale north vancouver,2124,en,1000,0,0.96,commercial,"[{""year"":2026,""month"":7,""searchVolume"":1000},{""year"":2026,""month"":6,""searchVolume"":1000},{""year"":2026,""month"":5,""searchVolume"":1000},{""year"":2026,""month"":4,""searchVolume"":1000},{""year"":2026,""month"":3,""searchVolume"":1000},{""year"":2026,""month"":2,""searchVolume"":1000},{""year"":2026,""month"":1,""searchVolume"":1300},{""year"":2025,""month"":12,""searchVolume"":880},{""year"":2025,""month"":11,""searchVolume"":1000},{""year"":2025,""month"":10,""searchVolume"":1300},{""year"":2025,""month"":9,""searchVolume"":1000},{""year"":2025,""month"":8,""searchVolume"":1300}]"
townhouse for sale north vancouver,2124,en,1000,0,1.48,transactional,"[{""year"":2026,""month"":6,""searchVolume"":1000},{""year"":2026,""month"":5,""searchVolume"":1000},{""year"":2026,""month"":4,""searchVolume"":1000},{""year"":2026,""month"":3,""searchVolume"":1000},{""year"":2026,""month"":2,""searchVolume"":1000},{""year"":2026,""month"":1,""searchVolume"":1300},{""year"":2025,""month"":12,""searchVolume"":880},{""year"":2025,""month"":11,""searchVolume"":1000},{""year"":2025,""month"":10,""searchVolume"":1300},{""year"":2025,""month"":9,""searchVolume"":1000},{""year"":2025,""month"":8,""searchVolume"":1300},{""year"":2025,""month"":7,""searchVolume"":1000}]"
houses for rent coquitlam,2124,en,880,0,0.45,commercial,"[{""year"":2026,""month"":6,""searchVolume"":1000},{""year"":2026,""month"":5,""searchVolume"":1000},{""year"":2026,""month"":4,""searchVolume"":880},{""year"":2026,""month"":3,""searchVolume"":1000},{""year"":2026,""month"":2,""searchVolume"":720},{""year"":2026,""month"":1,""searchVolume"":1000},{""year"":2025,""month"":12,""searchVolume"":720},{""year"":2025,""month"":11,""searchVolume"":880},{""year"":2025,""month"":10,""searchVolume"":880},{""year"":2025,""month"":9,""searchVolume"":880},{""year"":2025,""month"":8,""searchVolume"":880},{""year"":2025,""month"":7,""searchVolume"":1000}]"
townhomes for rent vancouver,2124,en,720,0,0.39,commercial,"[{""year"":2026,""month"":7,""searchVolume"":720},{""year"":2026,""month"":6,""searchVolume"":720},{""year"":2026,""month"":5,""searchVolume"":720},{""year"":2026,""month"":4,""searchVolume"":880},{""year"":2026,""month"":3,""searchVolume"":720},{""year"":2026,""month"":2,""searchVolume"":720},{""year"":2026,""month"":1,""searchVolume"":720},{""year"":2025,""month"":12,""searchVolume"":590},{""year"":2025,""month"":11,""searchVolume"":590},{""year"":2025,""month"":10,""searchVolume"":590},{""year"":2025,""month"":9,""searchVolume"":590},{""year"":2025,""month"":8,""searchVolume"":590}]"
vancouver townhouse for rent,2124,en,720,0,0.39,commercial,"[{""year"":2026,""month"":7,""searchVolume"":720},{""year"":2026,""month"":6,""searchVolume"":720},{""year"":2026,""month"":5,""searchVolume"":720},{""year"":2026,""month"":4,""searchVolume"":880},{""year"":2026,""month"":3,""searchVolume"":720},{""year"":2026,""month"":2,""searchVolume"":720},{""year"":2026,""month"":1,""searchVolume"":720},{""year"":2025,""month"":12,""searchVolume"":590},{""year"":2025,""month"":11,""searchVolume"":590},{""year"":2025,""month"":10,""searchVolume"":590},{""year"":2025,""month"":9,""searchVolume"":590},{""year"":2025,""month"":8,""searchVolume"":590}]"
townhouse for sale new westminster,2124,en,720,0,2.17,transactional,"[{""year"":2026,""month"":7,""searchVolume"":590},{""year"":2026,""month"":6,""searchVolume"":720},{""year"":2026,""month"":5,""searchVolume"":720},{""year"":2026,""month"":4,""searchVolume"":720},{""year"":2026,""month"":3,""searchVolume"":590},{""year"":2026,""month"":2,""searchVolume"":720},{""year"":2026,""month"":1,""searchVolume"":720},{""year"":2025,""month"":12,""searchVolume"":590},{""year"":2025,""month"":11,""searchVolume"":720},{""year"":2025,""month"":10,""searchVolume"":720},{""year"":2025,""month"":9,""searchVolume"":590},{""year"":2025,""month"":8,""searchVolume"":720}]"
townhomes for rent langley,2124,en,590,0,,commercial,"[{""year"":2026,""month"":7,""searchVolume"":590},{""year"":2026,""month"":6,""searchVolume"":590},{""year"":2026,""month"":5,""searchVolume"":590},{""year"":2026,""month"":4,""searchVolume"":480},{""year"":2026,""month"":3,""searchVolume"":590},{""year"":2026,""month"":2,""searchVolume"":480},{""year"":2026,""month"":1,""searchVolume"":590},{""year"":2025,""month"":12,""searchVolume"":480},{""year"":2025,""month"":11,""searchVolume"":480},{""year"":2025,""month"":10,""searchVolume"":590},{""year"":2025,""month"":9,""searchVolume"":590},{""year"":2025,""month"":8,""searchVolume"":590}]"
townhouse for rent langley,2124,en,590,0,0.76,transactional,"[{""year"":2026,""month"":7,""searchVolume"":590},{""year"":2026,""month"":6,""searchVolume"":590},{""year"":2026,""month"":5,""searchVolume"":590},{""year"":2026,""month"":4,""searchVolume"":480},{""year"":2026,""month"":3,""searchVolume"":590},{""year"":2026,""month"":2,""searchVolume"":480},{""year"":2026,""month"":1,""searchVolume"":590},{""year"":2025,""month"":12,""searchVolume"":480},{""year"":2025,""month"":11,""searchVolume"":480},{""year"":2025,""month"":10,""searchVolume"":590},{""year"":2025,""month"":9,""searchVolume"":590},{""year"":2025,""month"":8,""searchVolume"":590}]"
townhouse for rent surrey,2124,en,480,12,0.49,commercial,"[{""year"":2026,""month"":7,""searchVolume"":590},{""year"":2026,""month"":6,""searchVolume"":480},{""year"":2026,""month"":5,""searchVolume"":590},{""year"":2026,""month"":4,""searchVolume"":480},{""year"":2026,""month"":3,""searchVolume"":590},{""year"":2026,""month"":2,""searchVolume"":480},{""year"":2026,""month"":1,""searchVolume"":480},{""year"":2025,""month"":12,""searchVolume"":390},{""year"":2025,""month"":11,""searchVolume"":320},{""year"":2025,""month"":10,""searchVolume"":390},{""year"":2025,""month"":9,""searchVolume"":480},{""year"":2025,""month"":8,""searchVolume"":480}]"
townhomes for rent burnaby,2124,en,390,0,0.37,commercial,"[{""year"":2026,""month"":7,""searchVolume"":480},{""year"":2026,""month"":6,""searchVolume"":480},{""year"":2026,""month"":5,""searchVolume"":590},{""year"":2026,""month"":4,""searchVolume"":390},{""year"":2026,""month"":3,""searchVolume"":480},{""year"":2026,""month"":2,""searchVolume"":390},{""year"":2026,""month"":1,""searchVolume"":390},{""year"":2025,""month"":12,""searchVolume"":320},{""year"":2025,""month"":11,""searchVolume"":320},{""year"":2025,""month"":10,""searchVolume"":390},{""year"":2025,""month"":9,""searchVolume"":320},{""year"":2025,""month"":8,""searchVolume"":390}]"
kijiji vancouver rentals,2124,en,390,0,0.83,navigational,"[{""year"":2026,""month"":7,""searchVolume"":320},{""year"":2026,""month"":6,""searchVolume"":320},{""year"":2026,""month"":5,""searchVolume"":390},{""year"":2026,""month"":4,""searchVolume"":390},{""year"":2026,""month"":3,""searchVolume"":390},{""year"":2026,""month"":2,""searchVolume"":390},{""year"":2026,""month"":1,""searchVolume"":480},{""year"":2025,""month"":12,""searchVolume"":210},{""year"":2025,""month"":11,""searchVolume"":320},{""year"":2025,""month"":10,""searchVolume"":320},{""year"":2025,""month"":9,""searchVolume"":390},{""year"":2025,""month"":8,""searchVolume"":390}]"
freehold townhouse for sale toronto,2124,en,390,0,,transactional,"[{""year"":2026,""month"":7,""searchVolume"":480},{""year"":2026,""month"":6,""searchVolume"":390},{""year"":2026,""month"":5,""searchVolume"":480},{""year"":2026,""month"":4,""searchVolume"":480},{""year"":2026,""month"":3,""searchVolume"":390},{""year"":2026,""month"":2,""searchVolume"":390},{""year"":2026,""month"":1,""searchVolume"":390},{""year"":2025,""month"":12,""searchVolume"":390},{""year"":2025,""month"":11,""searchVolume"":390},{""year"":2025,""month"":10,""searchVolume"":480},{""year"":2025,""month"":9,""searchVolume"":480},{""year"":2025,""month"":8,""searchVolume"":390}]"
north vancouver townhouse,2124,en,320,13,1.7,navigational,"[{""year"":2026,""month"":6,""searchVolume"":320},{""year"":2026,""month"":5,""searchVolume"":480},{""year"":2026,""month"":4,""searchVolume"":390},{""year"":2026,""month"":3,""searchVolume"":320},{""year"":2026,""month"":2,""searchVolume"":260},{""year"":2026,""month"":1,""searchVolume"":320},{""year"":2025,""month"":12,""searchVolume"":260},{""year"":2025,""month"":11,""searchVolume"":260},{""year"":2025,""month"":10,""searchVolume"":390},{""year"":2025,""month"":9,""searchVolume"":390},{""year"":2025,""month"":8,""searchVolume"":320},{""year"":2025,""month"":7,""searchVolume"":320}]"
townhomes for rent coquitlam,2124,en,260,0,0.48,commercial,"[{""year"":2026,""month"":7,""searchVolume"":390},{""year"":2026,""month"":6,""searchVolume"":260},{""year"":2026,""month"":5,""searchVolume"":320},{""year"":2026,""month"":4,""searchVolume"":320},{""year"":2026,""month"":3,""searchVolume"":320},{""year"":2026,""month"":2,""searchVolume"":260},{""year"":2026,""month"":1,""searchVolume"":320},{""year"":2025,""month"":12,""searchVolume"":170},{""year"":2025,""month"":11,""searchVolume"":210},{""year"":2025,""month"":10,""searchVolume"":210},{""year"":2025,""month"":9,""searchVolume"":210},{""year"":2025,""month"":8,""searchVolume"":260}]"
freehold townhouse under $500k,2124,en,260,0,1.79,transactional,"[{""year"":2026,""month"":7,""searchVolume"":320},{""year"":2026,""month"":6,""searchVolume"":320},{""year"":2026,""month"":5,""searchVolume"":320},{""year"":2026,""month"":4,""searchVolume"":320},{""year"":2026,""month"":3,""searchVolume"":260},{""year"":2026,""month"":2,""searchVolume"":260},{""year"":2026,""month"":1,""searchVolume"":260},{""year"":2025,""month"":12,""searchVolume"":210},{""year"":2025,""month"":11,""searchVolume"":210},{""year"":2025,""month"":10,""searchVolume"":210},{""year"":2025,""month"":9,""searchVolume"":210},{""year"":2025,""month"":8,""searchVolume"":260}]"
townhomes for rent south surrey,2124,en,210,0,,commercial,"[{""year"":2026,""month"":7,""searchVolume"":170},{""year"":2026,""month"":6,""searchVolume"":260},{""year"":2026,""month"":5,""searchVolume"":210},{""year"":2026,""month"":4,""searchVolume"":170},{""year"":2026,""month"":3,""searchVolume"":260},{""year"":2026,""month"":2,""searchVolume"":210},{""year"":2026,""month"":1,""searchVolume"":260},{""year"":2025,""month"":12,""searchVolume"":170},{""year"":2025,""month"":11,""searchVolume"":140},{""year"":2025,""month"":10,""searchVolume"":210},{""year"":2025,""month"":9,""searchVolume"":210},{""year"":2025,""month"":8,""searchVolume"":170}]"
3 bedroom house for rent vancouver,2124,en,210,0,0.36,transactional,"[{""year"":2026,""month"":7,""searchVolume"":210},{""year"":2026,""month"":6,""searchVolume"":210},{""year"":2026,""month"":5,""searchVolume"":210},{""year"":2026,""month"":4,""searchVolume"":210},{""year"":2026,""month"":3,""searchVolume"":210},{""year"":2026,""month"":2,""searchVolume"":260},{""year"":2026,""month"":1,""searchVolume"":260},{""year"":2025,""month"":12,""searchVolume"":170},{""year"":2025,""month"":11,""searchVolume"":170},{""year"":2025,""month"":10,""searchVolume"":210},{""year"":2025,""month"":9,""searchVolume"":170},{""year"":2025,""month"":8,""searchVolume"":260}]"
townhouses for sale west vancouver,2124,en,210,0,,transactional,"[{""year"":2026,""month"":7,""searchVolume"":170},{""year"":2026,""month"":6,""searchVolume"":210},{""year"":2026,""month"":5,""searchVolume"":260},{""year"":2026,""month"":4,""searchVolume"":260},{""year"":2026,""month"":3,""searchVolume"":210},{""year"":2026,""month"":2,""searchVolume"":170},{""year"":2026,""month"":1,""searchVolume"":210},{""year"":2025,""month"":12,""searchVolume"":170},{""year"":2025,""month"":11,""searchVolume"":210},{""year"":2025,""month"":10,""searchVolume"":210},{""year"":2025,""month"":9,""searchVolume"":320},{""year"":2025,""month"":8,""searchVolume"":260}]"
north vancouver townhouse for rent,2124,en,210,0,0.72,commercial,"[{""year"":2026,""month"":6,""searchVolume"":260},{""year"":2026,""month"":5,""searchVolume"":320},{""year"":2026,""month"":4,""searchVolume"":260},{""year"":2026,""month"":3,""searchVolume"":260},{""year"":2026,""month"":2,""searchVolume"":260},{""year"":2026,""month"":1,""searchVolume"":210},{""year"":2025,""month"":12,""searchVolume"":210},{""year"":2025,""month"":11,""searchVolume"":170},{""year"":2025,""month"":10,""searchVolume"":210},{""year"":2025,""month"":9,""searchVolume"":210},{""year"":2025,""month"":8,""searchVolume"":210},{""year"":2025,""month"":7,""searchVolume"":210}]"
vancouver westside,2124,en,170,0,,navigational,"[{""year"":2026,""month"":7,""searchVolume"":210},{""year"":2026,""month"":6,""searchVolume"":210},{""year"":2026,""month"":5,""searchVolume"":210},{""year"":2026,""month"":4,""searchVolume"":170},{""year"":2026,""month"":3,""searchVolume"":210},{""year"":2026,""month"":2,""searchVolume"":210},{""year"":2026,""month"":1,""searchVolume"":170},{""year"":2025,""month"":12,""searchVolume"":110},{""year"":2025,""month"":11,""searchVolume"":140},{""year"":2025,""month"":10,""searchVolume"":170},{""year"":2025,""month"":9,""searchVolume"":140},{""year"":2025,""month"":8,""searchVolume"":140}]"
duplex for sale north vancouver,2124,en,170,0,0.52,transactional,"[{""year"":2026,""month"":7,""searchVolume"":170},{""year"":2026,""month"":6,""searchVolume"":210},{""year"":2026,""month"":5,""searchVolume"":210},{""year"":2026,""month"":4,""searchVolume"":210},{""year"":2026,""month"":3,""searchVolume"":210},{""year"":2026,""month"":2,""searchVolume"":210},{""year"":2026,""month"":1,""searchVolume"":210},{""year"":2025,""month"":12,""searchVolume"":170},{""year"":2025,""month"":11,""searchVolume"":140},{""year"":2025,""month"":10,""searchVolume"":140},{""year"":2025,""month"":9,""searchVolume"":170},{""year"":2025,""month"":8,""searchVolume"":170}]"
townhouse for sale vancouver east,2124,en,110,0,0.65,transactional,"[{""year"":2026,""month"":6,""searchVolume"":50},{""year"":2026,""month"":5,""searchVolume"":110},{""year"":2026,""month"":4,""searchVolume"":70},{""year"":2026,""month"":3,""searchVolume"":90},{""year"":2026,""month"":2,""searchVolume"":110},{""year"":2026,""month"":1,""searchVolume"":110},{""year"":2025,""month"":12,""searchVolume"":90},{""year"":2025,""month"":11,""searchVolume"":90},{""year"":2025,""month"":10,""searchVolume"":90},{""year"":2025,""month"":9,""searchVolume"":260},{""year"":2025,""month"":8,""searchVolume"":110},{""year"":2025,""month"":7,""searchVolume"":110}]"
townhouse for sale east vancouver,2124,en,110,0,0.63,transactional,"[{""year"":2026,""month"":7,""searchVolume"":70},{""year"":2026,""month"":6,""searchVolume"":50},{""year"":2026,""month"":5,""searchVolume"":110},{""year"":2026,""month"":4,""searchVolume"":70},{""year"":2026,""month"":3,""searchVolume"":90},{""year"":2026,""month"":2,""searchVolume"":110},{""year"":2026,""month"":1,""searchVolume"":110},{""year"":2025,""month"":12,""searchVolume"":90},{""year"":2025,""month"":11,""searchVolume"":90},{""year"":2025,""month"":10,""searchVolume"":90},{""year"":2025,""month"":9,""searchVolume"":260},{""year"":2025,""month"":8,""searchVolume"":110}]"
presale condos burnaby,2124,en,110,0,6.63,commercial,"[{""year"":2026,""month"":6,""searchVolume"":40},{""year"":2026,""month"":5,""searchVolume"":90},{""year"":2026,""month"":4,""searchVolume"":70},{""year"":2026,""month"":3,""searchVolume"":70},{""year"":2026,""month"":2,""searchVolume"":90},{""year"":2026,""month"":1,""searchVolume"":90},{""year"":2025,""month"":12,""searchVolume"":70},{""year"":2025,""month"":11,""searchVolume"":90},{""year"":2025,""month"":10,""searchVolume"":110},{""year"":2025,""month"":9,""searchVolume"":320},{""year"":2025,""month"":8,""searchVolume"":140},{""year"":2025,""month"":7,""searchVolume"":110}]"
kijiji vancouver cars,2124,en,90,0,0.84,navigational,"[{""year"":2026,""month"":7,""searchVolume"":90},{""year"":2026,""month"":6,""searchVolume"":90},{""year"":2026,""month"":5,""searchVolume"":110},{""year"":2026,""month"":4,""searchVolume"":110},{""year"":2026,""month"":3,""searchVolume"":110},{""year"":2026,""month"":2,""searchVolume"":70},{""year"":2026,""month"":1,""searchVolume"":110},{""year"":2025,""month"":12,""searchVolume"":50},{""year"":2025,""month"":11,""searchVolume"":70},{""year"":2025,""month"":10,""searchVolume"":70},{""year"":2025,""month"":9,""searchVolume"":110},{""year"":2025,""month"":8,""searchVolume"":110}]"
new freehold townhouse for sale toronto,2124,en,90,0,1.85,transactional,"[{""year"":2026,""month"":7,""searchVolume"":110},{""year"":2026,""month"":6,""searchVolume"":110},{""year"":2026,""month"":5,""searchVolume"":140},{""year"":2026,""month"":4,""searchVolume"":110},{""year"":2026,""month"":3,""searchVolume"":110},{""year"":2026,""month"":2,""searchVolume"":70},{""year"":2026,""month"":1,""searchVolume"":70},{""year"":2025,""month"":12,""searchVolume"":50},{""year"":2025,""month"":11,""searchVolume"":90},{""year"":2025,""month"":10,""searchVolume"":70},{""year"":2025,""month"":9,""searchVolume"":70},{""year"":2025,""month"":8,""searchVolume"":90}]"
townhouses for sale in surrey under $600 000,2124,en,90,0,1.62,commercial,"[{""year"":2026,""month"":6,""searchVolume"":90},{""year"":2026,""month"":5,""searchVolume"":70},{""year"":2026,""month"":4,""searchVolume"":90},{""year"":2026,""month"":3,""searchVolume"":110},{""year"":2026,""month"":2,""searchVolume"":110},{""year"":2026,""month"":1,""searchVolume"":90},{""year"":2025,""month"":12,""searchVolume"":70},{""year"":2025,""month"":11,""searchVolume"":90},{""year"":2025,""month"":10,""searchVolume"":110},{""year"":2025,""month"":9,""searchVolume"":90},{""year"":2025,""month"":8,""searchVolume"":110},{""year"":2025,""month"":7,""searchVolume"":110}]"
3 bedroom townhouse for sale vancouver,2124,en,70,0,1.17,transactional,"[{""year"":2026,""month"":6,""searchVolume"":70},{""year"":2026,""month"":5,""searchVolume"":70},{""year"":2026,""month"":4,""searchVolume"":70},{""year"":2026,""month"":3,""searchVolume"":90},{""year"":2026,""month"":2,""searchVolume"":90},{""year"":2026,""month"":1,""searchVolume"":70},{""year"":2025,""month"":12,""searchVolume"":50},{""year"":2025,""month"":11,""searchVolume"":70},{""year"":2025,""month"":10,""searchVolume"":70},{""year"":2025,""month"":9,""searchVolume"":90},{""year"":2025,""month"":8,""searchVolume"":70},{""year"":2025,""month"":7,""searchVolume"":50}]"
presale townhomes burnaby,2124,en,70,0,,commercial,"[{""year"":2026,""month"":7,""searchVolume"":50},{""year"":2026,""month"":6,""searchVolume"":40},{""year"":2026,""month"":5,""searchVolume"":50},{""year"":2026,""month"":4,""searchVolume"":50},{""year"":2026,""month"":3,""searchVolume"":50},{""year"":2026,""month"":2,""searchVolume"":40},{""year"":2026,""month"":1,""searchVolume"":90},{""year"":2025,""month"":12,""searchVolume"":50},{""year"":2025,""month"":11,""searchVolume"":70},{""year"":2025,""month"":10,""searchVolume"":90},{""year"":2025,""month"":9,""searchVolume"":320},{""year"":2025,""month"":8,""searchVolume"":50}]"
townhomes for rent port coquitlam,2124,en,70,0,0.68,commercial,"[{""year"":2026,""month"":7,""searchVolume"":70},{""year"":2026,""month"":6,""searchVolume"":70},{""year"":2026,""month"":5,""searchVolume"":70},{""year"":2026,""month"":4,""searchVolume"":70},{""year"":2026,""month"":3,""searchVolume"":110},{""year"":2026,""month"":2,""searchVolume"":90},{""year"":2026,""month"":1,""searchVolume"":70},{""year"":2025,""month"":12,""searchVolume"":40},{""year"":2025,""month"":11,""searchVolume"":70},{""year"":2025,""month"":10,""searchVolume"":70},{""year"":2025,""month"":9,""searchVolume"":50},{""year"":2025,""month"":8,""searchVolume"":70}]"
3 bedroom house for rent coquitlam,2124,en,70,0,0.35,transactional,"[{""year"":2026,""month"":7,""searchVolume"":70},{""year"":2026,""month"":6,""searchVolume"":140},{""year"":2026,""month"":5,""searchVolume"":110},{""year"":2026,""month"":4,""searchVolume"":50},{""year"":2026,""month"":3,""searchVolume"":70},{""year"":2026,""month"":2,""searchVolume"":50},{""year"":2026,""month"":1,""searchVolume"":70},{""year"":2025,""month"":12,""searchVolume"":30},{""year"":2025,""month"":11,""searchVolume"":30},{""year"":2025,""month"":10,""searchVolume"":90},{""year"":2025,""month"":9,""searchVolume"":70},{""year"":2025,""month"":8,""searchVolume"":50}]"
presale condos langley,2124,en,70,0,2.91,transactional,"[{""year"":2026,""month"":7,""searchVolume"":50},{""year"":2026,""month"":6,""searchVolume"":70},{""year"":2026,""month"":5,""searchVolume"":110},{""year"":2026,""month"":4,""searchVolume"":110},{""year"":2026,""month"":3,""searchVolume"":70},{""year"":2026,""month"":2,""searchVolume"":50},{""year"":2026,""month"":1,""searchVolume"":70},{""year"":2025,""month"":12,""searchVolume"":50},{""year"":2025,""month"":11,""searchVolume"":70},{""year"":2025,""month"":10,""searchVolume"":70},{""year"":2025,""month"":9,""searchVolume"":70},{""year"":2025,""month"":8,""searchVolume"":140}]"
new townhouse for sale surrey,2124,en,70,0,2.13,transactional,"[{""year"":2026,""month"":7,""searchVolume"":40},{""year"":2026,""month"":6,""searchVolume"":50},{""year"":2026,""month"":5,""searchVolume"":40},{""year"":2026,""month"":4,""searchVolume"":40},{""year"":2026,""month"":3,""searchVolume"":40},{""year"":2026,""month"":2,""searchVolume"":50},{""year"":2026,""month"":1,""searchVolume"":70},{""year"":2025,""month"":12,""searchVolume"":70},{""year"":2025,""month"":11,""searchVolume"":50},{""year"":2025,""month"":10,""searchVolume"":90},{""year"":2025,""month"":9,""searchVolume"":140},{""year"":2025,""month"":8,""searchVolume"":70}]"
townhouse presale vancouver,2124,en,70,0,2.84,commercial,"[{""year"":2026,""month"":6,""searchVolume"":30},{""year"":2026,""month"":5,""searchVolume"":30},{""year"":2026,""month"":4,""searchVolume"":40},{""year"":2026,""month"":3,""searchVolume"":50},{""year"":2026,""month"":2,""searchVolume"":20},{""year"":2026,""month"":1,""searchVolume"":70},{""year"":2025,""month"":12,""searchVolume"":40},{""year"":2025,""month"":11,""searchVolume"":40},{""year"":2025,""month"":10,""searchVolume"":70},{""year"":2025,""month"":9,""searchVolume"":390},{""year"":2025,""month"":8,""searchVolume"":70},{""year"":2025,""month"":7,""searchVolume"":50}]"
townhouses for sale bc,2124,en,70,0,1.42,commercial,"[{""year"":2026,""month"":6,""searchVolume"":90},{""year"":2026,""month"":5,""searchVolume"":90},{""year"":2026,""month"":4,""searchVolume"":40},{""year"":2026,""month"":3,""searchVolume"":70},{""year"":2026,""month"":2,""searchVolume"":50},{""year"":2026,""month"":1,""searchVolume"":90},{""year"":2025,""month"":12,""searchVolume"":50},{""year"":2025,""month"":11,""searchVolume"":50},{""year"":2025,""month"":10,""searchVolume"":70},{""year"":2025,""month"":9,""searchVolume"":70},{""year"":2025,""month"":8,""searchVolume"":90},{""year"":2025,""month"":7,""searchVolume"":90}]"
westside homes for sale,2124,en,70,0,0.52,transactional,"[{""year"":2026,""month"":7,""searchVolume"":90},{""year"":2026,""month"":6,""searchVolume"":140},{""year"":2026,""month"":5,""searchVolume"":90},{""year"":2026,""month"":4,""searchVolume"":50},{""year"":2026,""month"":3,""searchVolume"":50},{""year"":2026,""month"":2,""searchVolume"":40},{""year"":2026,""month"":1,""searchVolume"":70},{""year"":2025,""month"":12,""searchVolume"":50},{""year"":2025,""month"":11,""searchVolume"":70},{""year"":2025,""month"":10,""searchVolume"":110},{""year"":2025,""month"":9,""searchVolume"":110},{""year"":2025,""month"":8,""searchVolume"":70}]"
3 bedroom townhouse for sale burnaby,2124,en,50,0,1.69,transactional,"[{""year"":2026,""month"":7,""searchVolume"":70},{""year"":2026,""month"":6,""searchVolume"":90},{""year"":2026,""month"":5,""searchVolume"":70},{""year"":2026,""month"":4,""searchVolume"":90},{""year"":2026,""month"":3,""searchVolume"":40},{""year"":2026,""month"":2,""searchVolume"":40},{""year"":2026,""month"":1,""searchVolume"":70},{""year"":2025,""month"":12,""searchVolume"":30},{""year"":2025,""month"":11,""searchVolume"":50},{""year"":2025,""month"":10,""searchVolume"":50},{""year"":2025,""month"":9,""searchVolume"":30},{""year"":2025,""month"":8,""searchVolume"":30}]"
presale condos north vancouver,2124,en,50,0,4.85,commercial,"[{""year"":2026,""month"":6,""searchVolume"":20},{""year"":2026,""month"":5,""searchVolume"":20},{""year"":2026,""month"":4,""searchVolume"":20},{""year"":2026,""month"":3,""searchVolume"":20},{""year"":2026,""month"":2,""searchVolume"":30},{""year"":2026,""month"":1,""searchVolume"":20},{""year"":2025,""month"":12,""searchVolume"":20},{""year"":2025,""month"":11,""searchVolume"":20},{""year"":2025,""month"":10,""searchVolume"":70},{""year"":2025,""month"":9,""searchVolume"":260},{""year"":2025,""month"":8,""searchVolume"":30},{""year"":2025,""month"":7,""searchVolume"":40}]"
new townhomes langley,2124,en,50,0,2.36,commercial,"[{""year"":2026,""month"":7,""searchVolume"":40},{""year"":2026,""month"":6,""searchVolume"":50},{""year"":2026,""month"":5,""searchVolume"":70},{""year"":2026,""month"":4,""searchVolume"":50},{""year"":2026,""month"":3,""searchVolume"":70},{""year"":2026,""month"":2,""searchVolume"":40},{""year"":2026,""month"":1,""searchVolume"":70},{""year"":2025,""month"":12,""searchVolume"":50},{""year"":2025,""month"":11,""searchVolume"":40},{""year"":2025,""month"":10,""searchVolume"":50},{""year"":2025,""month"":9,""searchVolume"":70},{""year"":2025,""month"":8,""searchVolume"":90}]"
townhouses for sale in surrey under $600 000 by owner,2124,en,50,0,1.05,commercial,"[{""year"":2026,""month"":7,""searchVolume"":40},{""year"":2026,""month"":6,""searchVolume"":70},{""year"":2026,""month"":5,""searchVolume"":30},{""year"":2026,""month"":4,""searchVolume"":50},{""year"":2026,""month"":3,""searchVolume"":40},{""year"":2026,""month"":2,""searchVolume"":50},{""year"":2026,""month"":1,""searchVolume"":40},{""year"":2025,""month"":12,""searchVolume"":50},{""year"":2025,""month"":11,""searchVolume"":40},{""year"":2025,""month"":10,""searchVolume"":70},{""year"":2025,""month"":9,""searchVolume"":70},{""year"":2025,""month"":8,""searchVolume"":40}]"
2 bedroom townhouse for sale vancouver,2124,en,40,,0.89,transactional,"[{""year"":2026,""month"":7,""searchVolume"":50},{""year"":2026,""month"":6,""searchVolume"":40},{""year"":2026,""month"":5,""searchVolume"":40},{""year"":2026,""month"":4,""searchVolume"":70},{""year"":2026,""month"":3,""searchVolume"":50},{""year"":2026,""month"":2,""searchVolume"":40},{""year"":2026,""month"":1,""searchVolume"":40},{""year"":2025,""month"":12,""searchVolume"":20},{""year"":2025,""month"":11,""searchVolume"":30},{""year"":2025,""month"":10,""searchVolume"":30},{""year"":2025,""month"":9,""searchVolume"":50},{""year"":2025,""month"":8,""searchVolume"":20}]"
duplex for rent vancouver,2124,en,40,51,0.94,commercial,"[{""year"":2026,""month"":6,""searchVolume"":40},{""year"":2026,""month"":5,""searchVolume"":40},{""year"":2026,""month"":4,""searchVolume"":50},{""year"":2026,""month"":3,""searchVolume"":40},{""year"":2026,""month"":2,""searchVolume"":50},{""year"":2026,""month"":1,""searchVolume"":70},{""year"":2025,""month"":12,""searchVolume"":30},{""year"":2025,""month"":11,""searchVolume"":40},{""year"":2025,""month"":10,""searchVolume"":30},{""year"":2025,""month"":9,""searchVolume"":30},{""year"":2025,""month"":8,""searchVolume"":50},{""year"":2025,""month"":7,""searchVolume"":40}]"
townhomes for sale downtown,2124,en,40,42,1.9,transactional,"[{""year"":2026,""month"":7,""searchVolume"":40},{""year"":2026,""month"":6,""searchVolume"":40},{""year"":2026,""month"":5,""searchVolume"":50},{""year"":2026,""month"":4,""searchVolume"":50},{""year"":2026,""month"":3,""searchVolume"":40},{""year"":2026,""month"":2,""searchVolume"":50},{""year"":2026,""month"":1,""searchVolume"":50},{""year"":2025,""month"":12,""searchVolume"":40},{""year"":2025,""month"":11,""searchVolume"":50},{""year"":2025,""month"":10,""searchVolume"":50},{""year"":2025,""month"":9,""searchVolume"":30},{""year"":2025,""month"":8,""searchVolume"":30}]"
townhomes for rent new westminster,2124,en,40,23,0.33,commercial,"[{""year"":2026,""month"":7,""searchVolume"":40},{""year"":2026,""month"":6,""searchVolume"":50},{""year"":2026,""month"":5,""searchVolume"":70},{""year"":2026,""month"":4,""searchVolume"":40},{""year"":2026,""month"":3,""searchVolume"":40},{""year"":2026,""month"":2,""searchVolume"":40},{""year"":2026,""month"":1,""searchVolume"":50},{""year"":2025,""month"":12,""searchVolume"":40},{""year"":2025,""month"":11,""searchVolume"":50},{""year"":2025,""month"":10,""searchVolume"":30},{""year"":2025,""month"":9,""searchVolume"":50},{""year"":2025,""month"":8,""searchVolume"":30}]"
3 bedroom townhouse for rent surrey,2124,en,40,0,0.69,transactional,"[{""year"":2026,""month"":7,""searchVolume"":50},{""year"":2026,""month"":6,""searchVolume"":50},{""year"":2026,""month"":5,""searchVolume"":20},{""year"":2026,""month"":4,""searchVolume"":40},{""year"":2026,""month"":3,""searchVolume"":50},{""year"":2026,""month"":2,""searchVolume"":40},{""year"":2026,""month"":1,""searchVolume"":50},{""year"":2025,""month"":12,""searchVolume"":30},{""year"":2025,""month"":11,""searchVolume"":40},{""year"":2025,""month"":10,""searchVolume"":40},{""year"":2025,""month"":9,""searchVolume"":50},{""year"":2025,""month"":8,""searchVolume"":20}]"
kijiji vancouver room for rent,2124,en,40,0,0.58,navigational,"[{""year"":2026,""month"":6,""searchVolume"":30},{""year"":2026,""month"":5,""searchVolume"":50},{""year"":2026,""month"":4,""searchVolume"":30},{""year"":2026,""month"":3,""searchVolume"":40},{""year"":2026,""month"":2,""searchVolume"":30},{""year"":2026,""month"":1,""searchVolume"":40},{""year"":2025,""month"":12,""searchVolume"":30},{""year"":2025,""month"":11,""searchVolume"":30},{""year"":2025,""month"":10,""searchVolume"":50},{""year"":2025,""month"":9,""searchVolume"":70},{""year"":2025,""month"":8,""searchVolume"":70},{""year"":2025,""month"":7,""searchVolume"":50}]"
townhouses for sale in surrey under $500 000,2124,en,40,0,,transactional,"[{""year"":2026,""month"":7,""searchVolume"":10},{""year"":2026,""month"":6,""searchVolume"":10},{""year"":2026,""month"":5,""searchVolume"":40},{""year"":2026,""month"":4,""searchVolume"":30},{""year"":2026,""month"":3,""searchVolume"":40},{""year"":2026,""month"":2,""searchVolume"":40},{""year"":2026,""month"":1,""searchVolume"":50},{""year"":2025,""month"":12,""searchVolume"":30},{""year"":2025,""month"":11,""searchVolume"":20},{""year"":2025,""month"":10,""searchVolume"":50},{""year"":2025,""month"":9,""searchVolume"":70},{""year"":2025,""month"":8,""searchVolume"":50}]"
townhouse for sale in surrey newton,2124,en,40,0,0.33,transactional,"[{""year"":2026,""month"":7,""searchVolume"":40},{""year"":2026,""month"":6,""searchVolume"":40},{""year"":2026,""month"":5,""searchVolume"":50},{""year"":2026,""month"":4,""searchVolume"":50},{""year"":2026,""month"":3,""searchVolume"":30},{""year"":2026,""month"":2,""searchVolume"":30},{""year"":2026,""month"":1,""searchVolume"":40},{""year"":2025,""month"":12,""searchVolume"":30},{""year"":2025,""month"":11,""searchVolume"":40},{""year"":2025,""month"":10,""searchVolume"":20},{""year"":2025,""month"":9,""searchVolume"":50},{""year"":2025,""month"":8,""searchVolume"":20}]"
rancher townhomes for sale in langley,2124,en,40,0,0.93,transactional,"[{""year"":2026,""month"":7,""searchVolume"":40},{""year"":2026,""month"":6,""searchVolume"":50},{""year"":2026,""month"":5,""searchVolume"":70},{""year"":2026,""month"":4,""searchVolume"":20},{""year"":2026,""month"":3,""searchVolume"":30},{""year"":2026,""month"":2,""searchVolume"":20},{""year"":2026,""month"":1,""searchVolume"":20},{""year"":2025,""month"":12,""searchVolume"":20},{""year"":2025,""month"":11,""searchVolume"":30},{""year"":2025,""month"":10,""searchVolume"":40},{""year"":2025,""month"":9,""searchVolume"":50},{""year"":2025,""month"":8,""searchVolume"":50}]"
townhomes for sale vancouver island,2124,en,40,0,0.88,commercial,"[{""year"":2026,""month"":7,""searchVolume"":30},{""year"":2026,""month"":6,""searchVolume"":30},{""year"":2026,""month"":5,""searchVolume"":40},{""year"":2026,""month"":4,""searchVolume"":50},{""year"":2026,""month"":3,""searchVolume"":70},{""year"":2026,""month"":2,""searchVolume"":40},{""year"":2026,""month"":1,""searchVolume"":40},{""year"":2025,""month"":12,""searchVolume"":30},{""year"":2025,""month"":11,""searchVolume"":20},{""year"":2025,""month"":10,""searchVolume"":40},{""year"":2025,""month"":9,""searchVolume"":40},{""year"":2025,""month"":8,""searchVolume"":40}]"
vancouver townhomes for rent,2124,en,30,0,,commercial,"[{""year"":2026,""month"":7,""searchVolume"":50},{""year"":2026,""month"":6,""searchVolume"":50},{""year"":2026,""month"":5,""searchVolume"":50},{""year"":2026,""month"":4,""searchVolume"":40},{""year"":2026,""month"":3,""searchVolume"":30},{""year"":2026,""month"":2,""searchVolume"":20},{""year"":2026,""month"":1,""searchVolume"":40},{""year"":2025,""month"":12,""searchVolume"":30},{""year"":2025,""month"":11,""searchVolume"":30},{""year"":2025,""month"":10,""searchVolume"":10},{""year"":2025,""month"":9,""searchVolume"":10},{""year"":2025,""month"":8,""searchVolume"":10}]"
townhouse for sale downtown vancouver,2124,en,30,0,0.88,transactional,"[{""year"":2026,""month"":7,""searchVolume"":30},{""year"":2026,""month"":6,""searchVolume"":20},{""year"":2026,""month"":5,""searchVolume"":30},{""year"":2026,""month"":4,""searchVolume"":30},{""year"":2026,""month"":3,""searchVolume"":40},{""year"":2026,""month"":2,""searchVolume"":20},{""year"":2026,""month"":1,""searchVolume"":20},{""year"":2025,""month"":12,""searchVolume"":20},{""year"":2025,""month"":11,""searchVolume"":30},{""year"":2025,""month"":10,""searchVolume"":30},{""year"":2025,""month"":9,""searchVolume"":40},{""year"":2025,""month"":8,""searchVolume"":40}]"
townhouse for sale vancouver downtown,2124,en,30,0,0.88,transactional,"[{""year"":2026,""month"":7,""searchVolume"":30},{""year"":2026,""month"":6,""searchVolume"":20},{""year"":2026,""month"":5,""searchVolume"":30},{""year"":2026,""month"":4,""searchVolume"":30},{""year"":2026,""month"":3,""searchVolume"":40},{""year"":2026,""month"":2,""searchVolume"":20},{""year"":2026,""month"":1,""searchVolume"":20},{""year"":2025,""month"":12,""searchVolume"":20},{""year"":2025,""month"":11,""searchVolume"":30},{""year"":2025,""month"":10,""searchVolume"":30},{""year"":2025,""month"":9,""searchVolume"":40},{""year"":2025,""month"":8,""searchVolume"":40}]"
townhouse presale surrey,2124,en,30,7,7.29,commercial,"[{""year"":2026,""month"":7,""searchVolume"":20},{""year"":2026,""month"":6,""searchVolume"":20},{""year"":2026,""month"":5,""searchVolume"":30},{""year"":2026,""month"":4,""searchVolume"":40},{""year"":2026,""month"":3,""searchVolume"":30},{""year"":2026,""month"":2,""searchVolume"":30},{""year"":2026,""month"":1,""searchVolume"":30},{""year"":2025,""month"":12,""searchVolume"":30},{""year"":2025,""month"":11,""searchVolume"":50},{""year"":2025,""month"":10,""searchVolume"":50},{""year"":2025,""month"":9,""searchVolume"":20},{""year"":2025,""month"":8,""searchVolume"":40}]"
presale condos under 300k vancouver,2124,en,30,0,3.84,transactional,"[{""year"":2026,""month"":7,""searchVolume"":20},{""year"":2026,""month"":6,""searchVolume"":30},{""year"":2026,""month"":5,""searchVolume"":30},{""year"":2026,""month"":4,""searchVolume"":30},{""year"":2026,""month"":3,""searchVolume"":20},{""year"":2026,""month"":2,""searchVolume"":20},{""year"":2026,""month"":1,""searchVolume"":50},{""year"":2025,""month"":12,""searchVolume"":20},{""year"":2025,""month"":11,""searchVolume"":30},{""year"":2025,""month"":10,""searchVolume"":30},{""year"":2025,""month"":9,""searchVolume"":40},{""year"":2025,""month"":8,""searchVolume"":70}]"
presale condos vancouver prices,2124,en,30,13,1.8,commercial,"[{""year"":2026,""month"":7,""searchVolume"":10},{""year"":2026,""month"":6,""searchVolume"":20},{""year"":2026,""month"":5,""searchVolume"":20},{""year"":2026,""month"":4,""searchVolume"":20},{""year"":2026,""month"":3,""searchVolume"":30},{""year"":2026,""month"":2,""searchVolume"":30},{""year"":2026,""month"":1,""searchVolume"":40},{""year"":2025,""month"":12,""searchVolume"":30},{""year"":2025,""month"":11,""searchVolume"":30},{""year"":2025,""month"":10,""searchVolume"":40},{""year"":2025,""month"":9,""searchVolume"":30},{""year"":2025,""month"":8,""searchVolume"":50}]"
townhouse presale langley,2124,en,30,0,5.4,commercial,"[{""year"":2026,""month"":7,""searchVolume"":20},{""year"":2026,""month"":6,""searchVolume"":20},{""year"":2026,""month"":5,""searchVolume"":20},{""year"":2026,""month"":4,""searchVolume"":40},{""year"":2026,""month"":3,""searchVolume"":30},{""year"":2026,""month"":2,""searchVolume"":30},{""year"":2026,""month"":1,""searchVolume"":30},{""year"":2025,""month"":12,""searchVolume"":30},{""year"":2025,""month"":11,""searchVolume"":30},{""year"":2025,""month"":10,""searchVolume"":30},{""year"":2025,""month"":9,""searchVolume"":30},{""year"":2025,""month"":8,""searchVolume"":40}]"
new townhouse for sale vancouver,2124,en,30,0,2.71,commercial,"[{""year"":2026,""month"":7,""searchVolume"":30},{""year"":2026,""month"":6,""searchVolume"":40},{""year"":2026,""month"":5,""searchVolume"":20},{""year"":2026,""month"":4,""searchVolume"":20},{""year"":2026,""month"":3,""searchVolume"":30},{""year"":2026,""month"":2,""searchVolume"":30},{""year"":2026,""month"":1,""searchVolume"":20},{""year"":2025,""month"":12,""searchVolume"":20},{""year"":2025,""month"":11,""searchVolume"":30},{""year"":2025,""month"":10,""searchVolume"":30},{""year"":2025,""month"":9,""searchVolume"":40},{""year"":2025,""month"":8,""searchVolume"":50}]"
duplex for rent burnaby,2124,en,30,45,0.27,commercial,"[{""year"":2026,""month"":6,""searchVolume"":30},{""year"":2026,""month"":5,""searchVolume"":40},{""year"":2026,""month"":4,""searchVolume"":30},{""year"":2026,""month"":3,""searchVolume"":50},{""year"":2026,""month"":2,""searchVolume"":20},{""year"":2026,""month"":1,""searchVolume"":20},{""year"":2025,""month"":12,""searchVolume"":30},{""year"":2025,""month"":11,""searchVolume"":20},{""year"":2025,""month"":10,""searchVolume"":10},{""year"":2025,""month"":9,""searchVolume"":10},{""year"":2025,""month"":8,""searchVolume"":20},{""year"":2025,""month"":7,""searchVolume"":30}]"
new townhouse for sale burnaby,2124,en,30,15,1.23,transactional,"[{""year"":2026,""month"":6,""searchVolume"":30},{""year"":2026,""month"":5,""searchVolume"":20},{""year"":2026,""month"":4,""searchVolume"":40},{""year"":2026,""month"":3,""searchVolume"":30},{""year"":2026,""month"":2,""searchVolume"":30},{""year"":2026,""month"":1,""searchVolume"":40},{""year"":2025,""month"":12,""searchVolume"":20},{""year"":2025,""month"":11,""searchVolume"":20},{""year"":2025,""month"":10,""searchVolume"":30},{""year"":2025,""month"":9,""searchVolume"":30},{""year"":2025,""month"":8,""searchVolume"":20},{""year"":2025,""month"":7,""searchVolume"":20}]"
3 bedroom townhouse for sale coquitlam,2124,en,30,,1.44,transactional,"[{""year"":2026,""month"":6,""searchVolume"":40},{""year"":2026,""month"":5,""searchVolume"":30},{""year"":2026,""month"":4,""searchVolume"":50},{""year"":2026,""month"":3,""searchVolume"":40},{""year"":2026,""month"":2,""searchVolume"":30},{""year"":2026,""month"":1,""searchVolume"":30},{""year"":2025,""month"":12,""searchVolume"":20},{""year"":2025,""month"":11,""searchVolume"":20},{""year"":2025,""month"":10,""searchVolume"":20},{""year"":2025,""month"":9,""searchVolume"":10},{""year"":2025,""month"":8,""searchVolume"":10},{""year"":2025,""month"":7,""searchVolume"":20}]"
burnaby new development,2124,en,30,12,,navigational,"[{""year"":2026,""month"":7,""searchVolume"":20},{""year"":2026,""month"":6,""searchVolume"":20},{""year"":2026,""month"":5,""searchVolume"":20},{""year"":2026,""month"":4,""searchVolume"":30},{""year"":2026,""month"":3,""searchVolume"":50},{""year"":2026,""month"":2,""searchVolume"":30},{""year"":2026,""month"":1,""searchVolume"":30},{""year"":2025,""month"":12,""searchVolume"":20},{""year"":2025,""month"":11,""searchVolume"":30},{""year"":2025,""month"":10,""searchVolume"":30},{""year"":2025,""month"":9,""searchVolume"":40},{""year"":2025,""month"":8,""searchVolume"":30}]"
townhomes for sale toronto downtown,2124,en,30,0,1.36,commercial,"[{""year"":2026,""month"":7,""searchVolume"":20},{""year"":2026,""month"":6,""searchVolume"":20},{""year"":2026,""month"":5,""searchVolume"":40},{""year"":2026,""month"":4,""searchVolume"":40},{""year"":2026,""month"":3,""searchVolume"":30},{""year"":2026,""month"":2,""searchVolume"":30},{""year"":2026,""month"":1,""searchVolume"":30},{""year"":2025,""month"":12,""searchVolume"":20},{""year"":2025,""month"":11,""searchVolume"":40},{""year"":2025,""month"":10,""searchVolume"":40},{""year"":2025,""month"":9,""searchVolume"":30},{""year"":2025,""month"":8,""searchVolume"":40}]"
downtown vancouver townhouse for sale,2124,en,30,0,0.91,transactional,"[{""year"":2026,""month"":6,""searchVolume"":20},{""year"":2026,""month"":5,""searchVolume"":30},{""year"":2026,""month"":4,""searchVolume"":30},{""year"":2026,""month"":3,""searchVolume"":40},{""year"":2026,""month"":2,""searchVolume"":20},{""year"":2026,""month"":1,""searchVolume"":20},{""year"":2025,""month"":12,""searchVolume"":20},{""year"":2025,""month"":11,""searchVolume"":30},{""year"":2025,""month"":10,""searchVolume"":30},{""year"":2025,""month"":9,""searchVolume"":40},{""year"":2025,""month"":8,""searchVolume"":40},{""year"":2025,""month"":7,""searchVolume"":20}]"
townhouse for sale vancouver west side,2124,en,20,37,,transactional,"[{""year"":2026,""month"":7,""searchVolume"":20},{""year"":2026,""month"":6,""searchVolume"":10},{""year"":2026,""month"":5,""searchVolume"":20},{""year"":2026,""month"":4,""searchVolume"":10},{""year"":2026,""month"":3,""searchVolume"":10},{""year"":2026,""month"":2,""searchVolume"":20},{""year"":2026,""month"":1,""searchVolume"":20},{""year"":2025,""month"":12,""searchVolume"":20},{""year"":2025,""month"":11,""searchVolume"":10},{""year"":2025,""month"":10,""searchVolume"":20},{""year"":2025,""month"":9,""searchVolume"":30},{""year"":2025,""month"":8,""searchVolume"":20}]"
west side condos for sale,2124,en,20,39,1.28,transactional,"[{""year"":2026,""month"":7,""searchVolume"":30},{""year"":2026,""month"":6,""searchVolume"":10},{""year"":2026,""month"":5,""searchVolume"":10},{""year"":2026,""month"":4,""searchVolume"":10},{""year"":2026,""month"":3,""searchVolume"":10},{""year"":2026,""month"":2,""searchVolume"":10},{""year"":2026,""month"":1,""searchVolume"":10},{""year"":2025,""month"":12,""searchVolume"":10},{""year"":2025,""month"":11,""searchVolume"":20},{""year"":2025,""month"":10,""searchVolume"":40},{""year"":2025,""month"":9,""searchVolume"":20},{""year"":2025,""month"":8,""searchVolume"":20}]"
townhouse for sale in burnaby metrotown,2124,en,20,12,0.82,transactional,"[{""year"":2026,""month"":7,""searchVolume"":30},{""year"":2026,""month"":6,""searchVolume"":20},{""year"":2026,""month"":5,""searchVolume"":10},{""year"":2026,""month"":4,""searchVolume"":20},{""year"":2026,""month"":3,""searchVolume"":30},{""year"":2026,""month"":2,""searchVolume"":20},{""year"":2026,""month"":1,""searchVolume"":20},{""year"":2025,""month"":12,""searchVolume"":20},{""year"":2025,""month"":11,""searchVolume"":10},{""year"":2025,""month"":10,""searchVolume"":20},{""year"":2025,""month"":9,""searchVolume"":40},{""year"":2025,""month"":8,""searchVolume"":20}]"
2 bedroom townhouse for sale burnaby,2124,en,20,,1.84,transactional,"[{""year"":2026,""month"":7,""searchVolume"":30},{""year"":2026,""month"":6,""searchVolume"":50},{""year"":2026,""month"":5,""searchVolume"":30},{""year"":2026,""month"":4,""searchVolume"":10},{""year"":2026,""month"":3,""searchVolume"":20},{""year"":2026,""month"":2,""searchVolume"":20},{""year"":2026,""month"":1,""searchVolume"":30},{""year"":2025,""month"":12,""searchVolume"":20},{""year"":2025,""month"":11,""searchVolume"":20},{""year"":2025,""month"":10,""searchVolume"":20},{""year"":2025,""month"":9,""searchVolume"":10},{""year"":2025,""month"":8,""searchVolume"":10}]"
presale townhomes south surrey,2124,en,20,0,,commercial,"[{""year"":2026,""month"":7,""searchVolume"":10},{""year"":2026,""month"":6,""searchVolume"":10},{""year"":2026,""month"":5,""searchVolume"":10},{""year"":2026,""month"":4,""searchVolume"":20},{""year"":2026,""month"":3,""searchVolume"":30},{""year"":2026,""month"":2,""searchVolume"":20},{""year"":2026,""month"":1,""searchVolume"":10},{""year"":2025,""month"":12,""searchVolume"":10},{""year"":2025,""month"":11,""searchVolume"":20},{""year"":2025,""month"":10,""searchVolume"":10},{""year"":2025,""month"":9,""searchVolume"":20},{""year"":2025,""month"":8,""searchVolume"":30}]"
presale condos burnaby price,2124,en,20,16,0.49,commercial,"[{""year"":2026,""month"":7,""searchVolume"":10},{""year"":2026,""month"":6,""searchVolume"":20},{""year"":2026,""month"":5,""searchVolume"":10},{""year"":2026,""month"":4,""searchVolume"":10},{""year"":2026,""month"":3,""searchVolume"":20},{""year"":2026,""month"":2,""searchVolume"":20},{""year"":2026,""month"":1,""searchVolume"":20},{""year"":2025,""month"":12,""searchVolume"":10},{""year"":2025,""month"":11,""searchVolume"":10},{""year"":2025,""month"":10,""searchVolume"":10},{""year"":2025,""month"":9,""searchVolume"":20},{""year"":2025,""month"":8,""searchVolume"":30}]"
townhouses for sale in surrey under $500 000 by owner,2124,en,20,,1.49,commercial,"[{""year"":2026,""month"":7,""searchVolume"":30},{""year"":2026,""month"":6,""searchVolume"":40},{""year"":2026,""month"":5,""searchVolume"":20},{""year"":2026,""month"":4,""searchVolume"":20},{""year"":2026,""month"":3,""searchVolume"":40},{""year"":2026,""month"":2,""searchVolume"":20},{""year"":2026,""month"":1,""searchVolume"":50},{""year"":2025,""month"":12,""searchVolume"":0},{""year"":2025,""month"":11,""searchVolume"":0},{""year"":2025,""month"":10,""searchVolume"":0},{""year"":2025,""month"":9,""searchVolume"":0},{""year"":2025,""month"":8,""searchVolume"":0}]"
west vancouver homes for sale by owner,2124,en,20,17,,transactional,"[{""year"":2026,""month"":7,""searchVolume"":20},{""year"":2026,""month"":6,""searchVolume"":20},{""year"":2026,""month"":5,""searchVolume"":20},{""year"":2026,""month"":4,""searchVolume"":30},{""year"":2026,""month"":3,""searchVolume"":30},{""year"":2026,""month"":2,""searchVolume"":20},{""year"":2026,""month"":1,""searchVolume"":20},{""year"":2025,""month"":12,""searchVolume"":20},{""year"":2025,""month"":11,""searchVolume"":20},{""year"":2025,""month"":10,""searchVolume"":20},{""year"":2025,""month"":9,""searchVolume"":10},{""year"":2025,""month"":8,""searchVolume"":20}]"
3 bedroom townhouse for rent vancouver,2124,en,10,43,0.25,transactional,"[{""year"":2026,""month"":7,""searchVolume"":10},{""year"":2026,""month"":6,""searchVolume"":10},{""year"":2026,""month"":5,""searchVolume"":10},{""year"":2026,""month"":4,""searchVolume"":10},{""year"":2026,""month"":3,""searchVolume"":10},{""year"":2026,""month"":2,""searchVolume"":10},{""year"":2026,""month"":1,""searchVolume"":10},{""year"":2025,""month"":12,""searchVolume"":10},{""year"":2025,""month"":11,""searchVolume"":10},{""year"":2025,""month"":10,""searchVolume"":10},{""year"":2025,""month"":9,""searchVolume"":10},{""year"":2025,""month"":8,""searchVolume"":10}]"
townhouse downtown vancouver,2124,en,10,42,1.34,navigational,"[{""year"":2026,""month"":6,""searchVolume"":10},{""year"":2026,""month"":5,""searchVolume"":10},{""year"":2026,""month"":4,""searchVolume"":10},{""year"":2026,""month"":3,""searchVolume"":10},{""year"":2026,""month"":2,""searchVolume"":10},{""year"":2026,""month"":1,""searchVolume"":10},{""year"":2025,""month"":12,""searchVolume"":10},{""year"":2025,""month"":11,""searchVolume"":10},{""year"":2025,""month"":10,""searchVolume"":10},{""year"":2025,""month"":9,""searchVolume"":10},{""year"":2025,""month"":8,""searchVolume"":10},{""year"":2025,""month"":7,""searchVolume"":10}]"
westside townhomes for sale,2124,en,10,,,transactional,"[{""year"":2026,""month"":7,""searchVolume"":0},{""year"":2026,""month"":6,""searchVolume"":10},{""year"":2026,""month"":5,""searchVolume"":10},{""year"":2026,""month"":4,""searchVolume"":10},{""year"":2026,""month"":3,""searchVolume"":10},{""year"":2026,""month"":2,""searchVolume"":0},{""year"":2026,""month"":1,""searchVolume"":10},{""year"":2025,""month"":12,""searchVolume"":10},{""year"":2025,""month"":11,""searchVolume"":10},{""year"":2025,""month"":10,""searchVolume"":10},{""year"":2025,""month"":9,""searchVolume"":10},{""year"":2025,""month"":8,""searchVolume"":0}]"
west side vancouver homes for sale,2124,en,10,0,0.27,transactional,"[{""year"":2026,""month"":7,""searchVolume"":10},{""year"":2026,""month"":6,""searchVolume"":10},{""year"":2026,""month"":5,""searchVolume"":10},{""year"":2026,""month"":4,""searchVolume"":20},{""year"":2026,""month"":3,""searchVolume"":20},{""year"":2026,""month"":2,""searchVolume"":10},{""year"":2026,""month"":1,""searchVolume"":20},{""year"":2025,""month"":12,""searchVolume"":10},{""year"":2025,""month"":11,""searchVolume"":10},{""year"":2025,""month"":10,""searchVolume"":10},{""year"":2025,""month"":9,""searchVolume"":10},{""year"":2025,""month"":8,""searchVolume"":10}]"
3 bedroom townhouse for rent in burnaby bc,2124,en,10,46,,transactional,"[{""year"":2026,""month"":7,""searchVolume"":10},{""year"":2026,""month"":6,""searchVolume"":10},{""year"":2026,""month"":5,""searchVolume"":10},{""year"":2026,""month"":4,""searchVolume"":10},{""year"":2026,""month"":3,""searchVolume"":10},{""year"":2026,""month"":2,""searchVolume"":10},{""year"":2026,""month"":1,""searchVolume"":0},{""year"":2025,""month"":12,""searchVolume"":10},{""year"":2025,""month"":11,""searchVolume"":0},{""year"":2025,""month"":10,""searchVolume"":0},{""year"":2025,""month"":9,""searchVolume"":0},{""year"":2025,""month"":8,""searchVolume"":10}]"
townhouse for rent in surrey newton,2124,en,10,15,,transactional,"[{""year"":2026,""month"":7,""searchVolume"":10},{""year"":2026,""month"":6,""searchVolume"":10},{""year"":2026,""month"":5,""searchVolume"":0},{""year"":2026,""month"":4,""searchVolume"":10},{""year"":2026,""month"":3,""searchVolume"":10},{""year"":2026,""month"":2,""searchVolume"":10},{""year"":2026,""month"":1,""searchVolume"":10},{""year"":2025,""month"":12,""searchVolume"":10},{""year"":2025,""month"":11,""searchVolume"":10},{""year"":2025,""month"":10,""searchVolume"":10},{""year"":2025,""month"":9,""searchVolume"":10},{""year"":2025,""month"":8,""searchVolume"":10}]"
townhomes for rent in surrey craigslist,2124,en,10,43,,navigational,"[{""year"":2026,""month"":7,""searchVolume"":10},{""year"":2026,""month"":6,""searchVolume"":0},{""year"":2026,""month"":5,""searchVolume"":0},{""year"":2026,""month"":4,""searchVolume"":0},{""year"":2026,""month"":3,""searchVolume"":10},{""year"":2026,""month"":2,""searchVolume"":0},{""year"":2026,""month"":1,""searchVolume"":10},{""year"":2025,""month"":12,""searchVolume"":10},{""year"":2025,""month"":11,""searchVolume"":10},{""year"":2025,""month"":10,""searchVolume"":10},{""year"":2025,""month"":9,""searchVolume"":10},{""year"":2025,""month"":8,""searchVolume"":10}]"
small house for rent vancouver,2124,en,10,1,0.28,commercial,"[{""year"":2026,""month"":7,""searchVolume"":10},{""year"":2026,""month"":6,""searchVolume"":10},{""year"":2026,""month"":5,""searchVolume"":10},{""year"":2026,""month"":4,""searchVolume"":10},{""year"":2026,""month"":3,""searchVolume"":10},{""year"":2026,""month"":2,""searchVolume"":10},{""year"":2026,""month"":1,""searchVolume"":10},{""year"":2025,""month"":12,""searchVolume"":10},{""year"":2025,""month"":11,""searchVolume"":10},{""year"":2025,""month"":10,""searchVolume"":10},{""year"":2025,""month"":9,""searchVolume"":10},{""year"":2025,""month"":8,""searchVolume"":10}]"
kijiji vancouver rental 1 bedroom,2124,en,10,,,navigational,"[{""year"":2026,""month"":7,""searchVolume"":20},{""year"":2026,""month"":6,""searchVolume"":20},{""year"":2026,""month"":5,""searchVolume"":30},{""year"":2026,""month"":4,""searchVolume"":20},{""year"":2026,""month"":3,""searchVolume"":20},{""year"":2026,""month"":2,""searchVolume"":10},{""year"":2026,""month"":1,""searchVolume"":10},{""year"":2025,""month"":12,""searchVolume"":10},{""year"":2025,""month"":11,""searchVolume"":10},{""year"":2025,""month"":10,""searchVolume"":10},{""year"":2025,""month"":9,""searchVolume"":10},{""year"":2025,""month"":8,""searchVolume"":10}]"
burnaby townhouse for sale by owner,2124,en,10,13,2.37,transactional,"[{""year"":2026,""month"":6,""searchVolume"":10},{""year"":2026,""month"":5,""searchVolume"":10},{""year"":2026,""month"":4,""searchVolume"":10},{""year"":2026,""month"":3,""searchVolume"":10},{""year"":2026,""month"":2,""searchVolume"":10},{""year"":2026,""month"":1,""searchVolume"":10},{""year"":2025,""month"":12,""searchVolume"":10},{""year"":2025,""month"":11,""searchVolume"":10},{""year"":2025,""month"":10,""searchVolume"":10},{""year"":2025,""month"":9,""searchVolume"":10},{""year"":2025,""month"":8,""searchVolume"":30},{""year"":2025,""month"":7,""searchVolume"":30}]"
presale townhomes surrey langley,2124,en,10,10,,commercial,"[{""year"":2026,""month"":7,""searchVolume"":10},{""year"":2026,""month"":6,""searchVolume"":10},{""year"":2026,""month"":5,""searchVolume"":10},{""year"":2026,""month"":4,""searchVolume"":0},{""year"":2026,""month"":3,""searchVolume"":0},{""year"":2026,""month"":2,""searchVolume"":10},{""year"":2026,""month"":1,""searchVolume"":10},{""year"":2025,""month"":12,""searchVolume"":0},{""year"":2025,""month"":11,""searchVolume"":10},{""year"":2025,""month"":10,""searchVolume"":10},{""year"":2025,""month"":9,""searchVolume"":10},{""year"":2025,""month"":8,""searchVolume"":10}]"
rancher style townhomes for sale in surrey bc,2124,en,10,10,,commercial,"[{""year"":2026,""month"":7,""searchVolume"":0},{""year"":2026,""month"":6,""searchVolume"":0},{""year"":2026,""month"":5,""searchVolume"":10},{""year"":2026,""month"":4,""searchVolume"":10},{""year"":2026,""month"":3,""searchVolume"":10},{""year"":2026,""month"":2,""searchVolume"":0},{""year"":2026,""month"":1,""searchVolume"":10},{""year"":2025,""month"":12,""searchVolume"":0},{""year"":2025,""month"":11,""searchVolume"":10},{""year"":2025,""month"":10,""searchVolume"":10},{""year"":2025,""month"":9,""searchVolume"":10},{""year"":2025,""month"":8,""searchVolume"":10}]"
presale condos richmond bc,2124,en,10,20,4.0,commercial,"[{""year"":2026,""month"":7,""searchVolume"":10},{""year"":2026,""month"":6,""searchVolume"":10},{""year"":2026,""month"":5,""searchVolume"":10},{""year"":2026,""month"":4,""searchVolume"":10},{""year"":2026,""month"":3,""searchVolume"":20},{""year"":2026,""month"":2,""searchVolume"":10},{""year"":2026,""month"":1,""searchVolume"":20},{""year"":2025,""month"":12,""searchVolume"":10},{""year"":2025,""month"":11,""searchVolume"":10},{""year"":2025,""month"":10,""searchVolume"":20},{""year"":2025,""month"":9,""searchVolume"":10},{""year"":2025,""month"":8,""searchVolume"":10}]"
presale townhomes langley 2023,2124,en,10,,,transactional,"[{""year"":2026,""month"":7,""searchVolume"":0},{""year"":2026,""month"":6,""searchVolume"":0},{""year"":2026,""month"":5,""searchVolume"":10},{""year"":2026,""month"":4,""searchVolume"":0},{""year"":2026,""month"":3,""searchVolume"":10},{""year"":2026,""month"":2,""searchVolume"":0},{""year"":2026,""month"":1,""searchVolume"":0},{""year"":2025,""month"":12,""searchVolume"":0},{""year"":2025,""month"":11,""searchVolume"":10},{""year"":2025,""month"":10,""searchVolume"":0},{""year"":2025,""month"":9,""searchVolume"":10},{""year"":2025,""month"":8,""searchVolume"":10}]"
new developments in willoughby langley,2124,en,10,11,4.25,informational,"[{""year"":2026,""month"":6,""searchVolume"":20},{""year"":2026,""month"":5,""searchVolume"":10},{""year"":2026,""month"":4,""searchVolume"":20},{""year"":2026,""month"":3,""searchVolume"":30},{""year"":2026,""month"":2,""searchVolume"":20},{""year"":2026,""month"":1,""searchVolume"":10},{""year"":2025,""month"":12,""searchVolume"":20},{""year"":2025,""month"":11,""searchVolume"":10},{""year"":2025,""month"":10,""searchVolume"":10},{""year"":2025,""month"":9,""searchVolume"":10},{""year"":2025,""month"":8,""searchVolume"":10},{""year"":2025,""month"":7,""searchVolume"":10}]"
newbury townhomes langley,2124,en,10,,,navigational,"[{""year"":2026,""month"":6,""searchVolume"":10},{""year"":2026,""month"":5,""searchVolume"":10},{""year"":2026,""month"":4,""searchVolume"":10},{""year"":2026,""month"":3,""searchVolume"":10},{""year"":2026,""month"":2,""searchVolume"":10},{""year"":2026,""month"":1,""searchVolume"":10},{""year"":2025,""month"":12,""searchVolume"":10},{""year"":2025,""month"":11,""searchVolume"":10},{""year"":2025,""month"":10,""searchVolume"":10},{""year"":2025,""month"":9,""searchVolume"":10},{""year"":2025,""month"":8,""searchVolume"":10},{""year"":2025,""month"":7,""searchVolume"":10}]"
freehold townhouse vancouver,2124,en,10,37,,commercial,"[{""year"":2026,""month"":7,""searchVolume"":10},{""year"":2026,""month"":6,""searchVolume"":10},{""year"":2026,""month"":5,""searchVolume"":10},{""year"":2026,""month"":4,""searchVolume"":10},{""year"":2026,""month"":3,""searchVolume"":10},{""year"":2026,""month"":2,""searchVolume"":10},{""year"":2026,""month"":1,""searchVolume"":10},{""year"":2025,""month"":12,""searchVolume"":10},{""year"":2025,""month"":11,""searchVolume"":10},{""year"":2025,""month"":10,""searchVolume"":10},{""year"":2025,""month"":9,""searchVolume"":10},{""year"":2025,""month"":8,""searchVolume"":10}]"
north vancouver townhouse presale,2124,en,10,10,1.93,navigational,"[{""year"":2026,""month"":7,""searchVolume"":10},{""year"":2026,""month"":6,""searchVolume"":10},{""year"":2026,""month"":5,""searchVolume"":10},{""year"":2026,""month"":4,""searchVolume"":10},{""year"":2026,""month"":3,""searchVolume"":20},{""year"":2026,""month"":2,""searchVolume"":10},{""year"":2026,""month"":1,""searchVolume"":10},{""year"":2025,""month"":12,""searchVolume"":20},{""year"":2025,""month"":11,""searchVolume"":10},{""year"":2025,""month"":10,""searchVolume"":20},{""year"":2025,""month"":9,""searchVolume"":20},{""year"":2025,""month"":8,""searchVolume"":20}]"
presale townhomes langley 2022,2124,en,0,,,transactional,"[{""year"":2026,""month"":7,""searchVolume"":0},{""year"":2026,""month"":6,""searchVolume"":0},{""year"":2026,""month"":5,""searchVolume"":0},{""year"":2026,""month"":4,""searchVolume"":0},{""year"":2026,""month"":3,""searchVolume"":0},{""year"":2026,""month"":2,""searchVolume"":0},{""year"":2026,""month"":1,""searchVolume"":0},{""year"":2025,""month"":12,""searchVolume"":0},{""year"":2025,""month"":11,""searchVolume"":0},{""year"":2025,""month"":10,""searchVolume"":0},{""year"":2025,""month"":9,""searchVolume"":0},{""year"":2025,""month"":8,""searchVolume"":0}]"
townhouse vancouver downtown,2124,en,,,,navigational,"[{""year"":2026,""month"":5,""searchVolume"":0},{""year"":2026,""month"":4,""searchVolume"":0},{""year"":2026,""month"":3,""searchVolume"":0},{""year"":2026,""month"":2,""searchVolume"":0},{""year"":2026,""month"":1,""searchVolume"":0},{""year"":2025,""month"":12,""searchVolume"":0},{""year"":2025,""month"":11,""searchVolume"":0},{""year"":2025,""month"":10,""searchVolume"":0},{""year"":2025,""month"":9,""searchVolume"":0},{""year"":2025,""month"":8,""searchVolume"":0},{""year"":2025,""month"":7,""searchVolume"":0},{""year"":2025,""month"":6,""searchVolume"":0}]"
townhomes for rent east vancouver,2124,en,,,,commercial,"[{""year"":2026,""month"":5,""searchVolume"":0},{""year"":2026,""month"":4,""searchVolume"":0},{""year"":2026,""month"":3,""searchVolume"":0},{""year"":2026,""month"":2,""searchVolume"":0},{""year"":2026,""month"":1,""searchVolume"":0},{""year"":2025,""month"":12,""searchVolume"":0},{""year"":2025,""month"":11,""searchVolume"":0},{""year"":2025,""month"":10,""searchVolume"":0},{""year"":2025,""month"":9,""searchVolume"":0},{""year"":2025,""month"":8,""searchVolume"":0},{""year"":2025,""month"":7,""searchVolume"":0},{""year"":2025,""month"":6,""searchVolume"":0}]"
4 bedroom townhouse for sale vancouver,2124,en,,,,transactional,"[{""year"":2026,""month"":5,""searchVolume"":0},{""year"":2026,""month"":4,""searchVolume"":0},{""year"":2026,""month"":3,""searchVolume"":0},{""year"":2026,""month"":2,""searchVolume"":0},{""year"":2026,""month"":1,""searchVolume"":0},{""year"":2025,""month"":12,""searchVolume"":0},{""year"":2025,""month"":11,""searchVolume"":0},{""year"":2025,""month"":10,""searchVolume"":0},{""year"":2025,""month"":9,""searchVolume"":0},{""year"":2025,""month"":8,""searchVolume"":0},{""year"":2025,""month"":7,""searchVolume"":0},{""year"":2025,""month"":6,""searchVolume"":0}]"
vancouver west side duplex for sale,2124,en,,38,,transactional,"[{""year"":2026,""month"":5,""searchVolume"":0},{""year"":2026,""month"":4,""searchVolume"":0},{""year"":2026,""month"":3,""searchVolume"":0},{""year"":2026,""month"":2,""searchVolume"":0},{""year"":2026,""month"":1,""searchVolume"":0},{""year"":2025,""month"":12,""searchVolume"":0},{""year"":2025,""month"":11,""searchVolume"":0},{""year"":2025,""month"":10,""searchVolume"":0},{""year"":2025,""month"":9,""searchVolume"":0},{""year"":2025,""month"":8,""searchVolume"":0},{""year"":2025,""month"":7,""searchVolume"":0},{""year"":2025,""month"":6,""searchVolume"":0}]"
remax vancouver west side listings,2124,en,,,,commercial,"[{""year"":2026,""month"":5,""searchVolume"":0},{""year"":2026,""month"":4,""searchVolume"":0},{""year"":2026,""month"":3,""searchVolume"":0},{""year"":2026,""month"":2,""searchVolume"":0},{""year"":2026,""month"":1,""searchVolume"":0},{""year"":2025,""month"":12,""searchVolume"":0},{""year"":2025,""month"":11,""searchVolume"":0},{""year"":2025,""month"":10,""searchVolume"":0},{""year"":2025,""month"":9,""searchVolume"":0},{""year"":2025,""month"":8,""searchVolume"":0},{""year"":2025,""month"":7,""searchVolume"":0},{""year"":2025,""month"":6,""searchVolume"":0}]"
new townhouse on sale in west side vancouver,2124,en,,,,transactional,"[{""year"":2026,""month"":5,""searchVolume"":0},{""year"":2026,""month"":4,""searchVolume"":0},{""year"":2026,""month"":3,""searchVolume"":0},{""year"":2026,""month"":2,""searchVolume"":0},{""year"":2026,""month"":1,""searchVolume"":0},{""year"":2025,""month"":12,""searchVolume"":0},{""year"":2025,""month"":11,""searchVolume"":0},{""year"":2025,""month"":10,""searchVolume"":0},{""year"":2025,""month"":9,""searchVolume"":0},{""year"":2025,""month"":8,""searchVolume"":0},{""year"":2025,""month"":7,""searchVolume"":0},{""year"":2025,""month"":6,""searchVolume"":0}]"
duplex for rent east vancouver,2124,en,,,,transactional,"[{""year"":2026,""month"":5,""searchVolume"":0},{""year"":2026,""month"":4,""searchVolume"":0},{""year"":2026,""month"":3,""searchVolume"":0},{""year"":2026,""month"":2,""searchVolume"":0},{""year"":2026,""month"":1,""searchVolume"":0},{""year"":2025,""month"":12,""searchVolume"":0},{""year"":2025,""month"":11,""searchVolume"":0},{""year"":2025,""month"":10,""searchVolume"":0},{""year"":2025,""month"":9,""searchVolume"":0},{""year"":2025,""month"":8,""searchVolume"":0},{""year"":2025,""month"":7,""searchVolume"":0},{""year"":2025,""month"":6,""searchVolume"":0}]"
townhouse for sale burnaby heights,2124,en,,,,transactional,"[{""year"":2026,""month"":5,""searchVolume"":0},{""year"":2026,""month"":4,""searchVolume"":0},{""year"":2026,""month"":3,""searchVolume"":0},{""year"":2026,""month"":2,""searchVolume"":0},{""year"":2026,""month"":1,""searchVolume"":0},{""year"":2025,""month"":12,""searchVolume"":0},{""year"":2025,""month"":11,""searchVolume"":0},{""year"":2025,""month"":10,""searchVolume"":0},{""year"":2025,""month"":9,""searchVolume"":0},{""year"":2025,""month"":8,""searchVolume"":0},{""year"":2025,""month"":7,""searchVolume"":0},{""year"":2025,""month"":6,""searchVolume"":0}]"
presale townhomes surrey fleetwood,2124,en,,,,navigational,"[{""year"":2026,""month"":5,""searchVolume"":0},{""year"":2026,""month"":4,""searchVolume"":0},{""year"":2026,""month"":3,""searchVolume"":0},{""year"":2026,""month"":2,""searchVolume"":0},{""year"":2026,""month"":1,""searchVolume"":0},{""year"":2025,""month"":12,""searchVolume"":0},{""year"":2025,""month"":11,""searchVolume"":0},{""year"":2025,""month"":10,""searchVolume"":0},{""year"":2025,""month"":9,""searchVolume"":0},{""year"":2025,""month"":8,""searchVolume"":0},{""year"":2025,""month"":7,""searchVolume"":0},{""year"":2025,""month"":6,""searchVolume"":0}]"
presale condos vancouver reddit,2124,en,,,,commercial,"[{""year"":2026,""month"":5,""searchVolume"":0},{""year"":2026,""month"":4,""searchVolume"":0},{""year"":2026,""month"":3,""searchVolume"":0},{""year"":2026,""month"":2,""searchVolume"":0},{""year"":2026,""month"":1,""searchVolume"":0},{""year"":2025,""month"":12,""searchVolume"":0},{""year"":2025,""month"":11,""searchVolume"":0},{""year"":2025,""month"":10,""searchVolume"":0},{""year"":2025,""month"":9,""searchVolume"":0},{""year"":2025,""month"":8,""searchVolume"":0},{""year"":2025,""month"":7,""searchVolume"":0},{""year"":2025,""month"":6,""searchVolume"":0}]"
new townhomes for sale vancouver,2124,en,,,,commercial,"[{""year"":2026,""month"":5,""searchVolume"":0},{""year"":2026,""month"":4,""searchVolume"":0},{""year"":2026,""month"":3,""searchVolume"":0},{""year"":2026,""month"":2,""searchVolume"":0},{""year"":2026,""month"":1,""searchVolume"":0},{""year"":2025,""month"":12,""searchVolume"":0},{""year"":2025,""month"":11,""searchVolume"":0},{""year"":2025,""month"":10,""searchVolume"":0},{""year"":2025,""month"":9,""searchVolume"":0},{""year"":2025,""month"":8,""searchVolume"":0},{""year"":2025,""month"":7,""searchVolume"":0},{""year"":2025,""month"":6,""searchVolume"":0}]"
firstservice residential,2124,en,12100,28,,navigational,"[{""year"":2026,""month"":7,""searchVolume"":12100},{""year"":2026,""month"":6,""searchVolume"":12100},{""year"":2026,""month"":5,""searchVolume"":12100},{""year"":2026,""month"":4,""searchVolume"":14800},{""year"":2026,""month"":3,""searchVolume"":14800},{""year"":2026,""month"":2,""searchVolume"":12100},{""year"":2026,""month"":1,""searchVolume"":12100},{""year"":2025,""month"":12,""searchVolume"":12100},{""year"":2025,""month"":11,""searchVolume"":12100},{""year"":2025,""month"":10,""searchVolume"":12100},{""year"":2025,""month"":9,""searchVolume"":12100},{""year"":2025,""month"":8,""searchVolume"":12100}]"
paragon residential,2124,en,14800,8,,navigational,"[{""year"":2026,""month"":7,""searchVolume"":9900},{""year"":2026,""month"":6,""searchVolume"":12100},{""year"":2026,""month"":5,""searchVolume"":14800},{""year"":2026,""month"":4,""searchVolume"":14800},{""year"":2026,""month"":3,""searchVolume"":18100},{""year"":2026,""month"":2,""searchVolume"":18100},{""year"":2026,""month"":1,""searchVolume"":18100},{""year"":2025,""month"":12,""searchVolume"":12100},{""year"":2025,""month"":11,""searchVolume"":14800},{""year"":2025,""month"":10,""searchVolume"":18100},{""year"":2025,""month"":9,""searchVolume"":18100},{""year"":2025,""month"":8,""searchVolume"":18100}]"
brookfield residential,2124,en,4400,37,2.75,navigational,"[{""year"":2026,""month"":7,""searchVolume"":3600},{""year"":2026,""month"":6,""searchVolume"":4400},{""year"":2026,""month"":5,""searchVolume"":4400},{""year"":2026,""month"":4,""searchVolume"":4400},{""year"":2026,""month"":3,""searchVolume"":5400},{""year"":2026,""month"":2,""searchVolume"":4400},{""year"":2026,""month"":1,""searchVolume"":4400},{""year"":2025,""month"":12,""searchVolume"":3600},{""year"":2025,""month"":11,""searchVolume"":4400},{""year"":2025,""month"":10,""searchVolume"":4400},{""year"":2025,""month"":9,""searchVolume"":4400},{""year"":2025,""month"":8,""searchVolume"":4400}]"
mls paragon residential,2124,en,2400,0,1.2,navigational,"[{""year"":2026,""month"":6,""searchVolume"":2400},{""year"":2026,""month"":5,""searchVolume"":2400},{""year"":2026,""month"":4,""searchVolume"":2400},{""year"":2026,""month"":3,""searchVolume"":2900},{""year"":2026,""month"":2,""searchVolume"":2400},{""year"":2026,""month"":1,""searchVolume"":2400},{""year"":2025,""month"":12,""searchVolume"":1600},{""year"":2025,""month"":11,""searchVolume"":1900},{""year"":2025,""month"":10,""searchVolume"":2400},{""year"":2025,""month"":9,""searchVolume"":2400},{""year"":2025,""month"":8,""searchVolume"":2400},{""year"":2025,""month"":7,""searchVolume"":2400}]"
brookfield residential edmonton,2124,en,880,26,3.38,navigational,"[{""year"":2026,""month"":6,""searchVolume"":720},{""year"":2026,""month"":5,""searchVolume"":880},{""year"":2026,""month"":4,""searchVolume"":880},{""year"":2026,""month"":3,""searchVolume"":880},{""year"":2026,""month"":2,""searchVolume"":1000},{""year"":2026,""month"":1,""searchVolume"":880},{""year"":2025,""month"":12,""searchVolume"":720},{""year"":2025,""month"":11,""searchVolume"":720},{""year"":2025,""month"":10,""searchVolume"":1000},{""year"":2025,""month"":9,""searchVolume"":1000},{""year"":2025,""month"":8,""searchVolume"":880},{""year"":2025,""month"":7,""searchVolume"":1000}]"
one6 residential,2124,en,1000,0,,navigational,"[{""year"":2026,""month"":7,""searchVolume"":1000},{""year"":2026,""month"":6,""searchVolume"":1300},{""year"":2026,""month"":5,""searchVolume"":1300},{""year"":2026,""month"":4,""searchVolume"":1000},{""year"":2026,""month"":3,""searchVolume"":1300},{""year"":2026,""month"":2,""searchVolume"":880},{""year"":2026,""month"":1,""searchVolume"":880},{""year"":2025,""month"":12,""searchVolume"":880},{""year"":2025,""month"":11,""searchVolume"":880},{""year"":2025,""month"":10,""searchVolume"":1000},{""year"":2025,""month"":9,""searchVolume"":1000},{""year"":2025,""month"":8,""searchVolume"":1300}]"
brookfield residential calgary,2124,en,1300,22,,navigational,"[{""year"":2026,""month"":7,""searchVolume"":1300},{""year"":2026,""month"":6,""searchVolume"":1300},{""year"":2026,""month"":5,""searchVolume"":1300},{""year"":2026,""month"":4,""searchVolume"":1300},{""year"":2026,""month"":3,""searchVolume"":1300},{""year"":2026,""month"":2,""searchVolume"":1300},{""year"":2026,""month"":1,""searchVolume"":1600},{""year"":2025,""month"":12,""searchVolume"":1000},{""year"":2025,""month"":11,""searchVolume"":1300},{""year"":2025,""month"":10,""searchVolume"":1600},{""year"":2025,""month"":9,""searchVolume"":1300},{""year"":2025,""month"":8,""searchVolume"":1300}]"
southlake residential care village,2124,en,1600,0,5.39,navigational,"[{""year"":2026,""month"":7,""searchVolume"":1600},{""year"":2026,""month"":6,""searchVolume"":1900},{""year"":2026,""month"":5,""searchVolume"":1900},{""year"":2026,""month"":4,""searchVolume"":1600},{""year"":2026,""month"":3,""searchVolume"":1600},{""year"":2026,""month"":2,""searchVolume"":1300},{""year"":2026,""month"":1,""searchVolume"":1300},{""year"":2025,""month"":12,""searchVolume"":1300},{""year"":2025,""month"":11,""searchVolume"":1300},{""year"":2025,""month"":10,""searchVolume"":1300},{""year"":2025,""month"":9,""searchVolume"":1300},{""year"":2025,""month"":8,""searchVolume"":1600}]"
residential area,2124,en,480,8,,informational,"[{""year"":2026,""month"":7,""searchVolume"":320},{""year"":2026,""month"":6,""searchVolume"":480},{""year"":2026,""month"":5,""searchVolume"":480},{""year"":2026,""month"":4,""searchVolume"":720},{""year"":2026,""month"":3,""searchVolume"":880},{""year"":2026,""month"":2,""searchVolume"":480},{""year"":2026,""month"":1,""searchVolume"":590},{""year"":2025,""month"":12,""searchVolume"":480},{""year"":2025,""month"":11,""searchVolume"":480},{""year"":2025,""month"":10,""searchVolume"":480},{""year"":2025,""month"":9,""searchVolume"":480},{""year"":2025,""month"":8,""searchVolume"":390}]"
firstservice residential mississauga,2124,en,1300,8,1.94,navigational,"[{""year"":2026,""month"":6,""searchVolume"":1600},{""year"":2026,""month"":5,""searchVolume"":1300},{""year"":2026,""month"":4,""searchVolume"":1600},{""year"":2026,""month"":3,""searchVolume"":1600},{""year"":2026,""month"":2,""searchVolume"":1300},{""year"":2026,""month"":1,""searchVolume"":1000},{""year"":2025,""month"":12,""searchVolume"":880},{""year"":2025,""month"":11,""searchVolume"":1000},{""year"":2025,""month"":10,""searchVolume"":1300},{""year"":2025,""month"":9,""searchVolume"":1300},{""year"":2025,""month"":8,""searchVolume"":1000},{""year"":2025,""month"":7,""searchVolume"":1300}]"
firstservice residential toronto,2124,en,260,13,5.29,navigational,"[{""year"":2026,""month"":6,""searchVolume"":210},{""year"":2026,""month"":5,""searchVolume"":210},{""year"":2026,""month"":4,""searchVolume"":210},{""year"":2026,""month"":3,""searchVolume"":210},{""year"":2026,""month"":2,""searchVolume"":170},{""year"":2026,""month"":1,""searchVolume"":170},{""year"":2025,""month"":12,""searchVolume"":210},{""year"":2025,""month"":11,""searchVolume"":260},{""year"":2025,""month"":10,""searchVolume"":260},{""year"":2025,""month"":9,""searchVolume"":320},{""year"":2025,""month"":8,""searchVolume"":390},{""year"":2025,""month"":7,""searchVolume"":480}]"
multifamily homes,2124,en,110,0,,commercial,"[{""year"":2026,""month"":7,""searchVolume"":110},{""year"":2026,""month"":6,""searchVolume"":140},{""year"":2026,""month"":5,""searchVolume"":140},{""year"":2026,""month"":4,""searchVolume"":260},{""year"":2026,""month"":3,""searchVolume"":110},{""year"":2026,""month"":2,""searchVolume"":90},{""year"":2026,""month"":1,""searchVolume"":90},{""year"":2025,""month"":12,""searchVolume"":70},{""year"":2025,""month"":11,""searchVolume"":70},{""year"":2025,""month"":10,""searchVolume"":90},{""year"":2025,""month"":9,""searchVolume"":50},{""year"":2025,""month"":8,""searchVolume"":70}]"
macdonald estates-residential,2124,en,1000,0,0.62,navigational,"[{""year"":2026,""month"":7,""searchVolume"":1300},{""year"":2026,""month"":6,""searchVolume"":1300},{""year"":2026,""month"":5,""searchVolume"":1300},{""year"":2026,""month"":4,""searchVolume"":1000},{""year"":2026,""month"":3,""searchVolume"":1000},{""year"":2026,""month"":2,""searchVolume"":880},{""year"":2026,""month"":1,""searchVolume"":1000},{""year"":2025,""month"":12,""searchVolume"":1000},{""year"":2025,""month"":11,""searchVolume"":1000},{""year"":2025,""month"":10,""searchVolume"":1000},{""year"":2025,""month"":9,""searchVolume"":1000},{""year"":2025,""month"":8,""searchVolume"":1000}]"
vancouver residential areas,2124,en,30,42,,informational,"[{""year"":2026,""month"":7,""searchVolume"":30},{""year"":2026,""month"":6,""searchVolume"":40},{""year"":2026,""month"":5,""searchVolume"":40},{""year"":2026,""month"":4,""searchVolume"":30},{""year"":2026,""month"":3,""searchVolume"":20},{""year"":2026,""month"":2,""searchVolume"":30},{""year"":2026,""month"":1,""searchVolume"":40},{""year"":2025,""month"":12,""searchVolume"":20},{""year"":2025,""month"":11,""searchVolume"":30},{""year"":2025,""month"":10,""searchVolume"":30},{""year"":2025,""month"":9,""searchVolume"":30},{""year"":2025,""month"":8,""searchVolume"":30}]"
macdonald estates residential reviews,2124,en,50,,,informational,"[{""year"":2026,""month"":7,""searchVolume"":40},{""year"":2026,""month"":6,""searchVolume"":40},{""year"":2026,""month"":5,""searchVolume"":40},{""year"":2026,""month"":4,""searchVolume"":40},{""year"":2026,""month"":3,""searchVolume"":30},{""year"":2026,""month"":2,""searchVolume"":40},{""year"":2026,""month"":1,""searchVolume"":50},{""year"":2025,""month"":12,""searchVolume"":70},{""year"":2025,""month"":11,""searchVolume"":50},{""year"":2025,""month"":10,""searchVolume"":40},{""year"":2025,""month"":9,""searchVolume"":30},{""year"":2025,""month"":8,""searchVolume"":40}]"
monash residential services,2124,en,10,,,navigational,"[{""year"":2026,""month"":6,""searchVolume"":0},{""year"":2026,""month"":5,""searchVolume"":0},{""year"":2026,""month"":4,""searchVolume"":0},{""year"":2026,""month"":3,""searchVolume"":10},{""year"":2026,""month"":2,""searchVolume"":10},{""year"":2026,""month"":1,""searchVolume"":10},{""year"":2025,""month"":12,""searchVolume"":10},{""year"":2025,""month"":11,""searchVolume"":20},{""year"":2025,""month"":10,""searchVolume"":10},{""year"":2025,""month"":9,""searchVolume"":10},{""year"":2025,""month"":8,""searchVolume"":10},{""year"":2025,""month"":7,""searchVolume"":10}]"
residential neighborhood,2124,en,140,0,,informational,"[{""year"":2026,""month"":7,""searchVolume"":90},{""year"":2026,""month"":6,""searchVolume"":140},{""year"":2026,""month"":5,""searchVolume"":140},{""year"":2026,""month"":4,""searchVolume"":140},{""year"":2026,""month"":3,""searchVolume"":720},{""year"":2026,""month"":2,""searchVolume"":90},{""year"":2026,""month"":1,""searchVolume"":110},{""year"":2025,""month"":12,""searchVolume"":70},{""year"":2025,""month"":11,""searchVolume"":140},{""year"":2025,""month"":10,""searchVolume"":90},{""year"":2025,""month"":9,""searchVolume"":70},{""year"":2025,""month"":8,""searchVolume"":50}]"
additional residential units,2124,en,110,7,3.35,commercial,"[{""year"":2026,""month"":7,""searchVolume"":70},{""year"":2026,""month"":6,""searchVolume"":90},{""year"":2026,""month"":5,""searchVolume"":110},{""year"":2026,""month"":4,""searchVolume"":110},{""year"":2026,""month"":3,""searchVolume"":140},{""year"":2026,""month"":2,""searchVolume"":90},{""year"":2026,""month"":1,""searchVolume"":140},{""year"":2025,""month"":12,""searchVolume"":110},{""year"":2025,""month"":11,""searchVolume"":110},{""year"":2025,""month"":10,""searchVolume"":110},{""year"":2025,""month"":9,""searchVolume"":140},{""year"":2025,""month"":8,""searchVolume"":90}]"
multifamily properties,2124,en,50,7,,commercial,"[{""year"":2026,""month"":6,""searchVolume"":40},{""year"":2026,""month"":5,""searchVolume"":30},{""year"":2026,""month"":4,""searchVolume"":70},{""year"":2026,""month"":3,""searchVolume"":70},{""year"":2026,""month"":2,""searchVolume"":40},{""year"":2026,""month"":1,""searchVolume"":40},{""year"":2025,""month"":12,""searchVolume"":40},{""year"":2025,""month"":11,""searchVolume"":40},{""year"":2025,""month"":10,""searchVolume"":30},{""year"":2025,""month"":9,""searchVolume"":40},{""year"":2025,""month"":8,""searchVolume"":30},{""year"":2025,""month"":7,""searchVolume"":30}]"
multifamily leads,2124,en,10,,,navigational,"[{""year"":2026,""month"":7,""searchVolume"":0},{""year"":2026,""month"":6,""searchVolume"":10},{""year"":2026,""month"":5,""searchVolume"":0},{""year"":2026,""month"":4,""searchVolume"":0},{""year"":2026,""month"":3,""searchVolume"":0},{""year"":2026,""month"":2,""searchVolume"":10},{""year"":2026,""month"":1,""searchVolume"":0},{""year"":2025,""month"":12,""searchVolume"":0},{""year"":2025,""month"":11,""searchVolume"":0},{""year"":2025,""month"":10,""searchVolume"":0},{""year"":2025,""month"":9,""searchVolume"":0},{""year"":2025,""month"":8,""searchVolume"":10}]"
middleby residential,2124,en,70,6,,navigational,"[{""year"":2026,""month"":6,""searchVolume"":70},{""year"":2026,""month"":5,""searchVolume"":70},{""year"":2026,""month"":4,""searchVolume"":70},{""year"":2026,""month"":3,""searchVolume"":70},{""year"":2026,""month"":2,""searchVolume"":40},{""year"":2026,""month"":1,""searchVolume"":50},{""year"":2025,""month"":12,""searchVolume"":90},{""year"":2025,""month"":11,""searchVolume"":50},{""year"":2025,""month"":10,""searchVolume"":50},{""year"":2025,""month"":9,""searchVolume"":50},{""year"":2025,""month"":8,""searchVolume"":70},{""year"":2025,""month"":7,""searchVolume"":70}]"
multifamily winnipeg,2124,en,,,,navigational,"[{""year"":2026,""month"":5,""searchVolume"":0},{""year"":2026,""month"":4,""searchVolume"":0},{""year"":2026,""month"":3,""searchVolume"":0},{""year"":2026,""month"":2,""searchVolume"":0},{""year"":2026,""month"":1,""searchVolume"":0},{""year"":2025,""month"":12,""searchVolume"":0},{""year"":2025,""month"":11,""searchVolume"":0},{""year"":2025,""month"":10,""searchVolume"":0},{""year"":2025,""month"":9,""searchVolume"":0},{""year"":2025,""month"":8,""searchVolume"":0},{""year"":2025,""month"":7,""searchVolume"":0},{""year"":2025,""month"":6,""searchVolume"":0}]"
residential towers,2124,en,50,3,,informational,"[{""year"":2026,""month"":7,""searchVolume"":30},{""year"":2026,""month"":6,""searchVolume"":20},{""year"":2026,""month"":5,""searchVolume"":40},{""year"":2026,""month"":4,""searchVolume"":70},{""year"":2026,""month"":3,""searchVolume"":110},{""year"":2026,""month"":2,""searchVolume"":40},{""year"":2026,""month"":1,""searchVolume"":50},{""year"":2025,""month"":12,""searchVolume"":30},{""year"":2025,""month"":11,""searchVolume"":70},{""year"":2025,""month"":10,""searchVolume"":40},{""year"":2025,""month"":9,""searchVolume"":90},{""year"":2025,""month"":8,""searchVolume"":50}]"
firstservice residential edmonton,2124,en,320,0,9.82,navigational,"[{""year"":2026,""month"":6,""searchVolume"":320},{""year"":2026,""month"":5,""searchVolume"":210},{""year"":2026,""month"":4,""searchVolume"":260},{""year"":2026,""month"":3,""searchVolume"":320},{""year"":2026,""month"":2,""searchVolume"":260},{""year"":2026,""month"":1,""searchVolume"":260},{""year"":2025,""month"":12,""searchVolume"":320},{""year"":2025,""month"":11,""searchVolume"":390},{""year"":2025,""month"":10,""searchVolume"":320},{""year"":2025,""month"":9,""searchVolume"":260},{""year"":2025,""month"":8,""searchVolume"":480},{""year"":2025,""month"":7,""searchVolume"":320}]"
residential district,2124,en,20,47,0.33,informational,"[{""year"":2026,""month"":6,""searchVolume"":20},{""year"":2026,""month"":5,""searchVolume"":30},{""year"":2026,""month"":4,""searchVolume"":20},{""year"":2026,""month"":3,""searchVolume"":10},{""year"":2026,""month"":2,""searchVolume"":10},{""year"":2026,""month"":1,""searchVolume"":10},{""year"":2025,""month"":12,""searchVolume"":20},{""year"":2025,""month"":11,""searchVolume"":20},{""year"":2025,""month"":10,""searchVolume"":20},{""year"":2025,""month"":9,""searchVolume"":20},{""year"":2025,""month"":8,""searchVolume"":30},{""year"":2025,""month"":7,""searchVolume"":20}]"
brookfield residential ontario,2124,en,110,18,,navigational,"[{""year"":2026,""month"":7,""searchVolume"":110},{""year"":2026,""month"":6,""searchVolume"":110},{""year"":2026,""month"":5,""searchVolume"":140},{""year"":2026,""month"":4,""searchVolume"":110},{""year"":2026,""month"":3,""searchVolume"":110},{""year"":2026,""month"":2,""searchVolume"":70},{""year"":2026,""month"":1,""searchVolume"":70},{""year"":2025,""month"":12,""searchVolume"":70},{""year"":2025,""month"":11,""searchVolume"":90},{""year"":2025,""month"":10,""searchVolume"":110},{""year"":2025,""month"":9,""searchVolume"":90},{""year"":2025,""month"":8,""searchVolume"":140}]"
wynn residential,2124,en,10,,,navigational,"[{""year"":2026,""month"":7,""searchVolume"":10},{""year"":2026,""month"":6,""searchVolume"":10},{""year"":2026,""month"":5,""searchVolume"":10},{""year"":2026,""month"":4,""searchVolume"":10},{""year"":2026,""month"":3,""searchVolume"":0},{""year"":2026,""month"":2,""searchVolume"":10},{""year"":2026,""month"":1,""searchVolume"":10},{""year"":2025,""month"":12,""searchVolume"":10},{""year"":2025,""month"":11,""searchVolume"":0},{""year"":2025,""month"":10,""searchVolume"":10},{""year"":2025,""month"":9,""searchVolume"":10},{""year"":2025,""month"":8,""searchVolume"":10}]"
westport residential,2124,en,10,,,navigational,"[{""year"":2026,""month"":7,""searchVolume"":10},{""year"":2026,""month"":6,""searchVolume"":10},{""year"":2026,""month"":5,""searchVolume"":10},{""year"":2026,""month"":4,""searchVolume"":10},{""year"":2026,""month"":3,""searchVolume"":10},{""year"":2026,""month"":2,""searchVolume"":0},{""year"":2026,""month"":1,""searchVolume"":10},{""year"":2025,""month"":12,""searchVolume"":10},{""year"":2025,""month"":11,""searchVolume"":10},{""year"":2025,""month"":10,""searchVolume"":0},{""year"":2025,""month"":9,""searchVolume"":10},{""year"":2025,""month"":8,""searchVolume"":10}]"
residential heights,2124,en,170,0,,informational,"[{""year"":2026,""month"":7,""searchVolume"":210},{""year"":2026,""month"":6,""searchVolume"":210},{""year"":2026,""month"":5,""searchVolume"":170},{""year"":2026,""month"":4,""searchVolume"":140},{""year"":2026,""month"":3,""searchVolume"":110},{""year"":2026,""month"":2,""searchVolume"":210},{""year"":2026,""month"":1,""searchVolume"":50},{""year"":2025,""month"":12,""searchVolume"":70},{""year"":2025,""month"":11,""searchVolume"":210},{""year"":2025,""month"":10,""searchVolume"":260},{""year"":2025,""month"":9,""searchVolume"":210},{""year"":2025,""month"":8,""searchVolume"":260}]"
mls residential,2124,en,140,61,0.19,navigational,"[{""year"":2026,""month"":7,""searchVolume"":70},{""year"":2026,""month"":6,""searchVolume"":90},{""year"":2026,""month"":5,""searchVolume"":90},{""year"":2026,""month"":4,""searchVolume"":90},{""year"":2026,""month"":3,""searchVolume"":170},{""year"":2026,""month"":2,""searchVolume"":170},{""year"":2026,""month"":1,""searchVolume"":170},{""year"":2025,""month"":12,""searchVolume"":110},{""year"":2025,""month"":11,""searchVolume"":140},{""year"":2025,""month"":10,""searchVolume"":140},{""year"":2025,""month"":9,""searchVolume"":140},{""year"":2025,""month"":8,""searchVolume"":140}]"
northview residential,2124,en,90,3,0.85,navigational,"[{""year"":2026,""month"":7,""searchVolume"":110},{""year"":2026,""month"":6,""searchVolume"":140},{""year"":2026,""month"":5,""searchVolume"":110},{""year"":2026,""month"":4,""searchVolume"":110},{""year"":2026,""month"":3,""searchVolume"":90},{""year"":2026,""month"":2,""searchVolume"":70},{""year"":2026,""month"":1,""searchVolume"":70},{""year"":2025,""month"":12,""searchVolume"":50},{""year"":2025,""month"":11,""searchVolume"":70},{""year"":2025,""month"":10,""searchVolume"":50},{""year"":2025,""month"":9,""searchVolume"":50},{""year"":2025,""month"":8,""searchVolume"":50}]"
mixed use residential,2124,en,50,12,,informational,"[{""year"":2026,""month"":7,""searchVolume"":40},{""year"":2026,""month"":6,""searchVolume"":40},{""year"":2026,""month"":5,""searchVolume"":50},{""year"":2026,""month"":4,""searchVolume"":40},{""year"":2026,""month"":3,""searchVolume"":50},{""year"":2026,""month"":2,""searchVolume"":40},{""year"":2026,""month"":1,""searchVolume"":40},{""year"":2025,""month"":12,""searchVolume"":40},{""year"":2025,""month"":11,""searchVolume"":50},{""year"":2025,""month"":10,""searchVolume"":90},{""year"":2025,""month"":9,""searchVolume"":50},{""year"":2025,""month"":8,""searchVolume"":30}]"
are apartments multifamily,2124,en,10,,,informational,"[{""year"":2026,""month"":7,""searchVolume"":0},{""year"":2026,""month"":6,""searchVolume"":0},{""year"":2026,""month"":5,""searchVolume"":10},{""year"":2026,""month"":4,""searchVolume"":10},{""year"":2026,""month"":3,""searchVolume"":10},{""year"":2026,""month"":2,""searchVolume"":0},{""year"":2026,""month"":1,""searchVolume"":10},{""year"":2025,""month"":12,""searchVolume"":10},{""year"":2025,""month"":11,""searchVolume"":10},{""year"":2025,""month"":10,""searchVolume"":10},{""year"":2025,""month"":9,""searchVolume"":0},{""year"":2025,""month"":8,""searchVolume"":0}]"
residential elevators bc,2124,en,10,39,3.68,commercial,"[{""year"":2026,""month"":7,""searchVolume"":10},{""year"":2026,""month"":6,""searchVolume"":10},{""year"":2026,""month"":5,""searchVolume"":10},{""year"":2026,""month"":4,""searchVolume"":10},{""year"":2026,""month"":3,""searchVolume"":10},{""year"":2026,""month"":2,""searchVolume"":20},{""year"":2026,""month"":1,""searchVolume"":10},{""year"":2025,""month"":12,""searchVolume"":10},{""year"":2025,""month"":11,""searchVolume"":10},{""year"":2025,""month"":10,""searchVolume"":10},{""year"":2025,""month"":9,""searchVolume"":10},{""year"":2025,""month"":8,""searchVolume"":10}]"
residential elevators vancouver,2124,en,50,0,8.7,commercial,"[{""year"":2026,""month"":7,""searchVolume"":40},{""year"":2026,""month"":6,""searchVolume"":20},{""year"":2026,""month"":5,""searchVolume"":30},{""year"":2026,""month"":4,""searchVolume"":50},{""year"":2026,""month"":3,""searchVolume"":40},{""year"":2026,""month"":2,""searchVolume"":30},{""year"":2026,""month"":1,""searchVolume"":40},{""year"":2025,""month"":12,""searchVolume"":40},{""year"":2025,""month"":11,""searchVolume"":20},{""year"":2025,""month"":10,""searchVolume"":70},{""year"":2025,""month"":9,""searchVolume"":210},{""year"":2025,""month"":8,""searchVolume"":20}]"
residential elevator vancouver,2124,en,50,0,6.35,navigational,"[{""year"":2026,""month"":6,""searchVolume"":20},{""year"":2026,""month"":5,""searchVolume"":30},{""year"":2026,""month"":4,""searchVolume"":50},{""year"":2026,""month"":3,""searchVolume"":40},{""year"":2026,""month"":2,""searchVolume"":30},{""year"":2026,""month"":1,""searchVolume"":40},{""year"":2025,""month"":12,""searchVolume"":40},{""year"":2025,""month"":11,""searchVolume"":20},{""year"":2025,""month"":10,""searchVolume"":70},{""year"":2025,""month"":9,""searchVolume"":210},{""year"":2025,""month"":8,""searchVolume"":20},{""year"":2025,""month"":7,""searchVolume"":50}]"
top multifamily owners,2124,en,10,,,informational,"[{""year"":2026,""month"":6,""searchVolume"":0},{""year"":2026,""month"":5,""searchVolume"":0},{""year"":2026,""month"":4,""searchVolume"":0},{""year"":2026,""month"":3,""searchVolume"":10},{""year"":2026,""month"":2,""searchVolume"":10},{""year"":2026,""month"":1,""searchVolume"":0},{""year"":2025,""month"":12,""searchVolume"":10},{""year"":2025,""month"":11,""searchVolume"":0},{""year"":2025,""month"":10,""searchVolume"":10},{""year"":2025,""month"":9,""searchVolume"":10},{""year"":2025,""month"":8,""searchVolume"":10},{""year"":2025,""month"":7,""searchVolume"":0}]"
bairn croft residential services inc ottawa,2124,en,590,0,,navigational,"[{""year"":2026,""month"":6,""searchVolume"":720},{""year"":2026,""month"":5,""searchVolume"":720},{""year"":2026,""month"":4,""searchVolume"":720},{""year"":2026,""month"":3,""searchVolume"":590},{""year"":2026,""month"":2,""searchVolume"":720},{""year"":2026,""month"":1,""searchVolume"":880},{""year"":2025,""month"":12,""searchVolume"":720},{""year"":2025,""month"":11,""searchVolume"":590},{""year"":2025,""month"":10,""searchVolume"":590},{""year"":2025,""month"":9,""searchVolume"":480},{""year"":2025,""month"":8,""searchVolume"":390},{""year"":2025,""month"":7,""searchVolume"":590}]"
bc residential tenancy,2124,en,110,7,1.75,informational,"[{""year"":2026,""month"":7,""searchVolume"":110},{""year"":2026,""month"":6,""searchVolume"":70},{""year"":2026,""month"":5,""searchVolume"":140},{""year"":2026,""month"":4,""searchVolume"":90},{""year"":2026,""month"":3,""searchVolume"":140},{""year"":2026,""month"":2,""searchVolume"":140},{""year"":2026,""month"":1,""searchVolume"":90},{""year"":2025,""month"":12,""searchVolume"":90},{""year"":2025,""month"":11,""searchVolume"":70},{""year"":2025,""month"":10,""searchVolume"":110},{""year"":2025,""month"":9,""searchVolume"":110},{""year"":2025,""month"":8,""searchVolume"":140}]"
multifamily residential properties,2124,en,10,,,commercial,"[{""year"":2026,""month"":7,""searchVolume"":0},{""year"":2026,""month"":6,""searchVolume"":0},{""year"":2026,""month"":5,""searchVolume"":10},{""year"":2026,""month"":4,""searchVolume"":0},{""year"":2026,""month"":3,""searchVolume"":10},{""year"":2026,""month"":2,""searchVolume"":10},{""year"":2026,""month"":1,""searchVolume"":0},{""year"":2025,""month"":12,""searchVolume"":10},{""year"":2025,""month"":11,""searchVolume"":10},{""year"":2025,""month"":10,""searchVolume"":0},{""year"":2025,""month"":9,""searchVolume"":10},{""year"":2025,""month"":8,""searchVolume"":10}]"
office residential tenancies saskatchewan,2124,en,20,0,,navigational,"[{""year"":2026,""month"":7,""searchVolume"":10},{""year"":2026,""month"":6,""searchVolume"":20},{""year"":2026,""month"":5,""searchVolume"":10},{""year"":2026,""month"":4,""searchVolume"":20},{""year"":2026,""month"":3,""searchVolume"":20},{""year"":2026,""month"":2,""searchVolume"":20},{""year"":2026,""month"":1,""searchVolume"":30},{""year"":2025,""month"":12,""searchVolume"":20},{""year"":2025,""month"":11,""searchVolume"":20},{""year"":2025,""month"":10,""searchVolume"":20},{""year"":2025,""month"":9,""searchVolume"":20},{""year"":2025,""month"":8,""searchVolume"":10}]"
residential mobility,2124,en,20,13,,informational,"[{""year"":2026,""month"":7,""searchVolume"":10},{""year"":2026,""month"":6,""searchVolume"":10},{""year"":2026,""month"":5,""searchVolume"":10},{""year"":2026,""month"":4,""searchVolume"":40},{""year"":2026,""month"":3,""searchVolume"":30},{""year"":2026,""month"":2,""searchVolume"":40},{""year"":2026,""month"":1,""searchVolume"":20},{""year"":2025,""month"":12,""searchVolume"":40},{""year"":2025,""month"":11,""searchVolume"":40},{""year"":2025,""month"":10,""searchVolume"":40},{""year"":2025,""month"":9,""searchVolume"":20},{""year"":2025,""month"":8,""searchVolume"":10}]"
residential density,2124,en,40,20,,informational,"[{""year"":2026,""month"":7,""searchVolume"":10},{""year"":2026,""month"":6,""searchVolume"":90},{""year"":2026,""month"":5,""searchVolume"":50},{""year"":2026,""month"":4,""searchVolume"":20},{""year"":2026,""month"":3,""searchVolume"":20},{""year"":2026,""month"":2,""searchVolume"":10},{""year"":2026,""month"":1,""searchVolume"":140},{""year"":2025,""month"":12,""searchVolume"":40},{""year"":2025,""month"":11,""searchVolume"":40},{""year"":2025,""month"":10,""searchVolume"":20},{""year"":2025,""month"":9,""searchVolume"":10},{""year"":2025,""month"":8,""searchVolume"":10}]"
residential zones,2124,en,40,0,,informational,"[{""year"":2026,""month"":7,""searchVolume"":20},{""year"":2026,""month"":6,""searchVolume"":30},{""year"":2026,""month"":5,""searchVolume"":40},{""year"":2026,""month"":4,""searchVolume"":40},{""year"":2026,""month"":3,""searchVolume"":40},{""year"":2026,""month"":2,""searchVolume"":30},{""year"":2026,""month"":1,""searchVolume"":50},{""year"":2025,""month"":12,""searchVolume"":40},{""year"":2025,""month"":11,""searchVolume"":40},{""year"":2025,""month"":10,""searchVolume"":20},{""year"":2025,""month"":9,""searchVolume"":20},{""year"":2025,""month"":8,""searchVolume"":50}]"
residential apartments,2124,en,210,24,,commercial,"[{""year"":2026,""month"":7,""searchVolume"":140},{""year"":2026,""month"":6,""searchVolume"":170},{""year"":2026,""month"":5,""searchVolume"":170},{""year"":2026,""month"":4,""searchVolume"":320},{""year"":2026,""month"":3,""searchVolume"":480},{""year"":2026,""month"":2,""searchVolume"":210},{""year"":2026,""month"":1,""searchVolume"":140},{""year"":2025,""month"":12,""searchVolume"":110},{""year"":2025,""month"":11,""searchVolume"":110},{""year"":2025,""month"":10,""searchVolume"":140},{""year"":2025,""month"":9,""searchVolume"":140},{""year"":2025,""month"":8,""searchVolume"":170}]"
columbia residential,2124,en,50,67,,navigational,"[{""year"":2026,""month"":7,""searchVolume"":50},{""year"":2026,""month"":6,""searchVolume"":70},{""year"":2026,""month"":5,""searchVolume"":110},{""year"":2026,""month"":4,""searchVolume"":70},{""year"":2026,""month"":3,""searchVolume"":70},{""year"":2026,""month"":2,""searchVolume"":40},{""year"":2026,""month"":1,""searchVolume"":30},{""year"":2025,""month"":12,""searchVolume"":20},{""year"":2025,""month"":11,""searchVolume"":30},{""year"":2025,""month"":10,""searchVolume"":20},{""year"":2025,""month"":9,""searchVolume"":20},{""year"":2025,""month"":8,""searchVolume"":50}]"
white pages toronto residential,2124,en,170,6,,navigational,"[{""year"":2026,""month"":6,""searchVolume"":140},{""year"":2026,""month"":5,""searchVolume"":170},{""year"":2026,""month"":4,""searchVolume"":140},{""year"":2026,""month"":3,""searchVolume"":170},{""year"":2026,""month"":2,""searchVolume"":170},{""year"":2026,""month"":1,""searchVolume"":210},{""year"":2025,""month"":12,""searchVolume"":210},{""year"":2025,""month"":11,""searchVolume"":210},{""year"":2025,""month"":10,""searchVolume"":170},{""year"":2025,""month"":9,""searchVolume"":140},{""year"":2025,""month"":8,""searchVolume"":140},{""year"":2025,""month"":7,""searchVolume"":90}]"
hopewell residential head office,2124,en,,,,navigational,"[{""year"":2026,""month"":5,""searchVolume"":0},{""year"":2026,""month"":4,""searchVolume"":0},{""year"":2026,""month"":3,""searchVolume"":0},{""year"":2026,""month"":2,""searchVolume"":0},{""year"":2026,""month"":1,""searchVolume"":0},{""year"":2025,""month"":12,""searchVolume"":0},{""year"":2025,""month"":11,""searchVolume"":0},{""year"":2025,""month"":10,""searchVolume"":0},{""year"":2025,""month"":9,""searchVolume"":0},{""year"":2025,""month"":8,""searchVolume"":0},{""year"":2025,""month"":7,""searchVolume"":0},{""year"":2025,""month"":6,""searchVolume"":0}]"
herbert residential,2124,en,10,0,,navigational,"[{""year"":2026,""month"":7,""searchVolume"":10},{""year"":2026,""month"":6,""searchVolume"":0},{""year"":2026,""month"":5,""searchVolume"":0},{""year"":2026,""month"":4,""searchVolume"":10},{""year"":2026,""month"":3,""searchVolume"":0},{""year"":2026,""month"":2,""searchVolume"":0},{""year"":2026,""month"":1,""searchVolume"":10},{""year"":2025,""month"":12,""searchVolume"":0},{""year"":2025,""month"":11,""searchVolume"":10},{""year"":2025,""month"":10,""searchVolume"":0},{""year"":2025,""month"":9,""searchVolume"":10},{""year"":2025,""month"":8,""searchVolume"":10}]"
